{
  "locations": [
    {"city": "New York", "state": "New York", "state_abbr": "NY", "postcode_prefix": "100"},
    {"city": "Brooklyn", "state": "New York", "state_abbr": "NY", "postcode_prefix": "112"},
    {"city": "Buffalo", "state": "New York", "state_abbr": "NY", "postcode_prefix": "142"},
    {"city": "Albany", "state": "New York", "state_abbr": "NY", "postcode_prefix": "122"},
    {"city": "Rochester", "state": "New York", "state_abbr": "NY", "postcode_prefix": "146"},
    {"city": "Syracuse", "state": "New York", "state_abbr": "NY", "postcode_prefix": "132"},
    {"city": "Yonkers", "state": "New York", "state_abbr": "NY", "postcode_prefix": "107"},
    {"city": "Los Angeles", "state": "California", "state_abbr": "CA", "postcode_prefix": "900"},
    {"city": "San Francisco", "state": "California", "state_abbr": "CA", "postcode_prefix": "941"},
    {"city": "San Diego", "state": "California", "state_abbr": "CA", "postcode_prefix": "921"},
    {"city": "San Jose", "state": "California", "state_abbr": "CA", "postcode_prefix": "951"},
    {"city": "Sacramento", "state": "California", "state_abbr": "CA", "postcode_prefix": "958"},
    {"city": "Oakland", "state": "California", "state_abbr": "CA", "postcode_prefix": "946"},
    {"city": "Fresno", "state": "California", "state_abbr": "CA", "postcode_prefix": "937"},
    {"city": "Long Beach", "state": "California", "state_abbr": "CA", "postcode_prefix": "908"},
    {"city": "Anaheim", "state": "California", "state_abbr": "CA", "postcode_prefix": "928"},
    {"city": "Irvine", "state": "California", "state_abbr": "CA", "postcode_prefix": "926"},
    {"city": "Bakersfield", "state": "California", "state_abbr": "CA", "postcode_prefix": "933"},
    {"city": "Riverside", "state": "California", "state_abbr": "CA", "postcode_prefix": "925"},
    {"city": "Stockton", "state": "California", "state_abbr": "CA", "postcode_prefix": "952"},
    {"city": "Fremont", "state": "California", "state_abbr": "CA", "postcode_prefix": "945"},
    {"city": "Santa Ana", "state": "California", "state_abbr": "CA", "postcode_prefix": "927"},
    {"city": "Modesto", "state": "California", "state_abbr": "CA", "postcode_prefix": "953"},
    {"city": "Fontana", "state": "California", "state_abbr": "CA", "postcode_prefix": "923"},
    {"city": "Santa Clarita", "state": "California", "state_abbr": "CA", "postcode_prefix": "913"},
    {"city": "San Bernardino", "state": "California", "state_abbr": "CA", "postcode_prefix": "924"},
    {"city": "Chicago", "state": "Illinois", "state_abbr": "IL", "postcode_prefix": "606"},
    {"city": "Aurora", "state": "Illinois", "state_abbr": "IL", "postcode_prefix": "605"},
    {"city": "Naperville", "state": "Illinois", "state_abbr": "IL", "postcode_prefix": "605"},
    {"city": "Rockford", "state": "Illinois", "state_abbr": "IL", "postcode_prefix": "611"},
    {"city": "Joliet", "state": "Illinois", "state_abbr": "IL", "postcode_prefix": "604"},
    {"city": "Springfield", "state": "Illinois", "state_abbr": "IL", "postcode_prefix": "627"},
    {"city": "Peoria", "state": "Illinois", "state_abbr": "IL", "postcode_prefix": "616"},
    {"city": "Houston", "state": "Texas", "state_abbr": "TX", "postcode_prefix": "770"},
    {"city": "Dallas", "state": "Texas", "state_abbr": "TX", "postcode_prefix": "752"},
    {"city": "San Antonio", "state": "Texas", "state_abbr": "TX", "postcode_prefix": "782"},
    {"city": "Austin", "state": "Texas", "state_abbr": "TX", "postcode_prefix": "787"},
    {"city": "Fort Worth", "state": "Texas", "state_abbr": "TX", "postcode_prefix": "761"},
    {"city": "El Paso", "state": "Texas", "state_abbr": "TX", "postcode_prefix": "799"},
    {"city": "Arlington", "state": "Texas", "state_abbr": "TX", "postcode_prefix": "760"},
    {"city": "Corpus Christi", "state": "Texas", "state_abbr": "TX", "postcode_prefix": "784"},
    {"city": "Plano", "state": "Texas", "state_abbr": "TX", "postcode_prefix": "750"},
    {"city": "Laredo", "state": "Texas", "state_abbr": "TX", "postcode_prefix": "780"},
    {"city": "Lubbock", "state": "Texas", "state_abbr": "TX", "postcode_prefix": "794"},
    {"city": "Irving", "state": "Texas", "state_abbr": "TX", "postcode_prefix": "750"},
    {"city": "Garland", "state": "Texas", "state_abbr": "TX", "postcode_prefix": "750"},
    {"city": "Frisco", "state": "Texas", "state_abbr": "TX", "postcode_prefix": "750"},
    {"city": "McKinney", "state": "Texas", "state_abbr": "TX", "postcode_prefix": "750"},
    {"city": "Amarillo", "state": "Texas", "state_abbr": "TX", "postcode_prefix": "791"},
    {"city": "Brownsville", "state": "Texas", "state_abbr": "TX", "postcode_prefix": "785"},
    {"city": "Phoenix", "state": "Arizona", "state_abbr": "AZ", "postcode_prefix": "850"},
    {"city": "Tucson", "state": "Arizona", "state_abbr": "AZ", "postcode_prefix": "857"},
    {"city": "Mesa", "state": "Arizona", "state_abbr": "AZ", "postcode_prefix": "852"},
    {"city": "Chandler", "state": "Arizona", "state_abbr": "AZ", "postcode_prefix": "852"},
    {"city": "Scottsdale", "state": "Arizona", "state_abbr": "AZ", "postcode_prefix": "852"},
    {"city": "Gilbert", "state": "Arizona", "state_abbr": "AZ", "postcode_prefix": "852"},
    {"city": "Glendale", "state": "Arizona", "state_abbr": "AZ", "postcode_prefix": "853"},
    {"city": "Tempe", "state": "Arizona", "state_abbr": "AZ", "postcode_prefix": "852"},
    {"city": "Peoria", "state": "Arizona", "state_abbr": "AZ", "postcode_prefix": "853"},
    {"city": "Surprise", "state": "Arizona", "state_abbr": "AZ", "postcode_prefix": "853"},
    {"city": "Philadelphia", "state": "Pennsylvania", "state_abbr": "PA", "postcode_prefix": "191"},
    {"city": "Pittsburgh", "state": "Pennsylvania", "state_abbr": "PA", "postcode_prefix": "152"},
    {"city": "Allentown", "state": "Pennsylvania", "state_abbr": "PA", "postcode_prefix": "181"},
    {"city": "Reading", "state": "Pennsylvania", "state_abbr": "PA", "postcode_prefix": "196"},
    {"city": "Scranton", "state": "Pennsylvania", "state_abbr": "PA", "postcode_prefix": "185"},
    {"city": "Erie", "state": "Pennsylvania", "state_abbr": "PA", "postcode_prefix": "165"},
    {"city": "Jacksonville", "state": "Florida", "state_abbr": "FL", "postcode_prefix": "322"},
    {"city": "Miami", "state": "Florida", "state_abbr": "FL", "postcode_prefix": "331"},
    {"city": "Tampa", "state": "Florida", "state_abbr": "FL", "postcode_prefix": "336"},
    {"city": "Orlando", "state": "Florida", "state_abbr": "FL", "postcode_prefix": "328"},
    {"city": "St. Petersburg", "state": "Florida", "state_abbr": "FL", "postcode_prefix": "337"},
    {"city": "Hialeah", "state": "Florida", "state_abbr": "FL", "postcode_prefix": "330"},
    {"city": "Fort Lauderdale", "state": "Florida", "state_abbr": "FL", "postcode_prefix": "333"},
    {"city": "Tallahassee", "state": "Florida", "state_abbr": "FL", "postcode_prefix": "323"},
    {"city": "Cape Coral", "state": "Florida", "state_abbr": "FL", "postcode_prefix": "339"},
    {"city": "Port St. Lucie", "state": "Florida", "state_abbr": "FL", "postcode_prefix": "349"},
    {"city": "Pembroke Pines", "state": "Florida", "state_abbr": "FL", "postcode_prefix": "330"},
    {"city": "Hollywood", "state": "Florida", "state_abbr": "FL", "postcode_prefix": "330"},
    {"city": "Gainesville", "state": "Florida", "state_abbr": "FL", "postcode_prefix": "326"},
    {"city": "Columbus", "state": "Ohio", "state_abbr": "OH", "postcode_prefix": "432"},
    {"city": "Cleveland", "state": "Ohio", "state_abbr": "OH", "postcode_prefix": "441"},
    {"city": "Cincinnati", "state": "Ohio", "state_abbr": "OH", "postcode_prefix": "452"},
    {"city": "Toledo", "state": "Ohio", "state_abbr": "OH", "postcode_prefix": "436"},
    {"city": "Akron", "state": "Ohio", "state_abbr": "OH", "postcode_prefix": "443"},
    {"city": "Dayton", "state": "Ohio", "state_abbr": "OH", "postcode_prefix": "454"},
    {"city": "Canton", "state": "Ohio", "state_abbr": "OH", "postcode_prefix": "447"},
    {"city": "Charlotte", "state": "North Carolina", "state_abbr": "NC", "postcode_prefix": "282"},
    {"city": "Raleigh", "state": "North Carolina", "state_abbr": "NC", "postcode_prefix": "276"},
    {"city": "Durham", "state": "North Carolina", "state_abbr": "NC", "postcode_prefix": "277"},
    {"city": "Greensboro", "state": "North Carolina", "state_abbr": "NC", "postcode_prefix": "274"},
    {"city": "Winston-Salem", "state": "North Carolina", "state_abbr": "NC", "postcode_prefix": "271"},
    {"city": "Fayetteville", "state": "North Carolina", "state_abbr": "NC", "postcode_prefix": "283"},
    {"city": "Cary", "state": "North Carolina", "state_abbr": "NC", "postcode_prefix": "275"},
    {"city": "Wilmington", "state": "North Carolina", "state_abbr": "NC", "postcode_prefix": "284"},
    {"city": "Indianapolis", "state": "Indiana", "state_abbr": "IN", "postcode_prefix": "462"},
    {"city": "Fort Wayne", "state": "Indiana", "state_abbr": "IN", "postcode_prefix": "468"},
    {"city": "Evansville", "state": "Indiana", "state_abbr": "IN", "postcode_prefix": "477"},
    {"city": "South Bend", "state": "Indiana", "state_abbr": "IN", "postcode_prefix": "466"},
    {"city": "Carmel", "state": "Indiana", "state_abbr": "IN", "postcode_prefix": "460"},
    {"city": "Seattle", "state": "Washington", "state_abbr": "WA", "postcode_prefix": "981"},
    {"city": "Spokane", "state": "Washington", "state_abbr": "WA", "postcode_prefix": "992"},
    {"city": "Tacoma", "state": "Washington", "state_abbr": "WA", "postcode_prefix": "984"},
    {"city": "Vancouver", "state": "Washington", "state_abbr": "WA", "postcode_prefix": "986"},
    {"city": "Bellevue", "state": "Washington", "state_abbr": "WA", "postcode_prefix": "980"},
    {"city": "Denver", "state": "Colorado", "state_abbr": "CO", "postcode_prefix": "802"},
    {"city": "Colorado Springs", "state": "Colorado", "state_abbr": "CO", "postcode_prefix": "809"},
    {"city": "Aurora", "state": "Colorado", "state_abbr": "CO", "postcode_prefix": "800"},
    {"city": "Fort Collins", "state": "Colorado", "state_abbr": "CO", "postcode_prefix": "805"},
    {"city": "Lakewood", "state": "Colorado", "state_abbr": "CO", "postcode_prefix": "802"},
    {"city": "Thornton", "state": "Colorado", "state_abbr": "CO", "postcode_prefix": "802"},
    {"city": "Washington", "state": "District of Columbia", "state_abbr": "DC", "postcode_prefix": "200"},
    {"city": "Boston", "state": "Massachusetts", "state_abbr": "MA", "postcode_prefix": "021"},
    {"city": "Cambridge", "state": "Massachusetts", "state_abbr": "MA", "postcode_prefix": "021"},
    {"city": "Worcester", "state": "Massachusetts", "state_abbr": "MA", "postcode_prefix": "016"},
    {"city": "Springfield", "state": "Massachusetts", "state_abbr": "MA", "postcode_prefix": "011"},
    {"city": "Lowell", "state": "Massachusetts", "state_abbr": "MA", "postcode_prefix": "018"},
    {"city": "Nashville", "state": "Tennessee", "state_abbr": "TN", "postcode_prefix": "372"},
    {"city": "Memphis", "state": "Tennessee", "state_abbr": "TN", "postcode_prefix": "381"},
    {"city": "Knoxville", "state": "Tennessee", "state_abbr": "TN", "postcode_prefix": "379"},
    {"city": "Chattanooga", "state": "Tennessee", "state_abbr": "TN", "postcode_prefix": "374"},
    {"city": "Clarksville", "state": "Tennessee", "state_abbr": "TN", "postcode_prefix": "370"},
    {"city": "Detroit", "state": "Michigan", "state_abbr": "MI", "postcode_prefix": "482"},
    {"city": "Grand Rapids", "state": "Michigan", "state_abbr": "MI", "postcode_prefix": "495"},
    {"city": "Warren", "state": "Michigan", "state_abbr": "MI", "postcode_prefix": "480"},
    {"city": "Sterling Heights", "state": "Michigan", "state_abbr": "MI", "postcode_prefix": "483"},
    {"city": "Ann Arbor", "state": "Michigan", "state_abbr": "MI", "postcode_prefix": "481"},
    {"city": "Lansing", "state": "Michigan", "state_abbr": "MI", "postcode_prefix": "489"},
    {"city": "Oklahoma City", "state": "Oklahoma", "state_abbr": "OK", "postcode_prefix": "731"},
    {"city": "Tulsa", "state": "Oklahoma", "state_abbr": "OK", "postcode_prefix": "741"},
    {"city": "Norman", "state": "Oklahoma", "state_abbr": "OK", "postcode_prefix": "730"},
    {"city": "Broken Arrow", "state": "Oklahoma", "state_abbr": "OK", "postcode_prefix": "740"},
    {"city": "Portland", "state": "Oregon", "state_abbr": "OR", "postcode_prefix": "972"},
    {"city": "Salem", "state": "Oregon", "state_abbr": "OR", "postcode_prefix": "973"},
    {"city": "Eugene", "state": "Oregon", "state_abbr": "OR", "postcode_prefix": "974"},
    {"city": "Gresham", "state": "Oregon", "state_abbr": "OR", "postcode_prefix": "970"},
    {"city": "Hillsboro", "state": "Oregon", "state_abbr": "OR", "postcode_prefix": "971"},
    {"city": "Las Vegas", "state": "Nevada", "state_abbr": "NV", "postcode_prefix": "891"},
    {"city": "Henderson", "state": "Nevada", "state_abbr": "NV", "postcode_prefix": "890"},
    {"city": "Reno", "state": "Nevada", "state_abbr": "NV", "postcode_prefix": "895"},
    {"city": "North Las Vegas", "state": "Nevada", "state_abbr": "NV", "postcode_prefix": "890"},
    {"city": "Sparks", "state": "Nevada", "state_abbr": "NV", "postcode_prefix": "894"},
    {"city": "Louisville", "state": "Kentucky", "state_abbr": "KY", "postcode_prefix": "402"},
    {"city": "Lexington", "state": "Kentucky", "state_abbr": "KY", "postcode_prefix": "405"},
    {"city": "Bowling Green", "state": "Kentucky", "state_abbr": "KY", "postcode_prefix": "421"},
    {"city": "Owensboro", "state": "Kentucky", "state_abbr": "KY", "postcode_prefix": "423"},
    {"city": "Baltimore", "state": "Maryland", "state_abbr": "MD", "postcode_prefix": "212"},
    {"city": "Frederick", "state": "Maryland", "state_abbr": "MD", "postcode_prefix": "217"},
    {"city": "Rockville", "state": "Maryland", "state_abbr": "MD", "postcode_prefix": "208"},
    {"city": "Gaithersburg", "state": "Maryland", "state_abbr": "MD", "postcode_prefix": "208"},
    {"city": "Milwaukee", "state": "Wisconsin", "state_abbr": "WI", "postcode_prefix": "532"},
    {"city": "Madison", "state": "Wisconsin", "state_abbr": "WI", "postcode_prefix": "537"},
    {"city": "Green Bay", "state": "Wisconsin", "state_abbr": "WI", "postcode_prefix": "543"},
    {"city": "Kenosha", "state": "Wisconsin", "state_abbr": "WI", "postcode_prefix": "531"},
    {"city": "Racine", "state": "Wisconsin", "state_abbr": "WI", "postcode_prefix": "534"},
    {"city": "Albuquerque", "state": "New Mexico", "state_abbr": "NM", "postcode_prefix": "871"},
    {"city": "Las Cruces", "state": "New Mexico", "state_abbr": "NM", "postcode_prefix": "880"},
    {"city": "Rio Rancho", "state": "New Mexico", "state_abbr": "NM", "postcode_prefix": "871"},
    {"city": "Santa Fe", "state": "New Mexico", "state_abbr": "NM", "postcode_prefix": "875"},
    {"city": "Atlanta", "state": "Georgia", "state_abbr": "GA", "postcode_prefix": "303"},
    {"city": "Augusta", "state": "Georgia", "state_abbr": "GA", "postcode_prefix": "309"},
    {"city": "Columbus", "state": "Georgia", "state_abbr": "GA", "postcode_prefix": "319"},
    {"city": "Macon", "state": "Georgia", "state_abbr": "GA", "postcode_prefix": "312"},
    {"city": "Savannah", "state": "Georgia", "state_abbr": "GA", "postcode_prefix": "314"},
    {"city": "Athens", "state": "Georgia", "state_abbr": "GA", "postcode_prefix": "306"},
    {"city": "Sandy Springs", "state": "Georgia", "state_abbr": "GA", "postcode_prefix": "303"},
    {"city": "Kansas City", "state": "Missouri", "state_abbr": "MO", "postcode_prefix": "641"},
    {"city": "St. Louis", "state": "Missouri", "state_abbr": "MO", "postcode_prefix": "631"},
    {"city": "Springfield", "state": "Missouri", "state_abbr": "MO", "postcode_prefix": "658"},
    {"city": "Columbia", "state": "Missouri", "state_abbr": "MO", "postcode_prefix": "652"},
    {"city": "Independence", "state": "Missouri", "state_abbr": "MO", "postcode_prefix": "640"},
    {"city": "Omaha", "state": "Nebraska", "state_abbr": "NE", "postcode_prefix": "681"},
    {"city": "Lincoln", "state": "Nebraska", "state_abbr": "NE", "postcode_prefix": "685"},
    {"city": "Bellevue", "state": "Nebraska", "state_abbr": "NE", "postcode_prefix": "680"},
    {"city": "Minneapolis", "state": "Minnesota", "state_abbr": "MN", "postcode_prefix": "554"},
    {"city": "Saint Paul", "state": "Minnesota", "state_abbr": "MN", "postcode_prefix": "551"},
    {"city": "Rochester", "state": "Minnesota", "state_abbr": "MN", "postcode_prefix": "559"},
    {"city": "Duluth", "state": "Minnesota", "state_abbr": "MN", "postcode_prefix": "558"},
    {"city": "Bloomington", "state": "Minnesota", "state_abbr": "MN", "postcode_prefix": "554"},
    {"city": "New Orleans", "state": "Louisiana", "state_abbr": "LA", "postcode_prefix": "701"},
    {"city": "Baton Rouge", "state": "Louisiana", "state_abbr": "LA", "postcode_prefix": "708"},
    {"city": "Shreveport", "state": "Louisiana", "state_abbr": "LA", "postcode_prefix": "711"},
    {"city": "Lafayette", "state": "Louisiana", "state_abbr": "LA", "postcode_prefix": "705"},
    {"city": "Wichita", "state": "Kansas", "state_abbr": "KS", "postcode_prefix": "672"},
    {"city": "Overland Park", "state": "Kansas", "state_abbr": "KS", "postcode_prefix": "662"},
    {"city": "Kansas City", "state": "Kansas", "state_abbr": "KS", "postcode_prefix": "661"},
    {"city": "Olathe", "state": "Kansas", "state_abbr": "KS", "postcode_prefix": "660"},
    {"city": "Topeka", "state": "Kansas", "state_abbr": "KS", "postcode_prefix": "666"},
    {"city": "Honolulu", "state": "Hawaii", "state_abbr": "HI", "postcode_prefix": "968"},
    {"city": "Pearl City", "state": "Hawaii", "state_abbr": "HI", "postcode_prefix": "967"},
    {"city": "Hilo", "state": "Hawaii", "state_abbr": "HI", "postcode_prefix": "967"},
    {"city": "Anchorage", "state": "Alaska", "state_abbr": "AK", "postcode_prefix": "995"},
    {"city": "Fairbanks", "state": "Alaska", "state_abbr": "AK", "postcode_prefix": "997"},
    {"city": "Juneau", "state": "Alaska", "state_abbr": "AK", "postcode_prefix": "998"},
    {"city": "Virginia Beach", "state": "Virginia", "state_abbr": "VA", "postcode_prefix": "234"},
    {"city": "Norfolk", "state": "Virginia", "state_abbr": "VA", "postcode_prefix": "235"},
    {"city": "Chesapeake", "state": "Virginia", "state_abbr": "VA", "postcode_prefix": "233"},
    {"city": "Richmond", "state": "Virginia", "state_abbr": "VA", "postcode_prefix": "232"},
    {"city": "Newport News", "state": "Virginia", "state_abbr": "VA", "postcode_prefix": "236"},
    {"city": "Alexandria", "state": "Virginia", "state_abbr": "VA", "postcode_prefix": "223"},
    {"city": "Roanoke", "state": "Virginia", "state_abbr": "VA", "postcode_prefix": "240"},
    {"city": "Newark", "state": "New Jersey", "state_abbr": "NJ", "postcode_prefix": "071"},
    {"city": "Jersey City", "state": "New Jersey", "state_abbr": "NJ", "postcode_prefix": "073"},
    {"city": "Paterson", "state": "New Jersey", "state_abbr": "NJ", "postcode_prefix": "075"},
    {"city": "Elizabeth", "state": "New Jersey", "state_abbr": "NJ", "postcode_prefix": "072"},
    {"city": "Edison", "state": "New Jersey", "state_abbr": "NJ", "postcode_prefix": "088"},
    {"city": "Trenton", "state": "New Jersey", "state_abbr": "NJ", "postcode_prefix": "086"},
    {"city": "Boise", "state": "Idaho", "state_abbr": "ID", "postcode_prefix": "837"},
    {"city": "Meridian", "state": "Idaho", "state_abbr": "ID", "postcode_prefix": "836"},
    {"city": "Nampa", "state": "Idaho", "state_abbr": "ID", "postcode_prefix": "836"},
    {"city": "Idaho Falls", "state": "Idaho", "state_abbr": "ID", "postcode_prefix": "834"},
    {"city": "Salt Lake City", "state": "Utah", "state_abbr": "UT", "postcode_prefix": "841"},
    {"city": "West Valley City", "state": "Utah", "state_abbr": "UT", "postcode_prefix": "841"},
    {"city": "Provo", "state": "Utah", "state_abbr": "UT", "postcode_prefix": "846"},
    {"city": "West Jordan", "state": "Utah", "state_abbr": "UT", "postcode_prefix": "840"},
    {"city": "Orem", "state": "Utah", "state_abbr": "UT", "postcode_prefix": "840"},
    {"city": "Birmingham", "state": "Alabama", "state_abbr": "AL", "postcode_prefix": "352"},
    {"city": "Montgomery", "state": "Alabama", "state_abbr": "AL", "postcode_prefix": "361"},
    {"city": "Huntsville", "state": "Alabama", "state_abbr": "AL", "postcode_prefix": "358"},
    {"city": "Mobile", "state": "Alabama", "state_abbr": "AL", "postcode_prefix": "366"},
    {"city": "Columbia", "state": "South Carolina", "state_abbr": "SC", "postcode_prefix": "292"},
    {"city": "Charleston", "state": "South Carolina", "state_abbr": "SC", "postcode_prefix": "294"},
    {"city": "North Charleston", "state": "South Carolina", "state_abbr": "SC", "postcode_prefix": "294"},
    {"city": "Greenville", "state": "South Carolina", "state_abbr": "SC", "postcode_prefix": "296"},
    {"city": "Little Rock", "state": "Arkansas", "state_abbr": "AR", "postcode_prefix": "722"},
    {"city": "Fort Smith", "state": "Arkansas", "state_abbr": "AR", "postcode_prefix": "729"},
    {"city": "Fayetteville", "state": "Arkansas", "state_abbr": "AR", "postcode_prefix": "727"},
    {"city": "Springdale", "state": "Arkansas", "state_abbr": "AR", "postcode_prefix": "727"},
    {"city": "Hartford", "state": "Connecticut", "state_abbr": "CT", "postcode_prefix": "061"},
    {"city": "New Haven", "state": "Connecticut", "state_abbr": "CT", "postcode_prefix": "065"},
    {"city": "Bridgeport", "state": "Connecticut", "state_abbr": "CT", "postcode_prefix": "066"},
    {"city": "Stamford", "state": "Connecticut", "state_abbr": "CT", "postcode_prefix": "069"},
    {"city": "Waterbury", "state": "Connecticut", "state_abbr": "CT", "postcode_prefix": "067"},
    {"city": "Jackson", "state": "Mississippi", "state_abbr": "MS", "postcode_prefix": "392"},
    {"city": "Gulfport", "state": "Mississippi", "state_abbr": "MS", "postcode_prefix": "395"},
    {"city": "Southaven", "state": "Mississippi", "state_abbr": "MS", "postcode_prefix": "386"},
    {"city": "Des Moines", "state": "Iowa", "state_abbr": "IA", "postcode_prefix": "503"},
    {"city": "Cedar Rapids", "state": "Iowa", "state_abbr": "IA", "postcode_prefix": "524"},
    {"city": "Davenport", "state": "Iowa", "state_abbr": "IA", "postcode_prefix": "528"},
    {"city": "Sioux City", "state": "Iowa", "state_abbr": "IA", "postcode_prefix": "511"},
    {"city": "Providence", "state": "Rhode Island", "state_abbr": "RI", "postcode_prefix": "029"},
    {"city": "Warwick", "state": "Rhode Island", "state_abbr": "RI", "postcode_prefix": "028"},
    {"city": "Cranston", "state": "Rhode Island", "state_abbr": "RI", "postcode_prefix": "029"},
    {"city": "Fargo", "state": "North Dakota", "state_abbr": "ND", "postcode_prefix": "581"},
    {"city": "Bismarck", "state": "North Dakota", "state_abbr": "ND", "postcode_prefix": "585"},
    {"city": "Grand Forks", "state": "North Dakota", "state_abbr": "ND", "postcode_prefix": "582"},
    {"city": "Sioux Falls", "state": "South Dakota", "state_abbr": "SD", "postcode_prefix": "571"},
    {"city": "Rapid City", "state": "South Dakota", "state_abbr": "SD", "postcode_prefix": "577"},
    {"city": "Billings", "state": "Montana", "state_abbr": "MT", "postcode_prefix": "591"},
    {"city": "Missoula", "state": "Montana", "state_abbr": "MT", "postcode_prefix": "598"},
    {"city": "Great Falls", "state": "Montana", "state_abbr": "MT", "postcode_prefix": "594"},
    {"city": "Cheyenne", "state": "Wyoming", "state_abbr": "WY", "postcode_prefix": "820"},
    {"city": "Casper", "state": "Wyoming", "state_abbr": "WY", "postcode_prefix": "826"},
    {"city": "Manchester", "state": "New Hampshire", "state_abbr": "NH", "postcode_prefix": "031"},
    {"city": "Nashua", "state": "New Hampshire", "state_abbr": "NH", "postcode_prefix": "030"},
    {"city": "Concord", "state": "New Hampshire", "state_abbr": "NH", "postcode_prefix": "033"},
    {"city": "Portland", "state": "Maine", "state_abbr": "ME", "postcode_prefix": "041"},
    {"city": "Lewiston", "state": "Maine", "state_abbr": "ME", "postcode_prefix": "042"},
    {"city": "Bangor", "state": "Maine", "state_abbr": "ME", "postcode_prefix": "044"},
    {"city": "Burlington", "state": "Vermont", "state_abbr": "VT", "postcode_prefix": "054"},
    {"city": "South Burlington", "state": "Vermont", "state_abbr": "VT", "postcode_prefix": "054"},
    {"city": "Wilmington", "state": "Delaware", "state_abbr": "DE", "postcode_prefix": "198"},
    {"city": "Dover", "state": "Delaware", "state_abbr": "DE", "postcode_prefix": "199"},
    {"city": "Charleston", "state": "West Virginia", "state_abbr": "WV", "postcode_prefix": "253"},
    {"city": "Huntington", "state": "West Virginia", "state_abbr": "WV", "postcode_prefix": "257"}
  ],
  "street_names": [
    "Main", "Oak", "Cedar", "Maple", "Pine", "Elm", "Washington", "Park", "Lake",
    "Hill", "Walnut", "Sunset", "Cherry", "River", "Spring", "Highland", "Forest",
    "Church", "Mill", "Jackson", "Lincoln", "Jefferson", "Madison", "Franklin",
    "Adams", "Wilson", "Monroe", "Grant", "Lee", "King", "Center", "North", "South",
    "East", "West", "First", "Second", "Third", "Fourth", "Fifth", "Sixth", "Seventh",
    "Eighth", "Ninth", "Tenth", "Meadow", "Valley", "Ridge", "View", "Brook",
    "Creek", "Garden", "Grove", "Willow", "Hickory", "Birch", "Spruce", "Dogwood",
    "Magnolia", "Peach", "Apple", "Orchard", "Rose", "Poplar", "Beech", "Chestnut"
  ],
  "street_suffixes": [
    "St", "Ave", "Blvd", "Dr", "Ln", "Rd", "Way", "Ct", "Pl", "Cir", "Ter", "Pkwy"
  ],
  "postcode_format": "#####",
  "address_formats": [
    "{building_number} {street_name}",
    "{building_number} {street_name}, {city}, {state} {postcode}",
    "{building_number} {street_name}, Apt {unit}, {city}, {state} {postcode}"
  ],
  "country": "United States",
  "country_code": "US",
  "phone_area_codes": {
    "New York": ["212", "315", "347", "516", "518", "585", "607", "631", "646", "716", "718", "845", "914", "917", "929"],
    "California": ["209", "213", "310", "323", "408", "415", "424", "510", "530", "559", "562", "619", "626", "650", "657", "661", "707", "714", "747", "760", "805", "818", "831", "858", "909", "916", "925", "949", "951"],
    "Texas": ["210", "214", "254", "281", "325", "361", "409", "432", "469", "512", "682", "713", "737", "806", "817", "830", "832", "903", "915", "936", "940", "956", "972", "979"],
    "Florida": ["239", "305", "321", "352", "386", "407", "561", "727", "754", "772", "786", "813", "850", "863", "904", "941", "954"],
    "Illinois": ["217", "224", "309", "312", "331", "618", "630", "708", "773", "779", "815", "847", "872"],
    "Pennsylvania": ["215", "267", "272", "412", "484", "570", "610", "717", "724", "814", "878"],
    "Ohio": ["216", "234", "330", "380", "419", "440", "513", "567", "614", "740", "937"],
    "Georgia": ["229", "404", "470", "478", "678", "706", "762", "770", "912"],
    "Michigan": ["231", "248", "269", "313", "517", "586", "616", "734", "810", "906", "947", "989"],
    "North Carolina": ["252", "336", "704", "743", "828", "910", "919", "980", "984"],
    "Arizona": ["480", "520", "602", "623", "928"],
    "Washington": ["206", "253", "360", "425", "509", "564"],
    "Massachusetts": ["339", "351", "413", "508", "617", "774", "781", "857", "978"],
    "Colorado": ["303", "719", "720", "970"],
    "Tennessee": ["423", "615", "629", "731", "865", "901", "931"],
    "Nevada": ["702", "725", "775"],
    "Indiana": ["219", "260", "317", "463", "574", "765", "812", "930"],
    "Missouri": ["314", "417", "573", "636", "660", "816"],
    "Oregon": ["458", "503", "541", "971"],
    "Maryland": ["240", "301", "410", "443", "667"],
    "Wisconsin": ["262", "414", "534", "608", "715", "920"],
    "Minnesota": ["218", "320", "507", "612", "651", "763", "952"],
    "Kentucky": ["270", "364", "502", "606", "859"],
    "Louisiana": ["225", "318", "337", "504", "985"],
    "Oklahoma": ["405", "539", "580", "918"],
    "Virginia": ["276", "434", "540", "571", "703", "757", "804"],
    "District of Columbia": ["202"],
    "New Jersey": ["201", "551", "609", "732", "848", "856", "862", "908", "973"],
    "Utah": ["385", "435", "801"],
    "Kansas": ["316", "620", "785", "913"],
    "Hawaii": ["808"],
    "Alaska": ["907"],
    "Idaho": ["208", "986"],
    "New Mexico": ["505", "575"],
    "Nebraska": ["308", "402", "531"],
    "Alabama": ["205", "251", "256", "334", "938"],
    "South Carolina": ["803", "843", "854", "864"],
    "Arkansas": ["479", "501", "870"],
    "Connecticut": ["203", "475", "860", "959"],
    "Mississippi": ["228", "601", "662", "769"],
    "Iowa": ["319", "515", "563", "641", "712"],
    "Rhode Island": ["401"],
    "North Dakota": ["701"],
    "South Dakota": ["605"],
    "Montana": ["406"],
    "Wyoming": ["307"],
    "New Hampshire": ["603"],
    "Maine": ["207"],
    "Vermont": ["802"],
    "Delaware": ["302"],
    "West Virginia": ["304", "681"]
  }
}
