{
  "locations": {
    "very_common": [
      {
        "city": "Dar es Salaam",
        "state": "Dar es Salaam Region",
        "state_abbr": "DS",
        "postcode_prefix": "11",
        "lat_min": -6.82,
        "lat_max": -6.76,
        "lon_min": 39.24,
        "lon_max": 39.3
      },
      {
        "city": "Dodoma",
        "state": "Dodoma Region",
        "state_abbr": "DO",
        "postcode_prefix": "41",
        "lat_min": -6.18,
        "lat_max": -6.16,
        "lon_min": 35.74,
        "lon_max": 35.77
      },
      {
        "city": "Mwanza",
        "state": "Mwanza Region",
        "state_abbr": "MW",
        "postcode_prefix": "33",
        "lat_min": -2.52,
        "lat_max": -2.5,
        "lon_min": 32.89,
        "lon_max": 32.92
      },
      {
        "city": "Arusha",
        "state": "Arusha Region",
        "state_abbr": "AR",
        "postcode_prefix": "23",
        "lat_min": -3.38,
        "lat_max": -3.36,
        "lon_min": 36.67,
        "lon_max": 36.7
      },
      {
        "city": "Mbeya",
        "state": "Mbeya Region",
        "state_abbr": "MB",
        "postcode_prefix": "53",
        "lat_min": -8.91,
        "lat_max": -8.89,
        "lon_min": 33.45,
        "lon_max": 33.47
      },
      {
        "city": "Zanzibar City",
        "state": "Unguja Urban/West Region",
        "state_abbr": "ZN",
        "postcode_prefix": "71",
        "lat_min": -6.17,
        "lat_max": -6.15,
        "lon_min": 39.18,
        "lon_max": 39.2
      },
      {
        "city": "Tanga",
        "state": "Tanga Region",
        "state_abbr": "TG",
        "postcode_prefix": "21",
        "lat_min": -5.08,
        "lat_max": -5.06,
        "lon_min": 39.09,
        "lon_max": 39.11
      },
      {
        "city": "Morogoro",
        "state": "Morogoro Region",
        "state_abbr": "MR",
        "postcode_prefix": "67",
        "lat_min": -6.83,
        "lat_max": -6.81,
        "lon_min": 37.66,
        "lon_max": 37.68
      },
      {
        "city": "Tabora",
        "state": "Tabora Region",
        "state_abbr": "TB",
        "postcode_prefix": "45",
        "lat_min": -5.03,
        "lat_max": -5.01,
        "lon_min": 32.8,
        "lon_max": 32.82
      },
      {
        "city": "Iringa",
        "state": "Iringa Region",
        "state_abbr": "IG",
        "postcode_prefix": "51",
        "lat_min": -7.77,
        "lat_max": -7.76,
        "lon_min": 35.69,
        "lon_max": 35.7
      }
    ],
    "common": [
      {
        "city": "Moshi",
        "state": "Kilimanjaro Region",
        "state_abbr": "KI",
        "postcode_prefix": "25",
        "lat_min": -3.35,
        "lat_max": -3.34,
        "lon_min": 37.33,
        "lon_max": 37.35
      },
      {
        "city": "Songea",
        "state": "Ruvuma Region",
        "state_abbr": "RV",
        "postcode_prefix": "57",
        "lat_min": -10.68,
        "lat_max": -10.67,
        "lon_min": 35.64,
        "lon_max": 35.66
      },
      {
        "city": "Musoma",
        "state": "Mara Region",
        "state_abbr": "MA",
        "postcode_prefix": "31",
        "lat_min": -1.5,
        "lat_max": -1.49,
        "lon_min": 33.79,
        "lon_max": 33.81
      },
      {
        "city": "Kigoma",
        "state": "Kigoma Region",
        "state_abbr": "KG",
        "postcode_prefix": "47",
        "lat_min": -4.88,
        "lat_max": -4.87,
        "lon_min": 29.62,
        "lon_max": 29.63
      },
      {
        "city": "Sumbawanga",
        "state": "Rukwa Region",
        "state_abbr": "RK",
        "postcode_prefix": "55",
        "lat_min": -7.97,
        "lat_max": -7.96,
        "lon_min": 31.61,
        "lon_max": 31.63
      },
      {
        "city": "Bukoba",
        "state": "Kagera Region",
        "state_abbr": "KR",
        "postcode_prefix": "35",
        "lat_min": -1.33,
        "lat_max": -1.32,
        "lon_min": 31.81,
        "lon_max": 31.82
      },
      {
        "city": "Shinyanga",
        "state": "Shinyanga Region",
        "state_abbr": "SH",
        "postcode_prefix": "37",
        "lat_min": -3.66,
        "lat_max": -3.65,
        "lon_min": 33.42,
        "lon_max": 33.43
      },
      {
        "city": "Lindi",
        "state": "Lindi Region",
        "state_abbr": "LN",
        "postcode_prefix": "65",
        "lat_min": -10.0,
        "lat_max": -9.99,
        "lon_min": 39.71,
        "lon_max": 39.72
      },
      {
        "city": "Mtwara",
        "state": "Mtwara Region",
        "state_abbr": "MT",
        "postcode_prefix": "63",
        "lat_min": -10.27,
        "lat_max": -10.26,
        "lon_min": 40.17,
        "lon_max": 40.19
      },
      {
        "city": "Singida",
        "state": "Singida Region",
        "state_abbr": "SI",
        "postcode_prefix": "43",
        "lat_min": -4.82,
        "lat_max": -4.81,
        "lon_min": 34.74,
        "lon_max": 34.75
      },
      {
        "city": "Babati",
        "state": "Manyara Region",
        "state_abbr": "MY",
        "postcode_prefix": "27",
        "lat_min": -4.22,
        "lat_max": -4.21,
        "lon_min": 35.74,
        "lon_max": 35.76
      },
      {
        "city": "Mpanda",
        "state": "Katavi Region",
        "state_abbr": "KT",
        "postcode_prefix": "49",
        "lat_min": -6.35,
        "lat_max": -6.34,
        "lon_min": 31.06,
        "lon_max": 31.07
      },
      {
        "city": "Njombe",
        "state": "Njombe Region",
        "state_abbr": "NJ",
        "postcode_prefix": "59",
        "lat_min": -9.34,
        "lat_max": -9.33,
        "lon_min": 34.77,
        "lon_max": 34.78
      },
      {
        "city": "Geita",
        "state": "Geita Region",
        "state_abbr": "GE",
        "postcode_prefix": "39",
        "lat_min": -2.87,
        "lat_max": -2.86,
        "lon_min": 32.23,
        "lon_max": 32.24
      },
      {
        "city": "Simiyu",
        "state": "Simiyu Region",
        "state_abbr": "SM",
        "postcode_prefix": "38",
        "lat_min": -2.78,
        "lat_max": -2.77,
        "lon_min": 34.15,
        "lon_max": 34.16
      },
      {
        "city": "Kibaha",
        "state": "Pwani Region",
        "state_abbr": "PW",
        "postcode_prefix": "61",
        "lat_min": -6.77,
        "lat_max": -6.76,
        "lon_min": 38.99,
        "lon_max": 39.0
      },
      {
        "city": "Kasulu",
        "state": "Kigoma Region",
        "state_abbr": "KG",
        "postcode_prefix": "47",
        "lat_min": -4.58,
        "lat_max": -4.57,
        "lon_min": 30.1,
        "lon_max": 30.11
      },
      {
        "city": "Kondoa",
        "state": "Dodoma Region",
        "state_abbr": "DO",
        "postcode_prefix": "41",
        "lat_min": -4.9,
        "lat_max": -4.89,
        "lon_min": 35.78,
        "lon_max": 35.8
      },
      {
        "city": "Kahama",
        "state": "Shinyanga Region",
        "state_abbr": "SH",
        "postcode_prefix": "37",
        "lat_min": -3.83,
        "lat_max": -3.82,
        "lon_min": 32.6,
        "lon_max": 32.61
      },
      {
        "city": "Bagamoyo",
        "state": "Pwani Region",
        "state_abbr": "PW",
        "postcode_prefix": "61",
        "lat_min": -6.44,
        "lat_max": -6.43,
        "lon_min": 38.9,
        "lon_max": 38.91
      }
    ],
    "uncommon": [
      {
        "city": "Pangani",
        "state": "Tanga Region",
        "state_abbr": "TG",
        "postcode_prefix": "21",
        "lat_min": -5.83,
        "lat_max": -5.82,
        "lon_min": 38.96,
        "lon_max": 38.97
      },
      {
        "city": "Mikumi",
        "state": "Morogoro Region",
        "state_abbr": "MR",
        "postcode_prefix": "67",
        "lat_min": -7.4,
        "lat_max": -7.39,
        "lon_min": 36.98,
        "lon_max": 36.99
      },
      {
        "city": "Same",
        "state": "Kilimanjaro Region",
        "state_abbr": "KI",
        "postcode_prefix": "25",
        "lat_min": -4.07,
        "lat_max": -4.06,
        "lon_min": 37.72,
        "lon_max": 37.73
      },
      {
        "city": "Kilwa Masoko",
        "state": "Lindi Region",
        "state_abbr": "LN",
        "postcode_prefix": "65",
        "lat_min": -8.92,
        "lat_max": -8.91,
        "lon_min": 39.52,
        "lon_max": 39.53
      },
      {
        "city": "Ifakara",
        "state": "Morogoro Region",
        "state_abbr": "MR",
        "postcode_prefix": "67",
        "lat_min": -8.13,
        "lat_max": -8.12,
        "lon_min": 36.68,
        "lon_max": 36.69
      },
      {
        "city": "Karatu",
        "state": "Arusha Region",
        "state_abbr": "AR",
        "postcode_prefix": "23",
        "lat_min": -3.34,
        "lat_max": -3.33,
        "lon_min": 35.67,
        "lon_max": 35.68
      },
      {
        "city": "Handeni",
        "state": "Tanga Region",
        "state_abbr": "TG",
        "postcode_prefix": "21",
        "lat_min": -5.43,
        "lat_max": -5.42,
        "lon_min": 38.02,
        "lon_max": 38.03
      },
      {
        "city": "Tukuyu",
        "state": "Mbeya Region",
        "state_abbr": "MB",
        "postcode_prefix": "53",
        "lat_min": -9.25,
        "lat_max": -9.24,
        "lon_min": 33.64,
        "lon_max": 33.65
      },
      {
        "city": "Nzega",
        "state": "Tabora Region",
        "state_abbr": "TB",
        "postcode_prefix": "45",
        "lat_min": -4.22,
        "lat_max": -4.21,
        "lon_min": 33.18,
        "lon_max": 33.19
      },
      {
        "city": "Makambako",
        "state": "Njombe Region",
        "state_abbr": "NJ",
        "postcode_prefix": "59",
        "lat_min": -8.84,
        "lat_max": -8.83,
        "lon_min": 34.84,
        "lon_max": 34.85
      },
      {
        "city": "Uvinza",
        "state": "Kigoma Region",
        "state_abbr": "KG",
        "postcode_prefix": "47",
        "lat_min": -5.1,
        "lat_max": -5.09,
        "lon_min": 30.38,
        "lon_max": 30.39
      },
      {
        "city": "Chake Chake",
        "state": "Pemba South Region",
        "state_abbr": "PS",
        "postcode_prefix": "73",
        "lat_min": -5.24,
        "lat_max": -5.23,
        "lon_min": 39.77,
        "lon_max": 39.78
      },
      {
        "city": "Korogwe",
        "state": "Tanga Region",
        "state_abbr": "TG",
        "postcode_prefix": "21",
        "lat_min": -5.15,
        "lat_max": -5.14,
        "lon_min": 38.47,
        "lon_max": 38.48
      },
      {
        "city": "Kyela",
        "state": "Mbeya Region",
        "state_abbr": "MB",
        "postcode_prefix": "53",
        "lat_min": -9.58,
        "lat_max": -9.57,
        "lon_min": 33.87,
        "lon_max": 33.88
      },
      {
        "city": "Biharamulo",
        "state": "Kagera Region",
        "state_abbr": "KR",
        "postcode_prefix": "35",
        "lat_min": -2.63,
        "lat_max": -2.62,
        "lon_min": 31.31,
        "lon_max": 31.32
      },
      {
        "city": "Kibondo",
        "state": "Kigoma Region",
        "state_abbr": "KG",
        "postcode_prefix": "47",
        "lat_min": -3.58,
        "lat_max": -3.57,
        "lon_min": 30.72,
        "lon_max": 30.73
      },
      {
        "city": "Masasi",
        "state": "Mtwara Region",
        "state_abbr": "MT",
        "postcode_prefix": "63",
        "lat_min": -10.73,
        "lat_max": -10.72,
        "lon_min": 38.8,
        "lon_max": 38.81
      },
      {
        "city": "Nachingwea",
        "state": "Lindi Region",
        "state_abbr": "LN",
        "postcode_prefix": "65",
        "lat_min": -10.38,
        "lat_max": -10.37,
        "lon_min": 38.76,
        "lon_max": 38.77
      },
      {
        "city": "Muheza",
        "state": "Tanga Region",
        "state_abbr": "TG",
        "postcode_prefix": "21",
        "lat_min": -5.17,
        "lat_max": -5.16,
        "lon_min": 38.78,
        "lon_max": 38.79
      },
      {
        "city": "Nansio",
        "state": "Mwanza Region",
        "state_abbr": "MW",
        "postcode_prefix": "33",
        "lat_min": -2.06,
        "lat_max": -2.05,
        "lon_min": 33.07,
        "lon_max": 33.08
      }
    ],
    "rare": [
      {
        "city": "Mafia Island",
        "state": "Pwani Region",
        "state_abbr": "PW",
        "postcode_prefix": "61",
        "lat_min": -7.85,
        "lat_max": -7.84,
        "lon_min": 39.78,
        "lon_max": 39.79
      },
      {
        "city": "Wete",
        "state": "Pemba North Region",
        "state_abbr": "PN",
        "postcode_prefix": "75",
        "lat_min": -5.06,
        "lat_max": -5.05,
        "lon_min": 39.73,
        "lon_max": 39.74
      },
      {
        "city": "Namtumbo",
        "state": "Ruvuma Region",
        "state_abbr": "RV",
        "postcode_prefix": "57",
        "lat_min": -10.6,
        "lat_max": -10.59,
        "lon_min": 36.3,
        "lon_max": 36.31
      },
      {
        "city": "Liwale",
        "state": "Lindi Region",
        "state_abbr": "LN",
        "postcode_prefix": "65",
        "lat_min": -9.79,
        "lat_max": -9.78,
        "lon_min": 37.93,
        "lon_max": 37.94
      },
      {
        "city": "Meatu",
        "state": "Simiyu Region",
        "state_abbr": "SM",
        "postcode_prefix": "38",
        "lat_min": -3.5,
        "lat_max": -3.49,
        "lon_min": 34.56,
        "lon_max": 34.57
      },
      {
        "city": "Mbinga",
        "state": "Ruvuma Region",
        "state_abbr": "RV",
        "postcode_prefix": "57",
        "lat_min": -11.05,
        "lat_max": -11.04,
        "lon_min": 34.98,
        "lon_max": 34.99
      },
      {
        "city": "Uyui",
        "state": "Tabora Region",
        "state_abbr": "TB",
        "postcode_prefix": "45",
        "lat_min": -4.93,
        "lat_max": -4.92,
        "lon_min": 32.78,
        "lon_max": 32.79
      },
      {
        "city": "Mbulu",
        "state": "Manyara Region",
        "state_abbr": "MY",
        "postcode_prefix": "27",
        "lat_min": -3.86,
        "lat_max": -3.85,
        "lon_min": 35.54,
        "lon_max": 35.55
      },
      {
        "city": "Mkuranga",
        "state": "Pwani Region",
        "state_abbr": "PW",
        "postcode_prefix": "61",
        "lat_min": -7.18,
        "lat_max": -7.17,
        "lon_min": 39.19,
        "lon_max": 39.2
      },
      {
        "city": "Tarime",
        "state": "Mara Region",
        "state_abbr": "MA",
        "postcode_prefix": "31",
        "lat_min": -1.35,
        "lat_max": -1.34,
        "lon_min": 34.38,
        "lon_max": 34.39
      },
      {
        "city": "Longido",
        "state": "Arusha Region",
        "state_abbr": "AR",
        "postcode_prefix": "23",
        "lat_min": -2.73,
        "lat_max": -2.72,
        "lon_min": 36.69,
        "lon_max": 36.7
      },
      {
        "city": "Monduli",
        "state": "Arusha Region",
        "state_abbr": "AR",
        "postcode_prefix": "23",
        "lat_min": -3.31,
        "lat_max": -3.3,
        "lon_min": 36.45,
        "lon_max": 36.46
      },
      {
        "city": "Ngorongoro",
        "state": "Arusha Region",
        "state_abbr": "AR",
        "postcode_prefix": "23",
        "lat_min": -3.24,
        "lat_max": -3.23,
        "lon_min": 35.49,
        "lon_max": 35.5
      },
      {
        "city": "Rufiji",
        "state": "Pwani Region",
        "state_abbr": "PW",
        "postcode_prefix": "61",
        "lat_min": -7.96,
        "lat_max": -7.95,
        "lon_min": 38.87,
        "lon_max": 38.88
      },
      {
        "city": "Mafinga",
        "state": "Iringa Region",
        "state_abbr": "IG",
        "postcode_prefix": "51",
        "lat_min": -8.35,
        "lat_max": -8.34,
        "lon_min": 35.36,
        "lon_max": 35.37
      },
      {
        "city": "Chunya",
        "state": "Mbeya Region",
        "state_abbr": "MB",
        "postcode_prefix": "53",
        "lat_min": -8.53,
        "lat_max": -8.52,
        "lon_min": 33.43,
        "lon_max": 33.44
      },
      {
        "city": "Mpwapwa",
        "state": "Dodoma Region",
        "state_abbr": "DO",
        "postcode_prefix": "41",
        "lat_min": -6.35,
        "lat_max": -6.34,
        "lon_min": 36.49,
        "lon_max": 36.5
      },
      {
        "city": "Kilindi",
        "state": "Tanga Region",
        "state_abbr": "TG",
        "postcode_prefix": "21",
        "lat_min": -5.62,
        "lat_max": -5.61,
        "lon_min": 37.58,
        "lon_max": 37.59
      },
      {
        "city": "Magu",
        "state": "Mwanza Region",
        "state_abbr": "MW",
        "postcode_prefix": "33",
        "lat_min": -2.58,
        "lat_max": -2.57,
        "lon_min": 33.44,
        "lon_max": 33.45
      },
      {
        "city": "Sengerema",
        "state": "Mwanza Region",
        "state_abbr": "MW",
        "postcode_prefix": "33",
        "lat_min": -2.62,
        "lat_max": -2.61,
        "lon_min": 32.57,
        "lon_max": 32.58
      }
    ]
  },
  "streets_by_city": {
    "Dar es Salaam": [
      "Samora Avenue",
      "Ali Hassan Mwinyi Road",
      "Morogoro Road",
      "Bagamoyo Road",
      "Nyerere Road",
      "Uhuru Street",
      "Bibi Titi Mohamed Street",
      "Azikiwe Street",
      "Sokoine Drive",
      "Luthuli Street",
      "India Street",
      "Mkwepu Street",
      "Libya Street",
      "Msimbazi Street",
      "Kilwa Road",
      "Nelson Mandela Road",
      "Barack Obama Drive",
      "Kawawa Road",
      "Maktaba Street",
      "Pugu Road",
      "Kigamboni Ferry Road",
      "Nkrumah Street",
      "Jamhuri Street",
      "Ohio Street",
      "Kisutu Street",
      "Selander Bridge Road",
      "Toure Drive",
      "Ocean Road",
      "Aga Khan Road",
      "Upanga Road",
      "United Nations Road",
      "Garden Avenue",
      "Malik Road",
      "Lumumba Street",
      "Livingstone Street",
      "Mchafukoge Road",
      "Ilala Road",
      "Chang'ombe Road",
      "Keko Road",
      "Temeke Road",
      "Mbagala Road",
      "Rangitatu Road",
      "Charambe Road",
      "Vijibweni Road",
      "Mtoni Road",
      "Tandika Road",
      "Yombo Vituka Road",
      "Kimara Road",
      "Ubungo Road",
      "University of Dar es Salaam Road",
      "Mwenge Road",
      "Shekilango Road",
      "Sinza Road",
      "Kijitonyama Road",
      "Manzese Road",
      "Tandale Road",
      "Vingunguti Road",
      "Segerea Road",
      "Tabata Road",
      "External Road",
      "Mandela Road",
      "Old Bagamoyo Road",
      "New Bagamoyo Road",
      "Tegeta Road",
      "Kawe Road",
      "Mikocheni Road",
      "Osterbay Road",
      "Masaki Road",
      "Chole Road",
      "Haile Selassie Road",
      "Msasani Road",
      "Peninsula Road",
      "Slipway Road",
      "Yacht Club Road",
      "Sea View Road",
      "Kinondoni Road",
      "Magomeni Road",
      "River Road Dar es Salaam",
      "Gerezani Road",
      "Kariakoo Road",
      "Mnazi Mmoja Road",
      "Zanaki Street",
      "Kichwele Street",
      "Swahili Street",
      "Mission Street",
      "Bridge Street Dar es Salaam",
      "Ferry Street",
      "Band Street",
      "Railway Street Dar es Salaam",
      "Post Office Road",
      "Mosque Street",
      "Sewa Haji Road",
      "Aggrey Street",
      "Sikukuu Street",
      "Indira Gandhi Road",
      "Msimbazi Creek Road",
      "Jangwani Road",
      "Tangi Bovu Road",
      "Mbezi Beach Road",
      "Africana Road"
    ],
    "Dodoma": [
      "Independence Avenue",
      "Nyerere Road",
      "Bahi Road",
      "Uhuru Street",
      "Railway Street",
      "Market Street",
      "Stadium Road",
      "University Road",
      "Hospital Road",
      "Airport Road",
      "Dar es Salaam Highway",
      "Iringa Road",
      "Arusha Highway",
      "Government Street",
      "Isanga Road",
      "Sabasaba Street",
      "Mlimwa Road",
      "Hazina Street",
      "Chamwino Road",
      "Viwandani Street",
      "Majengo Street",
      "Nzuguni Road",
      "Kikuyu Road",
      "Mbabala Road",
      "Zuzu Road"
    ],
    "Mwanza": [
      "Kenyatta Road",
      "Station Road",
      "Nyerere Road",
      "Post Street",
      "Uhuru Street",
      "Market Street",
      "Balewa Road",
      "Makongoro Road",
      "Lumumba Street",
      "Airport Road",
      "Capri Point Road",
      "Nkrumah Road",
      "Rwagasore Road",
      "Mwaloni Road",
      "Pamba Road",
      "Isamilo Road",
      "Buzuruga Road",
      "Butimba Road",
      "Igoma Road",
      "Industrial Road",
      "Mirongo Road",
      "Rock City Road",
      "Bismarck Street",
      "Nyamagana Road",
      "Kamanga Road"
    ],
    "Arusha": [
      "Sokoine Road",
      "Boma Road",
      "Goliondoi Road",
      "Makongoro Road",
      "Azimio Street",
      "Stadium Road",
      "Fire Road",
      "Old Moshi Road",
      "Nairobi Road",
      "Simeon Road",
      "Swahili Street",
      "India Street",
      "Colonel Middleton Road",
      "Haile Selassie Road",
      "Nyerere Road",
      "Engira Road",
      "Levolosi Road",
      "Njiro Road",
      "Themi Road",
      "Kijenge Road",
      "Mosquito Creek Road",
      "Sekei Road",
      "Via Arusha Road",
      "Corridor Road",
      "Weru Weru Road"
    ],
    "Mbeya": [
      "Jacaranda Road",
      "Lupa Road",
      "Acacia Avenue",
      "Karume Avenue",
      "Market Street",
      "Hospital Road",
      "Airport Road",
      "Iringa Highway",
      "Songwe Road",
      "Uhuru Street",
      "Nyerere Road",
      "Stadium Road",
      "Industrial Road",
      "University Road",
      "Zambia Highway",
      "Sisimba Road",
      "Majengo Road",
      "Iwambi Road",
      "Forest Road",
      "Uyole Road",
      "Nzovwe Road",
      "Iduda Road",
      "Ihalula Road",
      "Ruanda Road",
      "Igawilo Road"
    ],
    "Zanzibar City": [
      "Creek Road",
      "Kenyatta Road",
      "Gizenga Street",
      "Hurumzi Street",
      "Malawi Road",
      "Shangani Street",
      "Cathedral Street",
      "Baghani Street",
      "Mkunazini Street",
      "Vuga Road",
      "Mizingani Street",
      "New Mkunazini Road",
      "Karume Road",
      "Nyerere Road",
      "Forodhani Street",
      "Darajani Street",
      "Kiponda Street",
      "Soko Muhogo Street",
      "Funguni Street",
      "Mlandege Street",
      "Amani Road",
      "Michenzani Street",
      "Kwahani Street",
      "Mwembe Ladu Road",
      "Vikokotoni Street"
    ],
    "Tanga": [
      "Independence Avenue",
      "Market Street",
      "Usambara Street",
      "Hospital Road",
      "Uhuru Street",
      "Mkwakwani Road",
      "Bombo Road",
      "Custom Road",
      "Ocean Road",
      "Swahili Street",
      "Commerce Street",
      "Stadium Road",
      "Railway Road",
      "Industrial Road",
      "Nyerere Road",
      "Airport Road",
      "Pangani Road",
      "Ngamiani Road",
      "Duga Road",
      "Chumbageni Road",
      "Makorora Road",
      "Mabokweni Road",
      "Tongoni Road",
      "Raskazone Road",
      "Msambweni Road"
    ],
    "Morogoro": [
      "Station Road",
      "Uhuru Road",
      "Market Street",
      "Boma Road",
      "Hospital Road",
      "Old Dar es Salaam Road",
      "Iringa Road",
      "Kingo Road",
      "Mwembesongo Road",
      "Kilakala Road",
      "Bigwa Road",
      "Kingalu Road",
      "Nunge Road",
      "SUA Road",
      "Mzumbe Road",
      "Mazimbu Road",
      "Mlimani Road",
      "Chamwino Road",
      "Kihonda Road",
      "Mafiga Road",
      "Sabasaba Road",
      "Stadium Road",
      "Nyerere Road",
      "Sultan Road",
      "Kichangani Road"
    ],
    "Tabora": [
      "Station Road",
      "Market Street",
      "Uhuru Street",
      "Boma Road",
      "Livingstone Street",
      "Lumumba Street",
      "Nyerere Road",
      "Airport Road",
      "Hospital Road",
      "Industrial Road",
      "Isevya Road",
      "Nzega Road",
      "Sikonge Road",
      "Uyui Road",
      "Ipuli Road",
      "Cheyo Road",
      "Stadium Road",
      "Itetemia Road",
      "Kakola Road",
      "Mbugani Road",
      "Railway Street",
      "School Street",
      "Kwihara Road",
      "Ikomwa Road",
      "Malolo Road"
    ],
    "Iringa": [
      "Uhuru Avenue",
      "Market Street",
      "Mkwawa Road",
      "Hospital Road",
      "Dodoma Road",
      "Mbeya Highway",
      "Stadium Road",
      "Gangilonga Road",
      "Kalenga Road",
      "Kitwiru Road",
      "Ipogoro Road",
      "Mlandege Road",
      "Image Road",
      "Nduli Road",
      "Ruaha Road",
      "Kilolo Road",
      "Tanangozi Road",
      "Miyomboni Road",
      "Isimila Road",
      "Lugalo Road",
      "Nyerere Road",
      "Railway Road",
      "Industrial Road",
      "University Road",
      "School Road"
    ],
    "Moshi": [
      "Market Street",
      "Boma Road",
      "Chagga Street",
      "Rindi Road",
      "Aga Khan Road",
      "Hill Street",
      "Kibo Road",
      "Uhuru Street",
      "Stadium Road",
      "Hospital Road",
      "Old Moshi Road",
      "Marangu Road",
      "Himo Road",
      "Nyerere Road",
      "Shanty Town Road",
      "Kiboriloni Road",
      "Pasua Road",
      "Soweto Road",
      "Bondeni Road",
      "Rau Road",
      "Industrial Road",
      "Railway Street",
      "Airport Road",
      "KCMC Road",
      "Kilimanjaro Road"
    ],
    "Songea": [
      "Market Street",
      "Uhuru Road",
      "Boma Road",
      "Hospital Road",
      "Airport Road",
      "Namtumbo Road",
      "Tunduru Road",
      "Peramiho Road",
      "Mshangano Street",
      "Stadium Road",
      "Matogoro Road",
      "Ruvuma Road",
      "Industrial Road",
      "Likuyuseka Road",
      "Government Road",
      "Nyerere Road",
      "Subira Road",
      "Mfelinuru Road",
      "Bomani Road",
      "School Road",
      "Majengo Road",
      "Msamala Road",
      "Majimaji Road",
      "Church Road",
      "Railway Road"
    ],
    "Musoma": [
      "Market Street",
      "Uhuru Road",
      "Boma Road",
      "Makoko Road",
      "Mukendo Road",
      "Mara Road",
      "Kenyatta Road",
      "Hospital Road",
      "Airport Road",
      "Lake Street",
      "Stadium Road",
      "Nyerere Road",
      "Industrial Road",
      "Tarime Road",
      "Government Road",
      "Mission Road",
      "School Road",
      "Majengo Road",
      "Butiama Road",
      "Kabasa Road",
      "Kwiro Road",
      "Majita Road",
      "Nyambiti Road",
      "Railway Road",
      "Musoma Bay Road"
    ],
    "Kigoma": [
      "Market Street",
      "Uhuru Road",
      "Lumumba Road",
      "Bangwe Road",
      "Ujiji Road",
      "Lake Street",
      "Boma Road",
      "Hospital Road",
      "Railway Street",
      "Station Road",
      "Airport Road",
      "Nyerere Road",
      "Livingstone Road",
      "Government Road",
      "Industrial Road",
      "Mwanga Road",
      "Gungu Road",
      "Katonga Road",
      "Kibirizi Road",
      "Stadium Road",
      "School Road",
      "Majengo Road",
      "Kasulu Road",
      "Beach Road",
      "Hilltop Road"
    ],
    "Sumbawanga": [
      "Market Street",
      "Uhuru Road",
      "Boma Road",
      "Hospital Road",
      "Airport Road",
      "Mpanda Road",
      "Tunduma Road",
      "Lake Rukwa Road",
      "Stadium Road",
      "Nyerere Road",
      "Industrial Road",
      "Government Road",
      "Moravian Road",
      "School Road",
      "Majengo Road",
      "Katumba Road",
      "Laela Road",
      "Pito Road",
      "Church Road",
      "Railway Road",
      "Kamsamba Road",
      "Matai Road",
      "Ilemba Road",
      "Msanzi Road",
      "Kasanga Road"
    ],
    "Bukoba": [
      "Market Street",
      "Uhuru Road",
      "Boma Road",
      "Aerodrome Road",
      "Jamhuri Road",
      "Lake Road",
      "Kashozi Road",
      "Hospital Road",
      "Nyerere Road",
      "Government Road",
      "Stadium Road",
      "Industrial Road",
      "Bunazi Road",
      "School Road",
      "Majengo Road",
      "Kagera Road",
      "Beach Road",
      "Hamugembe Road",
      "Maruku Road",
      "Bilele Road",
      "Mission Road",
      "Church Road",
      "Uganda Road",
      "Port Road",
      "Nyamukazi Road"
    ],
    "Shinyanga": [
      "Market Street",
      "Uhuru Road",
      "Boma Road",
      "Hospital Road",
      "Airport Road",
      "Mwanza Road",
      "Tabora Road",
      "Stadium Road",
      "Nyerere Road",
      "Government Road",
      "Industrial Road",
      "School Road",
      "Majengo Road",
      "Old Shinyanga Road",
      "Lubaga Road",
      "Kambarage Road",
      "Ibadakuli Road",
      "Church Road",
      "Railway Road",
      "Sekenke Road",
      "Mission Road",
      "Tinde Road",
      "Royal Road",
      "Diamond Road",
      "Kahama Road"
    ],
    "Lindi": [
      "Market Street",
      "Uhuru Road",
      "Ocean Road",
      "Boma Road",
      "Hospital Road",
      "Airport Road",
      "Mtwara Road",
      "Kilwa Road",
      "Nyerere Road",
      "Government Road",
      "Stadium Road",
      "Industrial Road",
      "School Road",
      "Majengo Road",
      "Mikindani Road",
      "Beach Road",
      "Nachingwea Road",
      "Port Road",
      "Liwale Road",
      "Church Road",
      "Railway Road",
      "Mingoyo Road",
      "Rutamba Road",
      "Mtama Road",
      "Kitunda Road"
    ],
    "Mtwara": [
      "Market Street",
      "Uhuru Road",
      "Boma Road",
      "Shangani Road",
      "Hospital Road",
      "Airport Road",
      "Lindi Road",
      "Masasi Road",
      "Port Road",
      "Mikindani Road",
      "Nyerere Road",
      "Government Road",
      "Stadium Road",
      "Industrial Road",
      "School Road",
      "Majengo Road",
      "Beach Road",
      "Mozambique Road",
      "Ligula Road",
      "Newala Road",
      "Church Road",
      "Railway Road",
      "Naliendele Road",
      "Mangaka Road",
      "Msimbati Road"
    ],
    "Singida": [
      "Market Street",
      "Uhuru Road",
      "Boma Road",
      "Hospital Road",
      "Airport Road",
      "Dodoma Road",
      "Arusha Road",
      "Nzega Road",
      "Stadium Road",
      "Nyerere Road",
      "Government Road",
      "Industrial Road",
      "School Road",
      "Majengo Road",
      "Lake Road",
      "Church Road",
      "Railway Road",
      "Mission Road",
      "Manyoni Road",
      "Ikungi Road",
      "Ilongero Road",
      "Mtinko Road",
      "Iguguno Road",
      "Itigi Road",
      "Sepuka Road"
    ],
    "Babati": [
      "Market Street",
      "Uhuru Road",
      "Boma Road",
      "Hospital Road",
      "Arusha Road",
      "Dodoma Road",
      "Kondoa Road",
      "Stadium Road",
      "Nyerere Road",
      "Government Road",
      "School Road",
      "Industrial Road",
      "Majengo Road",
      "Lake Road",
      "Hanang Road",
      "Dareda Road",
      "Mbulu Road",
      "Church Road",
      "Gallapo Road",
      "Magugu Road",
      "Kiru Road",
      "Endanachan Road",
      "Mamire Road",
      "Mission Road",
      "Railway Road"
    ],
    "Mpanda": [
      "Market Street",
      "Uhuru Road",
      "Boma Road",
      "Hospital Road",
      "Airport Road",
      "Sumbawanga Road",
      "Tabora Road",
      "Stadium Road",
      "Nyerere Road",
      "Government Road",
      "Industrial Road",
      "School Road",
      "Majengo Road",
      "Katavi Road",
      "Inyonga Road",
      "Church Road",
      "Railway Road",
      "Mission Road",
      "Karema Road",
      "Lake Road",
      "Ikola Road",
      "Uruwira Road",
      "Mishamo Road",
      "Kapenta Road",
      "Kasanga Road"
    ],
    "Njombe": [
      "Market Street",
      "Uhuru Road",
      "Boma Road",
      "Hospital Road",
      "Airport Road",
      "Iringa Road",
      "Songea Road",
      "Makete Road",
      "Stadium Road",
      "Nyerere Road",
      "Government Road",
      "Industrial Road",
      "School Road",
      "Majengo Road",
      "Lupembe Road",
      "Church Road",
      "Ramadhani Road",
      "Igominyi Road",
      "Uwemba Road",
      "Ludewa Road",
      "Matembela Road",
      "Kifanya Road",
      "Mission Road",
      "Lugoda Road",
      "Itulike Road"
    ],
    "Geita": [
      "Market Street",
      "Uhuru Road",
      "Boma Road",
      "Hospital Road",
      "Mwanza Road",
      "Kahama Road",
      "Stadium Road",
      "Nyerere Road",
      "Government Road",
      "Industrial Road",
      "School Road",
      "Majengo Road",
      "Gold Street",
      "Mining Road",
      "Bukoli Road",
      "Church Road",
      "Mission Road",
      "Katoro Road",
      "Nzela Road",
      "Kasamwa Road",
      "Bulyanhulu Road",
      "Buziba Road",
      "Geita Gold Road",
      "Railway Road",
      "Lake Road"
    ],
    "Simiyu": [
      "Market Street",
      "Uhuru Road",
      "Boma Road",
      "Hospital Road",
      "Mwanza Road",
      "Shinyanga Road",
      "Stadium Road",
      "Nyerere Road",
      "Government Road",
      "School Road",
      "Majengo Road",
      "Meatu Road",
      "Maswa Road",
      "Church Road",
      "Industrial Road",
      "Mission Road",
      "Lalago Road",
      "Bariadi Road",
      "Itilima Road",
      "Kisesa Road",
      "Bulungwa Road",
      "Dutwa Road",
      "Mwamishali Road",
      "Nkoma Road",
      "Lake Road"
    ],
    "Kibaha": [
      "Market Street",
      "Uhuru Road",
      "Boma Road",
      "Dar es Salaam Road",
      "Hospital Road",
      "Morogoro Road",
      "Stadium Road",
      "Nyerere Road",
      "Government Road",
      "Industrial Road",
      "School Road",
      "Majengo Road",
      "Mlandizi Road",
      "Tumbi Road",
      "Ruvu Road",
      "Church Road",
      "Mission Road",
      "Railway Road",
      "Bagamoyo Road",
      "Airport Road",
      "KIA Road",
      "Magindu Road",
      "Visiga Road",
      "Picha ya Ndege Road",
      "Coastal Road"
    ],
    "Kasulu": [
      "Market Street",
      "Uhuru Road",
      "Boma Road",
      "Hospital Road",
      "Kigoma Road",
      "Kibondo Road",
      "Stadium Road",
      "Government Road",
      "School Road",
      "Majengo Road",
      "Nyerere Road",
      "Church Road",
      "Industrial Road",
      "Mission Road",
      "Rungwe Road",
      "Heru Juu Road",
      "Mvinza Road",
      "Mugera Road",
      "Nyarugusu Road",
      "Kitanga Road",
      "Railway Road",
      "Titye Road",
      "Lake Road",
      "Bilenge Road",
      "Kabanga Road"
    ],
    "Kondoa": [
      "Market Street",
      "Uhuru Road",
      "Boma Road",
      "Hospital Road",
      "Dodoma Road",
      "Babati Road",
      "Stadium Road",
      "Nyerere Road",
      "Government Road",
      "School Road",
      "Majengo Road",
      "Church Road",
      "Industrial Road",
      "Mission Road",
      "Irangi Road",
      "Kolo Road",
      "Rock Art Road",
      "Haubi Road",
      "Busi Road",
      "Pahi Road",
      "Bereku Road",
      "Songe Road",
      "Mnenia Road",
      "Salanka Road",
      "Historical Road"
    ],
    "Kahama": [
      "Market Street",
      "Uhuru Road",
      "Boma Road",
      "Hospital Road",
      "Shinyanga Road",
      "Geita Road",
      "Stadium Road",
      "Nyerere Road",
      "Government Road",
      "School Road",
      "Industrial Road",
      "Majengo Road",
      "Mining Road",
      "Gold Street",
      "Bukoli Road",
      "Church Road",
      "Isaka Road",
      "Railway Road",
      "Nzega Road",
      "Mission Road",
      "Kagongwa Road",
      "Busangi Road",
      "Mwendakulima Road",
      "Nyahanga Road",
      "Bugarama Road"
    ],
    "Bagamoyo": [
      "Market Street",
      "Uhuru Road",
      "Boma Road",
      "Ocean Road",
      "Caravan Road",
      "Hospital Road",
      "Beach Road",
      "Historical Road",
      "Heritage Street",
      "Kaole Road",
      "Nyerere Road",
      "Government Road",
      "School Road",
      "Church Road",
      "Mission Road",
      "India Street",
      "Custom Road",
      "Old Arab Road",
      "Slave Route Road",
      "Livingstone Street",
      "Burton Street",
      "Port Road",
      "Coastal Road",
      "Mangrove Road",
      "Cemetery Road"
    ],
    "Pangani": [
      "Market Street",
      "Uhuru Road",
      "Ocean Road",
      "Hospital Road",
      "Beach Road",
      "Boma Road",
      "Heritage Street",
      "Historical Road",
      "Tanga Road",
      "Government Road",
      "School Road",
      "Church Road",
      "Slave Route Road",
      "Indian Street",
      "Mission Road",
      "River Road",
      "Coastal Road",
      "Mangrove Road",
      "Mosque Road",
      "Custom Road",
      "Arab Street",
      "Fort Road",
      "Ruins Road",
      "Swahili Street",
      "Fishermen Road"
    ],
    "Mikumi": [
      "Market Street",
      "Uhuru Road",
      "Dar es Salaam Highway",
      "Iringa Highway",
      "Morogoro Road",
      "National Park Road",
      "Safari Road",
      "Hospital Road",
      "Government Road",
      "School Road",
      "Majengo Road",
      "Stadium Road",
      "Church Road",
      "Industrial Road",
      "Railway Road",
      "Mission Road",
      "Wildlife Road",
      "Nyerere Road",
      "Selous Road",
      "Udzungwa Road",
      "Lumango Road",
      "Camp Road",
      "Gate Road",
      "Bush Road",
      "Savanna Road"
    ],
    "Same": [
      "Market Street",
      "Uhuru Road",
      "Boma Road",
      "Hospital Road",
      "Moshi Road",
      "Dar es Salaam Road",
      "Stadium Road",
      "Government Road",
      "School Road",
      "Majengo Road",
      "Nyerere Road",
      "Church Road",
      "Industrial Road",
      "Pare Road",
      "Mkomazi Road",
      "Hedaru Road",
      "Kisiwani Road",
      "Vudee Road",
      "Railway Road",
      "Mission Road",
      "Mbaga Road",
      "Gonja Road",
      "Makanya Road",
      "Chome Road",
      "Njoro Road"
    ],
    "Kilwa Masoko": [
      "Market Street",
      "Uhuru Road",
      "Ocean Road",
      "Historical Road",
      "Heritage Street",
      "Hospital Road",
      "Boma Road",
      "Government Road",
      "Beach Road",
      "Ruins Road",
      "UNESCO Road",
      "Fort Road",
      "Songo Mnara Road",
      "Kisiwani Road",
      "Lindi Road",
      "Dar es Salaam Road",
      "School Road",
      "Church Road",
      "Mission Road",
      "Fishing Road",
      "Mangrove Road",
      "Arab Street",
      "Port Road",
      "Swahili Street",
      "Nyerere Road"
    ],
    "Ifakara": [
      "Market Street",
      "Uhuru Road",
      "Hospital Road",
      "Boma Road",
      "Kilombero Road",
      "Morogoro Road",
      "Mahenge Road",
      "Government Road",
      "School Road",
      "Majengo Road",
      "Stadium Road",
      "Church Road",
      "Nyerere Road",
      "Industrial Road",
      "Mission Road",
      "Rice Road",
      "River Road",
      "Valley Road",
      "Lumemo Road",
      "Kibaoni Road",
      "Railway Road",
      "Bridge Road",
      "Sugar Road",
      "Farm Road",
      "Wetland Road"
    ],
    "Karatu": [
      "Market Street",
      "Uhuru Road",
      "Boma Road",
      "Hospital Road",
      "Ngorongoro Road",
      "Arusha Road",
      "Stadium Road",
      "Government Road",
      "School Road",
      "Nyerere Road",
      "Church Road",
      "Safari Road",
      "Highland Road",
      "Farm Road",
      "Iraqw Road",
      "Mission Road",
      "Coffee Road",
      "Wheat Road",
      "Tourist Road",
      "Crater Road",
      "Lodge Road",
      "Vineyard Road",
      "Plantation Road",
      "Forest Road",
      "Valley Road"
    ],
    "Handeni": [
      "Market Street",
      "Uhuru Road",
      "Boma Road",
      "Hospital Road",
      "Tanga Road",
      "Dar es Salaam Road",
      "Government Road",
      "School Road",
      "Majengo Road",
      "Nyerere Road",
      "Church Road",
      "Industrial Road",
      "Mission Road",
      "Korogwe Road",
      "Kilindi Road",
      "Pangani Road",
      "Railway Road",
      "Stadium Road",
      "Sisal Road",
      "Farm Road",
      "River Road",
      "Valley Road",
      "Mountain Road",
      "Village Road",
      "School Street"
    ],
    "Tukuyu": [
      "Market Street",
      "Uhuru Road",
      "Boma Road",
      "Hospital Road",
      "Mbeya Road",
      "Kyela Road",
      "Stadium Road",
      "Government Road",
      "School Road",
      "Nyerere Road",
      "Church Road",
      "Mission Road",
      "Tea Road",
      "Mountain Road",
      "Rungwe Road",
      "Kiwira Road",
      "Masoko Road",
      "Forest Road",
      "Crater Road",
      "Farm Road",
      "Valley Road",
      "River Road",
      "Coffee Road",
      "Banana Road",
      "Highland Road"
    ],
    "Nzega": [
      "Market Street",
      "Uhuru Road",
      "Boma Road",
      "Hospital Road",
      "Tabora Road",
      "Shinyanga Road",
      "Stadium Road",
      "Government Road",
      "School Road",
      "Nyerere Road",
      "Church Road",
      "Industrial Road",
      "Mission Road",
      "Railway Road",
      "Mining Road",
      "Igunga Road",
      "Puge Road",
      "Nata Road",
      "Isanzu Road",
      "Farm Road",
      "Majengo Road",
      "Village Road",
      "School Street",
      "Salt Road",
      "Cotton Road"
    ],
    "Makambako": [
      "Market Street",
      "Uhuru Road",
      "Boma Road",
      "Hospital Road",
      "Iringa Road",
      "Njombe Road",
      "Songea Road",
      "Government Road",
      "School Road",
      "Nyerere Road",
      "Church Road",
      "Railway Road",
      "Industrial Road",
      "Stadium Road",
      "Mission Road",
      "Majengo Road",
      "Junction Road",
      "Highland Road",
      "Farm Road",
      "Village Road",
      "Tea Road",
      "Timber Road",
      "River Road",
      "Valley Road",
      "Mountain Road"
    ],
    "Uvinza": [
      "Market Street",
      "Uhuru Road",
      "Boma Road",
      "Hospital Road",
      "Kigoma Road",
      "Tabora Road",
      "Government Road",
      "School Road",
      "Nyerere Road",
      "Church Road",
      "Salt Road",
      "Railway Road",
      "Industrial Road",
      "Mission Road",
      "Lake Road",
      "River Road",
      "Village Road",
      "Farm Road",
      "Mining Road",
      "Station Road",
      "Majengo Road",
      "Valley Road",
      "Ilagala Road",
      "Nguruka Road",
      "Settlement Road"
    ],
    "Chake Chake": [
      "Market Street",
      "Uhuru Road",
      "Boma Road",
      "Hospital Road",
      "Airport Road",
      "Wete Road",
      "Mkoani Road",
      "Government Road",
      "Beach Road",
      "Port Road",
      "Nyerere Road",
      "School Road",
      "Church Road",
      "Mosque Road",
      "Clove Road",
      "Coconut Road",
      "Heritage Road",
      "Old Fort Road",
      "Mission Road",
      "Agricultural Road",
      "Fishing Road",
      "Mangrove Road",
      "Revolution Road",
      "Spice Road",
      "Island Road"
    ],
    "Korogwe": [
      "Market Street",
      "Uhuru Road",
      "Boma Road",
      "Hospital Road",
      "Tanga Road",
      "Handeni Road",
      "Government Road",
      "School Road",
      "Nyerere Road",
      "Church Road",
      "Industrial Road",
      "Railway Road",
      "Stadium Road",
      "Mission Road",
      "Usambara Road",
      "Sisal Road",
      "Mombo Road",
      "Lushoto Road",
      "Majengo Road",
      "River Road",
      "Mountain Road",
      "Farm Road",
      "Bridge Road",
      "Valley Road",
      "Sugar Road"
    ],
    "Kyela": [
      "Market Street",
      "Uhuru Road",
      "Boma Road",
      "Hospital Road",
      "Mbeya Road",
      "Malawi Road",
      "Government Road",
      "School Road",
      "Nyerere Road",
      "Church Road",
      "Border Road",
      "Lake Road",
      "Rice Road",
      "Cocoa Road",
      "Mission Road",
      "River Road",
      "Port Road",
      "Farm Road",
      "Industrial Road",
      "Stadium Road",
      "Majengo Road",
      "Bridge Road",
      "Matema Road",
      "Ipinda Road",
      "Banana Road"
    ],
    "Biharamulo": [
      "Market Street",
      "Uhuru Road",
      "Boma Road",
      "Hospital Road",
      "Bukoba Road",
      "Lusahunga Road",
      "Government Road",
      "School Road",
      "Nyerere Road",
      "Church Road",
      "Mission Road",
      "Stadium Road",
      "Industrial Road",
      "Lake Road",
      "Village Road",
      "Farm Road",
      "Forest Road",
      "Mining Road",
      "Majengo Road",
      "Valley Road",
      "Kagera Road",
      "Bridge Road",
      "River Road",
      "Coffee Road",
      "Banana Road"
    ],
    "Kibondo": [
      "Market Street",
      "Uhuru Road",
      "Boma Road",
      "Hospital Road",
      "Kasulu Road",
      "Kigoma Road",
      "Government Road",
      "School Road",
      "Nyerere Road",
      "Church Road",
      "Mission Road",
      "Stadium Road",
      "Industrial Road",
      "Village Road",
      "Farm Road",
      "River Road",
      "Valley Road",
      "Majengo Road",
      "Border Road",
      "Refugee Road",
      "Mabamba Road",
      "Busunzu Road",
      "Kakonko Road",
      "Railway Road",
      "Cotton Road"
    ],
    "Masasi": [
      "Market Street",
      "Uhuru Road",
      "Boma Road",
      "Hospital Road",
      "Mtwara Road",
      "Lindi Road",
      "Government Road",
      "School Road",
      "Nyerere Road",
      "Church Road",
      "Mission Road",
      "Stadium Road",
      "Industrial Road",
      "Village Road",
      "Farm Road",
      "Cashew Road",
      "Majengo Road",
      "Nachingwea Road",
      "Newala Road",
      "Mangaka Road",
      "River Road",
      "Valley Road",
      "Cotton Road",
      "Sisal Road",
      "Bridge Road"
    ],
    "Nachingwea": [
      "Market Street",
      "Uhuru Road",
      "Boma Road",
      "Hospital Road",
      "Lindi Road",
      "Masasi Road",
      "Government Road",
      "School Road",
      "Nyerere Road",
      "Church Road",
      "Mission Road",
      "Industrial Road",
      "Village Road",
      "Farm Road",
      "Airstrip Road",
      "Maji Maji Road",
      "Railway Road",
      "Valley Road",
      "River Road",
      "Majengo Road",
      "Liwale Road",
      "Ruangwa Road",
      "Cashew Road",
      "Cotton Road",
      "Sisal Road"
    ],
    "Muheza": [
      "Market Street",
      "Uhuru Road",
      "Boma Road",
      "Hospital Road",
      "Tanga Road",
      "Pangani Road",
      "Government Road",
      "School Road",
      "Nyerere Road",
      "Church Road",
      "Mission Road",
      "Amani Road",
      "Tea Road",
      "Sisal Road",
      "Railway Road",
      "Farm Road",
      "Mountain Road",
      "Village Road",
      "River Road",
      "Korogwe Road",
      "Majengo Road",
      "Industrial Road",
      "Valley Road",
      "Usambara Road",
      "Forest Road"
    ],
    "Nansio": [
      "Market Street",
      "Uhuru Road",
      "Boma Road",
      "Hospital Road",
      "Airport Road",
      "Government Road",
      "School Road",
      "Nyerere Road",
      "Church Road",
      "Mission Road",
      "Lake Road",
      "Beach Road",
      "Port Road",
      "Fishing Road",
      "Island Road",
      "Village Road",
      "Farm Road",
      "River Road",
      "Bridge Road",
      "Majengo Road",
      "Ferry Road",
      "Cotton Road",
      "Cassava Road",
      "Industrial Road",
      "Stadium Road"
    ],
    "Mafia Island": [
      "Market Street",
      "Beach Road",
      "Airport Road",
      "Hospital Road",
      "Government Road",
      "Kilindoni Road",
      "Fishing Road",
      "Marine Park Road",
      "Diving Road",
      "Chole Road",
      "Nyerere Road",
      "Coconut Road",
      "Mangrove Road",
      "School Road",
      "Church Road",
      "Mission Road",
      "Port Road",
      "Island Road",
      "Heritage Road",
      "Coral Road",
      "Whale Shark Road",
      "Tourism Road",
      "Village Road",
      "Farm Road",
      "Uhuru Road"
    ],
    "Wete": [
      "Market Street",
      "Uhuru Road",
      "Boma Road",
      "Hospital Road",
      "Chake Chake Road",
      "Government Road",
      "School Road",
      "Nyerere Road",
      "Port Road",
      "Church Road",
      "Mosque Road",
      "Clove Road",
      "Coconut Road",
      "Beach Road",
      "Mission Road",
      "Agricultural Road",
      "Fishing Road",
      "Spice Road",
      "Island Road",
      "Heritage Road",
      "Revolution Road",
      "Mangrove Road",
      "Village Road",
      "Farm Road",
      "Industrial Road"
    ],
    "Namtumbo": [
      "Market Street",
      "Uhuru Road",
      "Boma Road",
      "Hospital Road",
      "Songea Road",
      "Government Road",
      "School Road",
      "Nyerere Road",
      "Church Road",
      "Mission Road",
      "Village Road",
      "Farm Road",
      "River Road",
      "Valley Road",
      "Forest Road",
      "Selous Road",
      "Wildlife Road",
      "Majengo Road",
      "Industrial Road",
      "Bridge Road",
      "Mountain Road",
      "Nature Road",
      "Coffee Road",
      "Tobacco Road",
      "Stadium Road"
    ],
    "Liwale": [
      "Market Street",
      "Uhuru Road",
      "Boma Road",
      "Hospital Road",
      "Lindi Road",
      "Nachingwea Road",
      "Government Road",
      "School Road",
      "Nyerere Road",
      "Church Road",
      "Mission Road",
      "Village Road",
      "Farm Road",
      "Forest Road",
      "Selous Road",
      "Wildlife Road",
      "River Road",
      "Valley Road",
      "Majengo Road",
      "Cashew Road",
      "Hunting Road",
      "Safari Road",
      "Nature Road",
      "Beeswax Road",
      "Industrial Road"
    ],
    "Meatu": [
      "Market Street",
      "Uhuru Road",
      "Boma Road",
      "Hospital Road",
      "Shinyanga Road",
      "Government Road",
      "School Road",
      "Nyerere Road",
      "Church Road",
      "Mission Road",
      "Village Road",
      "Farm Road",
      "Serengeti Road",
      "Wildlife Road",
      "Maswa Road",
      "River Road",
      "Cotton Road",
      "Maize Road",
      "Cattle Road",
      "Valley Road",
      "Majengo Road",
      "Bariadi Road",
      "Lake Road",
      "Nature Road",
      "Industrial Road"
    ],
    "Mbinga": [
      "Market Street",
      "Uhuru Road",
      "Boma Road",
      "Hospital Road",
      "Songea Road",
      "Government Road",
      "School Road",
      "Nyerere Road",
      "Church Road",
      "Mission Road",
      "Village Road",
      "Farm Road",
      "Coffee Road",
      "Tea Road",
      "Mountain Road",
      "Valley Road",
      "River Road",
      "Lake Road",
      "Forest Road",
      "Majengo Road",
      "Border Road",
      "Malawi Road",
      "Highland Road",
      "Nature Road",
      "Industrial Road"
    ],
    "Uyui": [
      "Market Street",
      "Uhuru Road",
      "Boma Road",
      "Hospital Road",
      "Tabora Road",
      "Government Road",
      "School Road",
      "Nyerere Road",
      "Church Road",
      "Mission Road",
      "Village Road",
      "Farm Road",
      "Railway Road",
      "Valley Road",
      "River Road",
      "Cotton Road",
      "Tobacco Road",
      "Majengo Road",
      "Forest Road",
      "Industrial Road",
      "Cattle Road",
      "Maize Road",
      "Nature Road",
      "Sisal Road",
      "Stadium Road"
    ],
    "Mbulu": [
      "Market Street",
      "Uhuru Road",
      "Boma Road",
      "Hospital Road",
      "Babati Road",
      "Karatu Road",
      "Government Road",
      "School Road",
      "Nyerere Road",
      "Church Road",
      "Mission Road",
      "Village Road",
      "Farm Road",
      "Highland Road",
      "Mountain Road",
      "Valley Road",
      "Iraqw Road",
      "Wheat Road",
      "Cattle Road",
      "Majengo Road",
      "Forest Road",
      "Nature Road",
      "River Road",
      "Coffee Road",
      "Stadium Road"
    ],
    "Mkuranga": [
      "Market Street",
      "Uhuru Road",
      "Boma Road",
      "Hospital Road",
      "Dar es Salaam Road",
      "Kisiju Road",
      "Government Road",
      "School Road",
      "Nyerere Road",
      "Church Road",
      "Mission Road",
      "Coastal Road",
      "Beach Road",
      "Cashew Road",
      "Coconut Road",
      "Farm Road",
      "Fishing Road",
      "Village Road",
      "River Road",
      "Majengo Road",
      "Mangrove Road",
      "Industrial Road",
      "Port Road",
      "Bridge Road",
      "Stadium Road"
    ],
    "Tarime": [
      "Market Street",
      "Uhuru Road",
      "Boma Road",
      "Hospital Road",
      "Musoma Road",
      "Kenya Border Road",
      "Government Road",
      "School Road",
      "Nyerere Road",
      "Church Road",
      "Mission Road",
      "Mining Road",
      "Gold Road",
      "Village Road",
      "Farm Road",
      "River Road",
      "Majengo Road",
      "Stadium Road",
      "Industrial Road",
      "Valley Road",
      "Mountain Road",
      "Serengeti Road",
      "Border Road",
      "Cattle Road",
      "Maize Road"
    ],
    "Longido": [
      "Market Street",
      "Uhuru Road",
      "Arusha Road",
      "Kenya Border Road",
      "Mountain Road",
      "Government Road",
      "School Road",
      "Nyerere Road",
      "Church Road",
      "Mission Road",
      "Maasai Road",
      "Village Road",
      "Farm Road",
      "Cattle Road",
      "Wildlife Road",
      "Safari Road",
      "Valley Road",
      "Nature Road",
      "Kilimanjaro Road",
      "Namanga Road",
      "Steppe Road",
      "Savanna Road",
      "River Road",
      "Stadium Road",
      "Majengo Road"
    ],
    "Monduli": [
      "Market Street",
      "Uhuru Road",
      "Arusha Road",
      "Government Road",
      "School Road",
      "Nyerere Road",
      "Church Road",
      "Mission Road",
      "Maasai Road",
      "Village Road",
      "Farm Road",
      "Mountain Road",
      "Valley Road",
      "Highland Road",
      "Cattle Road",
      "Rift Road",
      "Ngorongoro Road",
      "Safari Road",
      "Nature Road",
      "Forest Road",
      "River Road",
      "Stadium Road",
      "Hospital Road",
      "Majengo Road",
      "Wildlife Road"
    ],
    "Ngorongoro": [
      "Market Street",
      "Crater Road",
      "Conservation Road",
      "Safari Road",
      "Government Road",
      "School Road",
      "Nyerere Road",
      "Lodge Road",
      "Highland Road",
      "Village Road",
      "Maasai Road",
      "Wildlife Road",
      "Nature Road",
      "Olduvai Road",
      "Serengeti Road",
      "Valley Road",
      "Mountain Road",
      "Forest Road",
      "Farm Road",
      "Lake Road",
      "Heritage Road",
      "Tourism Road",
      "Cultural Road",
      "Volcanic Road",
      "Research Road"
    ],
    "Rufiji": [
      "Market Street",
      "Uhuru Road",
      "Boma Road",
      "Hospital Road",
      "Dar es Salaam Road",
      "Lindi Road",
      "Government Road",
      "School Road",
      "Nyerere Road",
      "River Road",
      "Selous Road",
      "Delta Road",
      "Mangrove Road",
      "Farm Road",
      "Village Road",
      "Church Road",
      "Mission Road",
      "Fishing Road",
      "Rice Road",
      "Safari Road",
      "Nature Road",
      "Bridge Road",
      "Valley Road",
      "Wildlife Road",
      "Industrial Road"
    ],
    "Mafinga": [
      "Market Street",
      "Uhuru Road",
      "Boma Road",
      "Hospital Road",
      "Iringa Road",
      "Njombe Road",
      "Government Road",
      "School Road",
      "Nyerere Road",
      "Church Road",
      "Mission Road",
      "Timber Road",
      "Highland Road",
      "Mountain Road",
      "Forest Road",
      "Farm Road",
      "Village Road",
      "Valley Road",
      "River Road",
      "Tea Road",
      "Industrial Road",
      "Stadium Road",
      "Majengo Road",
      "Pine Road",
      "Sawmill Road"
    ],
    "Chunya": [
      "Market Street",
      "Uhuru Road",
      "Boma Road",
      "Hospital Road",
      "Mbeya Road",
      "Government Road",
      "School Road",
      "Nyerere Road",
      "Church Road",
      "Mission Road",
      "Mining Road",
      "Gold Road",
      "Village Road",
      "Farm Road",
      "Forest Road",
      "Mountain Road",
      "Valley Road",
      "River Road",
      "Nature Road",
      "Lake Road",
      "Safari Road",
      "Industrial Road",
      "Stadium Road",
      "Majengo Road",
      "Wildlife Road"
    ],
    "Mpwapwa": [
      "Market Street",
      "Uhuru Road",
      "Boma Road",
      "Hospital Road",
      "Dodoma Road",
      "Government Road",
      "School Road",
      "Nyerere Road",
      "Church Road",
      "Mission Road",
      "Village Road",
      "Farm Road",
      "Cattle Road",
      "Valley Road",
      "River Road",
      "Mountain Road",
      "Nature Road",
      "Railway Road",
      "Kondoa Road",
      "Kibakwe Road",
      "Gulwe Road",
      "Majengo Road",
      "Livestock Road",
      "Sisal Road",
      "Stadium Road"
    ],
    "Kilindi": [
      "Market Street",
      "Uhuru Road",
      "Boma Road",
      "Hospital Road",
      "Handeni Road",
      "Government Road",
      "School Road",
      "Nyerere Road",
      "Church Road",
      "Mission Road",
      "Village Road",
      "Farm Road",
      "Forest Road",
      "Mountain Road",
      "Valley Road",
      "River Road",
      "Sisal Road",
      "Railway Road",
      "Nature Road",
      "Wildlife Road",
      "Majengo Road",
      "Industrial Road",
      "Bridge Road",
      "Cotton Road",
      "Stadium Road"
    ],
    "Magu": [
      "Market Street",
      "Uhuru Road",
      "Boma Road",
      "Hospital Road",
      "Mwanza Road",
      "Lake Road",
      "Government Road",
      "School Road",
      "Nyerere Road",
      "Church Road",
      "Mission Road",
      "Fishing Road",
      "Village Road",
      "Farm Road",
      "Cotton Road",
      "Rice Road",
      "Valley Road",
      "River Road",
      "Industrial Road",
      "Stadium Road",
      "Majengo Road",
      "Serengeti Road",
      "Cattle Road",
      "Sukuma Road",
      "Nature Road"
    ],
    "Sengerema": [
      "Market Street",
      "Uhuru Road",
      "Boma Road",
      "Hospital Road",
      "Mwanza Road",
      "Lake Road",
      "Government Road",
      "School Road",
      "Nyerere Road",
      "Church Road",
      "Mission Road",
      "Fishing Road",
      "Village Road",
      "Farm Road",
      "Cotton Road",
      "Island Road",
      "Port Road",
      "Ferry Road",
      "Valley Road",
      "Mining Road",
      "Industrial Road",
      "Stadium Road",
      "Majengo Road",
      "River Road",
      "Nature Road"
    ]
  },
  "postcode_format": "#####",
  "address_formats": [
    "{street}, {city} {postcode}",
    "{building_number} {street}, {city}, {state}"
  ],
  "country": "Tanzania",
  "country_code": "TZ",
  "phone_area_codes": {
    "Dar es Salaam": [
      "22"
    ],
    "Arusha": [
      "27"
    ],
    "Dodoma": [
      "26"
    ],
    "Mwanza": [
      "28"
    ],
    "Mbeya": [
      "25"
    ],
    "Tanga": [
      "27"
    ],
    "Morogoro": [
      "23"
    ],
    "Zanzibar": [
      "24"
    ],
    "Iringa": [
      "26"
    ],
    "Tabora": [
      "26"
    ],
    "Kigoma": [
      "28"
    ],
    "Mtwara": [
      "23"
    ],
    "Lindi": [
      "23"
    ],
    "Songea": [
      "25"
    ],
    "Bukoba": [
      "28"
    ],
    "Musoma": [
      "28"
    ],
    "Shinyanga": [
      "28"
    ],
    "Singida": [
      "26"
    ]
  }
}