{
  "locations": [
    {"city": "Αθήνα", "state": "Αττική", "state_abbr": "ATT", "postcode_prefix": "10", "lat_min": 37.95, "lat_max": 38.00, "lon_min": 23.72, "lon_max": 23.78},
    {"city": "Θεσσαλονίκη", "state": "Κεντρική Μακεδονία", "state_abbr": "KM", "postcode_prefix": "54", "lat_min": 40.62, "lat_max": 40.66, "lon_min": 22.93, "lon_max": 22.97},
    {"city": "Πειραιάς", "state": "Αττική", "state_abbr": "ATT", "postcode_prefix": "18", "lat_min": 37.94, "lat_max": 37.96, "lon_min": 23.63, "lon_max": 23.66},
    {"city": "Πάτρα", "state": "Δυτική Ελλάδα", "state_abbr": "DE", "postcode_prefix": "26", "lat_min": 38.24, "lat_max": 38.26, "lon_min": 21.73, "lon_max": 21.76},
    {"city": "Ηράκλειο", "state": "Κρήτη", "state_abbr": "KR", "postcode_prefix": "71", "lat_min": 35.33, "lat_max": 35.35, "lon_min": 25.13, "lon_max": 25.16},
    {"city": "Λάρισα", "state": "Θεσσαλία", "state_abbr": "TH", "postcode_prefix": "41", "lat_min": 39.63, "lat_max": 39.65, "lon_min": 22.41, "lon_max": 22.43},
    {"city": "Βόλος", "state": "Θεσσαλία", "state_abbr": "TH", "postcode_prefix": "38", "lat_min": 39.36, "lat_max": 39.38, "lon_min": 22.94, "lon_max": 22.96},
    {"city": "Ιωάννινα", "state": "Ήπειρος", "state_abbr": "HP", "postcode_prefix": "45", "lat_min": 39.66, "lat_max": 39.68, "lon_min": 20.85, "lon_max": 20.87},
    {"city": "Χανιά", "state": "Κρήτη", "state_abbr": "KR", "postcode_prefix": "73", "lat_min": 35.51, "lat_max": 35.53, "lon_min": 24.01, "lon_max": 24.03},
    {"city": "Ρόδος", "state": "Νότιο Αιγαίο", "state_abbr": "NA", "postcode_prefix": "85", "lat_min": 36.43, "lat_max": 36.45, "lon_min": 28.22, "lon_max": 28.24},
    {"city": "Καβάλα", "state": "Ανατολική Μακεδονία και Θράκη", "state_abbr": "AMT", "postcode_prefix": "65", "lat_min": 40.93, "lat_max": 40.95, "lon_min": 24.40, "lon_max": 24.42},
    {"city": "Τρίκαλα", "state": "Θεσσαλία", "state_abbr": "TH", "postcode_prefix": "42", "lat_min": 39.55, "lat_max": 39.57, "lon_min": 21.76, "lon_max": 21.78},
    {"city": "Σέρρες", "state": "Κεντρική Μακεδονία", "state_abbr": "KM", "postcode_prefix": "62", "lat_min": 41.08, "lat_max": 41.10, "lon_min": 23.54, "lon_max": 23.56},
    {"city": "Αλεξανδρούπολη", "state": "Ανατολική Μακεδονία και Θράκη", "state_abbr": "AMT", "postcode_prefix": "68", "lat_min": 40.84, "lat_max": 40.86, "lon_min": 25.87, "lon_max": 25.89},
    {"city": "Κέρκυρα", "state": "Ιόνια Νησιά", "state_abbr": "IN", "postcode_prefix": "49", "lat_min": 39.62, "lat_max": 39.64, "lon_min": 19.91, "lon_max": 19.93},
    {"city": "Καλαμάτα", "state": "Πελοπόννησος", "state_abbr": "PL", "postcode_prefix": "24", "lat_min": 37.03, "lat_max": 37.05, "lon_min": 22.11, "lon_max": 22.13},
    {"city": "Κομοτηνή", "state": "Ανατολική Μακεδονία και Θράκη", "state_abbr": "AMT", "postcode_prefix": "69", "lat_min": 41.11, "lat_max": 41.13, "lon_min": 25.40, "lon_max": 25.42},
    {"city": "Κοζάνη", "state": "Δυτική Μακεδονία", "state_abbr": "DM", "postcode_prefix": "50", "lat_min": 40.29, "lat_max": 40.31, "lon_min": 21.78, "lon_max": 21.80},
    {"city": "Χαλκίδα", "state": "Στερεά Ελλάδα", "state_abbr": "SE", "postcode_prefix": "34", "lat_min": 38.46, "lat_max": 38.48, "lon_min": 23.59, "lon_max": 23.61},
    {"city": "Μύκονος", "state": "Νότιο Αιγαίο", "state_abbr": "NA", "postcode_prefix": "84", "lat_min": 37.44, "lat_max": 37.46, "lon_min": 25.32, "lon_max": 25.34}
  ],
  "streets_by_city": {
    "Αθήνα": ["Λεωφόρος Αμαλίας", "Οδός Ερμού", "Πλατεία Συντάγματος", "Οδός Σταδίου", "Λεωφόρος Βασιλίσσης Σοφίας", "Οδός Πανεπιστημίου", "Λεωφόρος Αλεξάνδρας", "Οδός Ακαδημίας", "Οδός Πατησίων", "Λεωφόρος Κηφισίας", "Οδός Αθηνάς", "Οδός Αιόλου", "Οδός Μητροπόλεως", "Πλάκα", "Μοναστηράκι", "Ψυρρή", "Κολωνάκι", "Εξάρχεια", "Γκάζι", "Κουκάκι"],
    "Θεσσαλονίκη": ["Λεωφόρος Νίκης", "Οδός Τσιμισκή", "Οδός Εγνατία", "Πλατεία Αριστοτέλους", "Οδός Μητροπόλεως", "Λεωφόρος Βασιλίσσης Όλγας", "Οδός Ερμού", "Λεωφόρος Στρατού", "Οδός Αγίου Δημητρίου", "Πλατεία Ναυαρίνου", "Λαδάδικα", "Άνω Πόλη", "Καλαμαριά", "Τούμπα", "Σταυρούπολη", "Καμάρα", "Ροτόντα", "Λευκός Πύργος", "Νέα Παραλία", "Βαρδάρι"],
    "Πειραιάς": ["Λεωφόρος Ηρώων Πολυτεχνείου", "Οδός Φίλωνος", "Πλατεία Κοραή", "Μικρολίμανο", "Πασαλιμάνι", "Λεωφόρος Χατζηκυριακού", "Οδός Σκουζέ", "Οδός Κολοκοτρώνη", "Οδός Γούναρη", "Πλατεία Τερψιθέας", "Καστέλλα", "Φρεαττύδα", "Καμίνια", "Νέο Φάληρο", "Πειραϊκή", "Κεντρικό Λιμάνι", "Ακτή Μιαούλη", "Δραπετσώνα", "Κερατσίνι", "Πέραμα"],
    "Πάτρα": ["Οδός Αγίου Νικολάου", "Οδός Ρήγα Φεραίου", "Πλατεία Γεωργίου", "Οδός Μαιζώνος", "Οδός Κορίνθου", "Οδός Γούναρη", "Οδός Κανακάρη", "Λεωφόρος Κανελλοπούλου", "Οδός Ψηλαλωνίων", "Άνω Πόλη", "Ρίο", "Καστέλλι", "Αγία Σοφία", "Υψηλά Αλώνια", "Μποζαΐτικα", "Αγυιά", "Ζαρουχλέικα", "Γλαύκος", "Σκαγιοπούλειο", "Δασύλλιο"],
    "Ηράκλειο": ["Οδός 25ης Αυγούστου", "Λεωφόρος Δικαιοσύνης", "Πλατεία Ελευθερίας", "Οδός Δαιδάλου", "Λεωφόρος Ικάρου", "Οδός Κορνάρου", "Πλατεία Λιονταριών", "Οδός 1866", "Λεωφόρος Κνωσσού", "Κούλες", "Κορνάρος", "Θέρισος", "Αγία Τριάδα", "Νέα Αλικαρνασσός", "Μασταμπάς", "Αμπελόκηποι", "Ατσαλένιο", "Πόρος", "Λιμάνι", "Ενετικά Τείχη"],
    "Λάρισα": ["Οδός Παπαναστασίου", "Οδός Ρούσβελτ", "Πλατεία Ταχυδρομείου", "Κεντρική Πλατεία", "Οδός Μανδηλαρά", "Οδός Κύπρου", "Οδός Παπακυριαζή", "Οδός Βενιζέλου", "Οδός Ολύμπου", "Λεωφόρος Γεωργιάδου", "Φρούριο", "Αγία Παρασκευή", "Νεάπολη", "Αμπελόκηποι", "Νίκαια", "Χαραυγή", "Αγία Τριάδα", "Πέτρα", "Σωτηρίτσα", "Πηνειός"],
    "Βόλος": ["Οδός Δημητριάδος", "Οδός Ιάσονος", "Παραλία Βόλου", "Πλατεία Ρήγα Φεραίου", "Οδός Κουμουνδούρου", "Οδός Ελευθερίου Βενιζέλου", "Οδός Σπυρίδη", "Λεωφόρος Λαμπράκη", "Οδός Αναλήψεως", "Οδός Αγίου Νικολάου", "Παλιά Πόλη", "Νέα Ιωνία", "Νέα Δημητριάδα", "Άγιος Κωνσταντίνος", "Μεταμόρφωση", "Χιλιαδού", "Αγριά", "Αλυκές", "Μακρινίτσα", "Πορταριά"],
    "Ιωάννινα": ["Οδός Αβέρωφ", "Οδός Δωδώνης", "Πλατεία Πύρρου", "Λεωφόρος Γεωργίου Παπανδρέου", "Οδός Χαριλάου Τρικούπη", "Οδός Μιχαήλ Αγγέλου", "Οδός Ναπολέοντος Ζέρβα", "Κάστρο", "Λιθαρίτσια", "Λίμνη Παμβώτιδα", "Ανατολή", "Καραδήμος", "Κατσικάς", "Νησί", "Περιβλέπτο", "Κιάφα", "Μαρούτσι", "Σεισμοπλήκτων", "Σταυράκι", "Νεοχωρόπουλο"],
    "Χανιά": ["Οδός Χάληδων", "Ενετικό Λιμάνι", "Πλατεία 1866", "Οδός Σκαλίδη", "Οδός Κυδωνίας", "Παλιά Πόλη", "Φάρος", "Νέα Χώρα", "Κούμ Καπί", "Σπλάντζια", "Τοπανάς", "Κουκούρα", "Καστέλι", "Χαλέπα", "Κουνουπιδιανά", "Αγία Μαρίνα", "Σούδα", "Ακρωτήρι", "Νέροκούρος", "Μουρνιές"],
    "Ρόδος": ["Οδός Σωκράτους", "Μεσαιωνική Πόλη", "Μανδράκι", "Λεωφόρος Ελευθερίας", "Πλατεία Ιπποκράτους", "Οδός Ιπποτών", "Παλάτι Μεγάλου Μαγίστρου", "Νέα Αγορά", "Ενυδρείο", "Ψαροπούλα", "Ακαντιά", "Νέα Πόλη", "Ιαλυσός", "Τρεις Σταυροί", "Άγιος Νικόλαος", "Μόντε Σμιθ", "Ροδίνι", "Κοσκινού", "Αφάντου", "Λίνδος"],
    "Καβάλα": ["Οδός Ελευθερίου Βενιζέλου", "Παραλία Καβάλας", "Παλιά Πόλη", "Λεωφόρος Εθνικής Αντίστασης", "Μεχμέτ Αλή", "Ιμαρέτ", "Κάστρο", "Καμάρες", "Πλατεία Καπνεργάτη", "Νέα Καρβάλη", "Καλαμίτσα", "Περιγιάλι", "Φίλιπποι", "Ελευθερούπολη", "Χρυσούπολη", "Δράμα", "Νέα Ηρακλίτσα", "Κεραμωτή", "Νέστος", "Θάσος"],
    "Τρίκαλα": ["Οδός Ασκληπιού", "Πλατεία Ρήγα Φεραίου", "Οδός Βύρωνος", "Οδός Σαράφη", "Κεντρική Πλατεία", "Βαρούσι", "Φρούριο", "Ληθαίος Ποταμός", "Πύλη", "Μύλος Ματσόπουλου", "Αγία Μονή", "Καλαμπάκα", "Μετέωρα", "Πυργετός", "Φαρκαδόνα", "Οιχαλία", "Παλαιόπυργος", "Κρηνίτσα", "Ριζαριό", "Καστράκι"],
    "Σέρρες": ["Οδός Εμμανουήλ Παππά", "Πλατεία Ελευθερίας", "Οδός Μεραρχίας", "Λεωφόρος Δημοκρατίας", "Οδός Θεσσαλονίκης", "Κάστρο", "Αγορά", "Νέα Ζίχνη", "Σιδηρόκαστρο", "Ηράκλεια", "Νιγρίτα", "Βισαλτία", "Αμφίπολη", "Πρώτη", "Λευκώνας", "Λιβαδιά", "Σκοτούσσα", "Βαμβακιά", "Κρηνίδα", "Κοίλα"],
    "Αλεξανδρούπολη": ["Οδός Κύπρου", "Παραλία Αλεξανδρούπολης", "Φάρος", "Πλατεία Ελευθερίας", "Οδός Διονυσίου", "Λεωφόρος Δημοκρατίας", "Μακεδονίας", "Νέα Χιλή", "Άνθεια", "Μαΐστρος", "Αύρα", "Απαλός", "Λουτρά", "Τραϊανούπολη", "Φέρες", "Πέπλος", "Δίκαια", "Σουφλί", "Διδυμότειχο", "Ορεστιάδα"],
    "Κέρκυρα": ["Λιστόν", "Σπιανάδα", "Παλιό Φρούριο", "Νέο Φρούριο", "Οδός Νικηφόρου Θεοτόκη", "Καμπιέλο", "Παλιά Πόλη", "Μαντούκι", "Γαρίτσα", "Ανεμόμυλος", "Κανόνι", "Ποντικονήσι", "Αχίλλειο", "Μπενίτσες", "Πέραμα", "Κοντόκαλι", "Γουβιά", "Δασιά", "Ιπσος", "Κασσιόπη"],
    "Καλαμάτα": ["Οδός Αριστομένους", "Παραλία Καλαμάτας", "Πλατεία 23ης Μαρτίου", "Κάστρο", "Οδός Φαρών", "Μπουρμπουλήθρα", "Λαϊκή Αγορά", "Μέσση", "Αλμυρός", "Βέργα", "Ανώ Βέργα", "Σπερχόγεια", "Ασπροχώμα", "Μικρή Μαντινεία", "Αρις", "Θουρία", "Ελαιοχώρι", "Εύα", "Αντικάλαμος", "Αίπεια"],
    "Κομοτηνή": ["Οδός Όρφέα", "Πλατεία Ειρήνης", "Κεντρική Αγορά", "Οδός Δημοκρατίας", "Νέα Μοσχόπολη", "Κόσμιο", "Κοτζά Μεζαρλίκ", "Υφαντήριο", "Πανεπιστήμιο", "Αγία Παρασκευή", "Νέα Καλλίστη", "Θρυλόριο", "Μαρώνεια", "Ίασμος", "Αρίστεινο", "Σέλερο", "Νέα Σάντα", "Σιδηρόπετρα", "Γρατινή", "Παγούρια"],
    "Κοζάνη": ["Οδός Ιωνος Δραγούμη", "Πλατεία Νίκης", "Κεντρική Πλατεία", "Οδός Παύλου Μελά", "Λαϊκή Αγορά", "Ερμάκια", "Πλατεία Λασσάνη", "Ξενία", "ΖΕΠ", "Αλώνια", "Σκρκα", "Κρόκος", "Πετρανά", "Λευκόβρυση", "Λευκοπηγή", "Δρέπανο", "Ποντοκώμη", "Μαυροδένδρι", "Καισαριά", "Σιάτιστα"],
    "Χαλκίδα": ["Οδός Ελευθερίου Βενιζέλου", "Παραλία Χαλκίδας", "Γέφυρα Ευρίπου", "Πλατεία Αγοράς", "Κάστρο", "Καράμπαμπα", "Κανήθου", "Νέα Αρτάκη", "Βάθη", "Δροσιά", "Αγίος Στέφανος", "Παραλία Αυλίδος", "Λιλάντιο", "Ψαχνά", "Νέα Λαμψακος", "Βασιλικό", "Μύτικας", "Πολιτικά", "Αλιβέρι", "Ερέτρια"],
    "Μύκονος": ["Χώρα", "Παλιό Λιμάνι", "Μικρή Βενετία", "Ανεμόμυλοι", "Ματογιάννι", "Πλατεία Μαντώ", "Αλεφκάντρα", "Καστρο", "Άγιος Στέφανος", "Τούρλος", "Πλατύς Γιαλός", "Ψαρού", "Παράγκα", "Σούπερ Παραντάις", "Παραντάις", "Άγιος Ιωάννης", "Ορνός", "Αγία Άννα", "Καλαφάτης", "Κάλο Λιβάδι"]
  },
  "postcode_format": "### ##",
  "address_formats": [
    "{street} {building_number}, {postcode} {city}",
    "{street} {building_number}, {city} {postcode}",
    "{city}, {street} {building_number}, {postcode}"
  ],
  "country": "Greece",
  "country_code": "GR",
  "phone_area_codes": {
    "Αττική": ["210", "211"],
    "Κεντρική Μακεδονία": ["2310"],
    "Δυτική Ελλάδα": ["2610"],
    "Κρήτη": ["2810", "28210"],
    "Θεσσαλία": ["2410", "24210"],
    "Ήπειρος": ["26510"],
    "Νότιο Αιγαίο": ["22410", "22890"],
    "Ανατολική Μακεδονία και Θράκη": ["2510", "25510", "25310"],
    "Ιόνια Νησιά": ["26610"],
    "Πελοπόννησος": ["27210"],
    "Δυτική Μακεδονία": ["24610"],
    "Στερεά Ελλάδα": ["22210"]
  }
}
