{
  "locations": [
    {
      "city": "Amsterdam",
      "state": "Noord-Holland",
      "state_abbr": "NH",
      "postcode": "1012",
      "postcode_prefix": "10",
      "lat_min": 52.35,
      "lat_max": 52.4,
      "lon_min": 4.88,
      "lon_max": 4.94
    },
    {
      "city": "Rotterdam",
      "state": "Zuid-Holland",
      "state_abbr": "ZH",
      "postcode": "3011",
      "postcode_prefix": "30",
      "lat_min": 51.9,
      "lat_max": 51.95,
      "lon_min": 4.46,
      "lon_max": 4.52
    },
    {
      "city": "Den Haag",
      "state": "Zuid-Holland",
      "state_abbr": "ZH",
      "postcode": "2511",
      "postcode_prefix": "25",
      "lat_min": 52.06,
      "lat_max": 52.12,
      "lon_min": 4.28,
      "lon_max": 4.34
    },
    {
      "city": "Utrecht",
      "state": "Utrecht",
      "state_abbr": "UT",
      "postcode": "3511",
      "postcode_prefix": "35",
      "lat_min": 52.08,
      "lat_max": 52.12,
      "lon_min": 5.1,
      "lon_max": 5.16
    },
    {
      "city": "Eindhoven",
      "state": "Noord-Brabant",
      "state_abbr": "NB",
      "postcode": "5611",
      "postcode_prefix": "56",
      "lat_min": 51.43,
      "lat_max": 51.47,
      "lon_min": 5.46,
      "lon_max": 5.52
    },
    {
      "city": "Groningen",
      "state": "Groningen",
      "state_abbr": "GR",
      "postcode": "9711",
      "postcode_prefix": "97",
      "lat_min": 53.2,
      "lat_max": 53.24,
      "lon_min": 6.54,
      "lon_max": 6.6
    },
    {
      "city": "Tilburg",
      "state": "Noord-Brabant",
      "state_abbr": "NB",
      "postcode": "5038",
      "postcode_prefix": "50",
      "lat_min": 51.54,
      "lat_max": 51.58,
      "lon_min": 5.06,
      "lon_max": 5.12
    },
    {
      "city": "Almere",
      "state": "Flevoland",
      "state_abbr": "FL",
      "postcode": "1315",
      "postcode_prefix": "13",
      "lat_min": 52.36,
      "lat_max": 52.4,
      "lon_min": 5.2,
      "lon_max": 5.26
    },
    {
      "city": "Breda",
      "state": "Noord-Brabant",
      "state_abbr": "NB",
      "postcode": "4811",
      "postcode_prefix": "48",
      "lat_min": 51.58,
      "lat_max": 51.62,
      "lon_min": 4.76,
      "lon_max": 4.82
    },
    {
      "city": "Nijmegen",
      "state": "Gelderland",
      "state_abbr": "GE",
      "postcode": "6511",
      "postcode_prefix": "65",
      "lat_min": 51.82,
      "lat_max": 51.86,
      "lon_min": 5.84,
      "lon_max": 5.9
    },
    {
      "city": "Apeldoorn",
      "state": "Gelderland",
      "state_abbr": "GE",
      "postcode": "7311",
      "postcode_prefix": "73",
      "lat_min": 52.2,
      "lat_max": 52.24,
      "lon_min": 5.96,
      "lon_max": 6.02
    },
    {
      "city": "Arnhem",
      "state": "Gelderland",
      "state_abbr": "GE",
      "postcode": "6811",
      "postcode_prefix": "68",
      "lat_min": 51.98,
      "lat_max": 52.02,
      "lon_min": 5.9,
      "lon_max": 5.96
    },
    {
      "city": "Haarlem",
      "state": "Noord-Holland",
      "state_abbr": "NH",
      "postcode": "2011",
      "postcode_prefix": "20",
      "lat_min": 52.38,
      "lat_max": 52.42,
      "lon_min": 4.62,
      "lon_max": 4.68
    },
    {
      "city": "Enschede",
      "state": "Overijssel",
      "state_abbr": "OV",
      "postcode": "7511",
      "postcode_prefix": "75",
      "lat_min": 52.21,
      "lat_max": 52.25,
      "lon_min": 6.88,
      "lon_max": 6.94
    },
    {
      "city": "Haarlemmermeer",
      "state": "Noord-Holland",
      "state_abbr": "NH",
      "postcode": "2132",
      "postcode_prefix": "21",
      "lat_min": 52.28,
      "lat_max": 52.34,
      "lon_min": 4.68,
      "lon_max": 4.76
    },
    {
      "city": "Amersfoort",
      "state": "Utrecht",
      "state_abbr": "UT",
      "postcode": "3811",
      "postcode_prefix": "38",
      "lat_min": 52.14,
      "lat_max": 52.18,
      "lon_min": 5.38,
      "lon_max": 5.44
    },
    {
      "city": "Zaanstad",
      "state": "Noord-Holland",
      "state_abbr": "NH",
      "postcode": "1506",
      "postcode_prefix": "15",
      "lat_min": 52.44,
      "lat_max": 52.48,
      "lon_min": 4.8,
      "lon_max": 4.86
    },
    {
      "city": "'s-Hertogenbosch",
      "state": "Noord-Brabant",
      "state_abbr": "NB",
      "postcode": "5211",
      "postcode_prefix": "52",
      "lat_min": 51.68,
      "lat_max": 51.72,
      "lon_min": 5.3,
      "lon_max": 5.36
    },
    {
      "city": "Zwolle",
      "state": "Overijssel",
      "state_abbr": "OV",
      "postcode": "8011",
      "postcode_prefix": "80",
      "lat_min": 52.5,
      "lat_max": 52.54,
      "lon_min": 6.08,
      "lon_max": 6.14
    },
    {
      "city": "Leiden",
      "state": "Zuid-Holland",
      "state_abbr": "ZH",
      "postcode": "2311",
      "postcode_prefix": "23",
      "lat_min": 52.15,
      "lat_max": 52.18,
      "lon_min": 4.48,
      "lon_max": 4.52
    },
    {
      "city": "Maastricht",
      "state": "Limburg",
      "state_abbr": "LI",
      "postcode": "6211",
      "postcode_prefix": "62",
      "lat_min": 50.84,
      "lat_max": 50.88,
      "lon_min": 5.68,
      "lon_max": 5.72
    },
    {
      "city": "Dordrecht",
      "state": "Zuid-Holland",
      "state_abbr": "ZH",
      "postcode": "3311",
      "postcode_prefix": "33",
      "lat_min": 51.8,
      "lat_max": 51.84,
      "lon_min": 4.66,
      "lon_max": 4.7
    },
    {
      "city": "Zoetermeer",
      "state": "Zuid-Holland",
      "state_abbr": "ZH",
      "postcode": "2711",
      "postcode_prefix": "27",
      "lat_min": 52.04,
      "lat_max": 52.08,
      "lon_min": 4.48,
      "lon_max": 4.52
    },
    {
      "city": "Ede",
      "state": "Gelderland",
      "state_abbr": "GE",
      "postcode": "6711",
      "postcode_prefix": "67",
      "lat_min": 52.04,
      "lat_max": 52.08,
      "lon_min": 5.66,
      "lon_max": 5.72
    },
    {
      "city": "Westland",
      "state": "Zuid-Holland",
      "state_abbr": "ZH",
      "postcode": "2671",
      "postcode_prefix": "26",
      "lat_min": 51.98,
      "lat_max": 52.02,
      "lon_min": 4.2,
      "lon_max": 4.26
    },
    {
      "city": "Delft",
      "state": "Zuid-Holland",
      "state_abbr": "ZH",
      "postcode": "2611",
      "postcode_prefix": "26",
      "lat_min": 51.99,
      "lat_max": 52.03,
      "lon_min": 4.34,
      "lon_max": 4.38
    },
    {
      "city": "Emmen",
      "state": "Drenthe",
      "state_abbr": "DR",
      "postcode": "7811",
      "postcode_prefix": "78",
      "lat_min": 52.77,
      "lat_max": 52.81,
      "lon_min": 6.88,
      "lon_max": 6.94
    },
    {
      "city": "Venlo",
      "state": "Limburg",
      "state_abbr": "LI",
      "postcode": "5911",
      "postcode_prefix": "59",
      "lat_min": 51.36,
      "lat_max": 51.4,
      "lon_min": 6.16,
      "lon_max": 6.2
    },
    {
      "city": "Deventer",
      "state": "Overijssel",
      "state_abbr": "OV",
      "postcode": "7411",
      "postcode_prefix": "74",
      "lat_min": 52.24,
      "lat_max": 52.28,
      "lon_min": 6.16,
      "lon_max": 6.2
    },
    {
      "city": "Leeuwarden",
      "state": "Friesland",
      "state_abbr": "FR",
      "postcode": "8911",
      "postcode_prefix": "89",
      "lat_min": 53.19,
      "lat_max": 53.23,
      "lon_min": 5.78,
      "lon_max": 5.82
    },
    {
      "city": "Alkmaar",
      "state": "Noord-Holland",
      "state_abbr": "NH",
      "postcode": "1811",
      "postcode_prefix": "18",
      "lat_min": 52.62,
      "lat_max": 52.66,
      "lon_min": 4.74,
      "lon_max": 4.78
    },
    {
      "city": "Hilversum",
      "state": "Noord-Holland",
      "state_abbr": "NH",
      "postcode": "1211",
      "postcode_prefix": "12",
      "lat_min": 52.22,
      "lat_max": 52.26,
      "lon_min": 5.16,
      "lon_max": 5.2
    },
    {
      "city": "Hengelo",
      "state": "Overijssel",
      "state_abbr": "OV",
      "postcode": "7551",
      "postcode_prefix": "75",
      "lat_min": 52.26,
      "lat_max": 52.3,
      "lon_min": 6.78,
      "lon_max": 6.82
    },
    {
      "city": "Oss",
      "state": "Noord-Brabant",
      "state_abbr": "NB",
      "postcode": "5341",
      "postcode_prefix": "53",
      "lat_min": 51.76,
      "lat_max": 51.8,
      "lon_min": 5.52,
      "lon_max": 5.56
    },
    {
      "city": "Sittard-Geleen",
      "state": "Limburg",
      "state_abbr": "LI",
      "postcode": "6131",
      "postcode_prefix": "61",
      "lat_min": 50.99,
      "lat_max": 51.03,
      "lon_min": 5.86,
      "lon_max": 5.9
    },
    {
      "city": "Amstelveen",
      "state": "Noord-Holland",
      "state_abbr": "NH",
      "postcode": "1181",
      "postcode_prefix": "11",
      "lat_min": 52.3,
      "lat_max": 52.34,
      "lon_min": 4.84,
      "lon_max": 4.88
    },
    {
      "city": "Roosendaal",
      "state": "Noord-Brabant",
      "state_abbr": "NB",
      "postcode": "4701",
      "postcode_prefix": "47",
      "lat_min": 51.52,
      "lat_max": 51.56,
      "lon_min": 4.44,
      "lon_max": 4.48
    },
    {
      "city": "Purmerend",
      "state": "Noord-Holland",
      "state_abbr": "NH",
      "postcode": "1441",
      "postcode_prefix": "14",
      "lat_min": 52.5,
      "lat_max": 52.54,
      "lon_min": 4.94,
      "lon_max": 4.98
    },
    {
      "city": "Helmond",
      "state": "Noord-Brabant",
      "state_abbr": "NB",
      "postcode": "5701",
      "postcode_prefix": "57",
      "lat_min": 51.46,
      "lat_max": 51.5,
      "lon_min": 5.66,
      "lon_max": 5.7
    },
    {
      "city": "Schiedam",
      "state": "Zuid-Holland",
      "state_abbr": "ZH",
      "postcode": "3111",
      "postcode_prefix": "31",
      "lat_min": 51.91,
      "lat_max": 51.95,
      "lon_min": 4.38,
      "lon_max": 4.42
    },
    {
      "city": "Lelystad",
      "state": "Flevoland",
      "state_abbr": "FL",
      "postcode": "8232",
      "postcode_prefix": "82",
      "lat_min": 52.5,
      "lat_max": 52.54,
      "lon_min": 5.46,
      "lon_max": 5.52
    },
    {
      "city": "Gouda",
      "state": "Zuid-Holland",
      "state_abbr": "ZH",
      "postcode": "2801",
      "postcode_prefix": "28",
      "lat_min": 52.01,
      "lat_max": 52.05,
      "lon_min": 4.7,
      "lon_max": 4.74
    },
    {
      "city": "Hoorn",
      "state": "Noord-Holland",
      "state_abbr": "NH",
      "postcode": "1621",
      "postcode_prefix": "16",
      "lat_min": 52.64,
      "lat_max": 52.68,
      "lon_min": 5.06,
      "lon_max": 5.1
    },
    {
      "city": "Vlaardingen",
      "state": "Zuid-Holland",
      "state_abbr": "ZH",
      "postcode": "3131",
      "postcode_prefix": "31",
      "lat_min": 51.9,
      "lat_max": 51.94,
      "lon_min": 4.34,
      "lon_max": 4.38
    },
    {
      "city": "Almelo",
      "state": "Overijssel",
      "state_abbr": "OV",
      "postcode": "7607",
      "postcode_prefix": "76",
      "lat_min": 52.34,
      "lat_max": 52.38,
      "lon_min": 6.66,
      "lon_max": 6.7
    },
    {
      "city": "Bergen op Zoom",
      "state": "Noord-Brabant",
      "state_abbr": "NB",
      "postcode": "4611",
      "postcode_prefix": "46",
      "lat_min": 51.48,
      "lat_max": 51.52,
      "lon_min": 4.28,
      "lon_max": 4.32
    },
    {
      "city": "Spijkenisse",
      "state": "Zuid-Holland",
      "state_abbr": "ZH",
      "postcode": "3201",
      "postcode_prefix": "32",
      "lat_min": 51.84,
      "lat_max": 51.88,
      "lon_min": 4.32,
      "lon_max": 4.36
    },
    {
      "city": "Veenendaal",
      "state": "Utrecht",
      "state_abbr": "UT",
      "postcode": "3901",
      "postcode_prefix": "39",
      "lat_min": 52.02,
      "lat_max": 52.06,
      "lon_min": 5.54,
      "lon_max": 5.58
    },
    {
      "city": "Capelle aan den IJssel",
      "state": "Zuid-Holland",
      "state_abbr": "ZH",
      "postcode": "2901",
      "postcode_prefix": "29",
      "lat_min": 51.92,
      "lat_max": 51.96,
      "lon_min": 4.56,
      "lon_max": 4.6
    },
    {
      "city": "Nieuwegein",
      "state": "Utrecht",
      "state_abbr": "UT",
      "postcode": "3431",
      "postcode_prefix": "34",
      "lat_min": 52.03,
      "lat_max": 52.07,
      "lon_min": 5.08,
      "lon_max": 5.12
    },
    {
      "city": "Heerlen",
      "state": "Limburg",
      "state_abbr": "LI",
      "postcode": "6411",
      "postcode_prefix": "64",
      "lat_min": 50.88,
      "lat_max": 50.92,
      "lon_min": 5.96,
      "lon_max": 6.0
    },
    {
      "city": "Zeist",
      "state": "Utrecht",
      "state_abbr": "UT",
      "postcode": "3701",
      "postcode_prefix": "37",
      "lat_min": 52.08,
      "lat_max": 52.12,
      "lon_min": 5.22,
      "lon_max": 5.26
    },
    {
      "city": "Assen",
      "state": "Drenthe",
      "state_abbr": "DR",
      "postcode": "9401",
      "postcode_prefix": "94",
      "lat_min": 52.99,
      "lat_max": 53.03,
      "lon_min": 6.54,
      "lon_max": 6.58
    },
    {
      "city": "Den Helder",
      "state": "Noord-Holland",
      "state_abbr": "NH",
      "postcode": "1781",
      "postcode_prefix": "17",
      "lat_min": 52.94,
      "lat_max": 52.98,
      "lon_min": 4.76,
      "lon_max": 4.8
    },
    {
      "city": "Roermond",
      "state": "Limburg",
      "state_abbr": "LI",
      "postcode": "6041",
      "postcode_prefix": "60",
      "lat_min": 51.19,
      "lat_max": 51.23,
      "lon_min": 5.98,
      "lon_max": 6.02
    },
    {
      "city": "Kampen",
      "state": "Overijssel",
      "state_abbr": "OV",
      "postcode": "8261",
      "postcode_prefix": "82",
      "lat_min": 52.55,
      "lat_max": 52.59,
      "lon_min": 5.9,
      "lon_max": 5.94
    },
    {
      "city": "Doetinchem",
      "state": "Gelderland",
      "state_abbr": "GE",
      "postcode": "7001",
      "postcode_prefix": "70",
      "lat_min": 51.96,
      "lat_max": 52.0,
      "lon_min": 6.28,
      "lon_max": 6.32
    },
    {
      "city": "Middelburg",
      "state": "Zeeland",
      "state_abbr": "ZE",
      "postcode": "4331",
      "postcode_prefix": "43",
      "lat_min": 51.49,
      "lat_max": 51.53,
      "lon_min": 3.61,
      "lon_max": 3.65
    },
    {
      "city": "Harderwijk",
      "state": "Gelderland",
      "state_abbr": "GE",
      "postcode": "3841",
      "postcode_prefix": "38",
      "lat_min": 52.34,
      "lat_max": 52.38,
      "lon_min": 5.62,
      "lon_max": 5.66
    },
    {
      "city": "Goes",
      "state": "Zeeland",
      "state_abbr": "ZE",
      "postcode": "4461",
      "postcode_prefix": "44",
      "lat_min": 51.5,
      "lat_max": 51.54,
      "lon_min": 3.88,
      "lon_max": 3.92
    },
    {
      "city": "Vlissingen",
      "state": "Zeeland",
      "state_abbr": "ZE",
      "postcode": "4381",
      "postcode_prefix": "43",
      "lat_min": 51.44,
      "lat_max": 51.48,
      "lon_min": 3.56,
      "lon_max": 3.6
    },
    {
      "city": "Terneuzen",
      "state": "Zeeland",
      "state_abbr": "ZE",
      "postcode": "4531",
      "postcode_prefix": "45",
      "lat_min": 51.33,
      "lat_max": 51.37,
      "lon_min": 3.82,
      "lon_max": 3.86
    }
  ],
  "streets_by_city": {
    "Amsterdam": [
      "Damrak",
      "Rokin",
      "Kalverstraat",
      "Nieuwendijk",
      "Leidsestraat",
      "Herengracht",
      "Keizersgracht",
      "Prinsengracht",
      "Singel",
      "Bloemgracht"
    ],
    "Rotterdam": [
      "Coolsingel",
      "Lijnbaan",
      "Meent",
      "Hoogstraat",
      "Binnenrotte",
      "Witte de Withstraat",
      "Karel Doormanstraat",
      "Mauritsweg",
      "Schiedamsedijk",
      "Nieuwe Binnenweg"
    ],
    "Den Haag": [
      "Grote Marktstraat",
      "Spuistraat",
      "Noordeinde",
      "Lange Poten",
      "Plein",
      "Binnenhof",
      "Hofweg",
      "Korte Poten",
      "Lange Voorhout",
      "Kneuterdijk"
    ],
    "Utrecht": [
      "Oudegracht",
      "Neude",
      "Vredenburg",
      "Lange Viestraat",
      "Steenweg",
      "Domplein",
      "Domstraat",
      "Vismarkt",
      "Stadhuisbrug",
      "Bakkerstraat"
    ],
    "Eindhoven": [
      "Rechtestraat",
      "Demer",
      "Markt",
      "Stratumseind",
      "Vrijstraat",
      "Kleine Berg",
      "Dommelstraat",
      "Willemstraat",
      "Emmasingel",
      "Vestdijk"
    ],
    "Groningen": [
      "Grote Markt",
      "Vismarkt",
      "Herestraat",
      "Oosterstraat",
      "Gelkingestraat",
      "Folkingestraat",
      "Zwanestraat",
      "Oude Ebbingestraat",
      "Nieuwe Ebbingestraat",
      "Poelestraat"
    ],
    "Tilburg": [
      "Heuvelstraat",
      "Korte Heuvel",
      "Oude Markt",
      "Schouwburgring",
      "Stationsstraat",
      "Pieter Vreedeplein",
      "Nieuwlandstraat",
      "Stadhuisplein",
      "Spoorlaan",
      "Willem II-straat"
    ],
    "Almere": [
      "Stadhuispromenade",
      "Grote Markt",
      "Stadshuisstraat",
      "Landdrostdreef",
      "Randstad",
      "Spoorstraat",
      "Busplein",
      "Spoordreef",
      "Almere Haven",
      "Stadswerf"
    ],
    "Breda": [
      "Grote Markt",
      "Ginnekenstraat",
      "Vismarktstraat",
      "Kasteelplein",
      "Haven",
      "Eindstraat",
      "Torenstraat",
      "Halstraat",
      "Reigerstraat",
      "Veemarktstraat"
    ],
    "Nijmegen": [
      "Grote Markt",
      "Burchtstraat",
      "Molenstraat",
      "Lange Hezelstraat",
      "Plein 1944",
      "Grotestraat",
      "Bloemerstraat",
      "Sint Jorisstraat",
      "Waalkade",
      "Hertogstraat"
    ],
    "Apeldoorn": [
      "Hoofdstraat",
      "Marktplein",
      "Nieuwstraat",
      "Stationsplein",
      "Koningstraat",
      "Regentesselaan",
      "Asselsestraat",
      "Deventerstraat",
      "Brinklaan",
      "Loolaan"
    ],
    "Arnhem": [
      "Vijzelstraat",
      "Koningstraat",
      "Jansplein",
      "Markt",
      "Rijnkade",
      "Willemsplein",
      "Ketelstraat",
      "Bakkerstraat",
      "Roggestraat",
      "Weverstraat"
    ],
    "Haarlem": [
      "Grote Markt",
      "Barteljorisstraat",
      "Zijlstraat",
      "Kruisweg",
      "Anegang",
      "Lange Veerstraat",
      "Koningstraat",
      "Gierstraat",
      "Kleine Houtstraat",
      "Riviervismarkt"
    ],
    "Enschede": [
      "Oude Markt",
      "Langestraat",
      "Kalanderstraat",
      "Van Heekplein",
      "Haverstraatpassage",
      "De Graaff",
      "Korte Haaksbergerstraat",
      "Stadsgravenstraat",
      "Marktstraat",
      "Noorderhagen"
    ],
    "Haarlemmermeer": [
      "Hoofdweg",
      "Marktplein",
      "Kruisweg",
      "Stationsplein",
      "Rijnlanderweg",
      "Concourslaan",
      "Boslaan",
      "Nieuweweg",
      "Dennenlaan",
      "Berkenlaan"
    ],
    "Amersfoort": [
      "Langestraat",
      "Hof",
      "Utrechtsestraat",
      "Arnhemsestraat",
      "Varkensmarkt",
      "Groenmarkt",
      "Sint Jorisplein",
      "Westsingel",
      "Zuidsingel",
      "Kamp"
    ],
    "Zaanstad": [
      "Westzijde",
      "Oostzijde",
      "Gedempte Gracht",
      "Stationsstraat",
      "Peperstraat",
      "Czarinastraat",
      "Dam",
      "Rustenburg",
      "Zuiddijk",
      "Noorderweg"
    ],
    "'s-Hertogenbosch": [
      "Markt",
      "Hinthamerstraat",
      "Kerkstraat",
      "Pensmarkt",
      "Verwersstraat",
      "Schapenmarkt",
      "Lepelstraat",
      "Torenstraat",
      "Visstraat",
      "Hooge Steenweg"
    ],
    "Zwolle": [
      "Grote Markt",
      "Diezerstraat",
      "Sassenstraat",
      "Melkmarkt",
      "Roggenstraat",
      "Blijmarkt",
      "Praubstraat",
      "Walstraat",
      "Thorbeckegracht",
      "Nieuwstraat"
    ],
    "Leiden": [
      "Haarlemmerstraat",
      "Breestraat",
      "Korevaarstraat",
      "Rapenburg",
      "Steenstraat",
      "Nieuwe Rijn",
      "Vismarkt",
      "Aalmarkt",
      "Pieterskerkgracht",
      "Hooigracht"
    ],
    "Maastricht": [
      "Vrijthof",
      "Markt",
      "Grote Staat",
      "Kleine Staat",
      "Stokstraat",
      "Wycker Brugstraat",
      "Rechtstraat",
      "Sint Pieterstraat",
      "Bredestraat",
      "Kesselskade"
    ],
    "Dordrecht": [
      "Voorstraat",
      "Sarisgang",
      "Statenplein",
      "Bagijnhof",
      "Groenmarkt",
      "Scheffersplein",
      "Vriesestraat",
      "Johan de Wittstraat",
      "Spuiboulevard",
      "Kolfstraat"
    ],
    "Zoetermeer": [
      "Dorpsstraat",
      "Markt",
      "Stadhuisplein",
      "Stadshart",
      "Promenade",
      "Spazio",
      "Louis Davidsstraat",
      "Meerzichtlaan",
      "Oranjelaan",
      "Centrum"
    ],
    "Ede": [
      "Grotestraat",
      "Markt",
      "Molenstraat",
      "Stationsweg",
      "Maandereind",
      "Parkweg",
      "Bospoort",
      "Achterdoelen",
      "Schaapsweg",
      "Bergstraat"
    ],
    "Westland": [
      "Dijkweg",
      "Markt",
      "Stationsstraat",
      "Herenstraat",
      "Hoofdstraat",
      "Middel Broekweg",
      "Naaldwijkseweg",
      "Pijletuinenweg",
      "Koningin Julianaweg",
      "Verdilaan"
    ],
    "Delft": [
      "Markt",
      "Oude Delft",
      "Nieuwe Delft",
      "Voldersgracht",
      "Koornmarkt",
      "Brabantse Turfmarkt",
      "Hippolytusbuurt",
      "Choorstraat",
      "Beestenmarkt",
      "Wijnhaven"
    ],
    "Emmen": [
      "Hoofdstraat",
      "Raadhuisplein",
      "Weerdingerstraat",
      "Wilhelminastraat",
      "Markt",
      "Noorderstraat",
      "Parc Sandur",
      "Willinkplein",
      "Dordrechtstraat",
      "Stationsstraat"
    ],
    "Venlo": [
      "Parade",
      "Markt",
      "Vleesstraat",
      "Lomstraat",
      "Klaasstraat",
      "Jodenstraat",
      "Oude Markt",
      "Keulsepoort",
      "Nolensstraat",
      "Ginkelstraat"
    ],
    "Deventer": [
      "Brink",
      "Lange Bisschopstraat",
      "Korte Bisschopstraat",
      "Stromarkt",
      "Kleine Poot",
      "Grote Poot",
      "Polstraat",
      "Walstraat",
      "Assenstraat",
      "Keizerstraat"
    ],
    "Leeuwarden": [
      "Nieuwstad",
      "Wirdumerpoortsdwarsstraat",
      "Kleine Kerkstraat",
      "Grote Hoogstraat",
      "Eewal",
      "Ruiterskwartier",
      "Voorstreek",
      "Tweebaksmarkt",
      "Wilhelminaplein",
      "Zaailand"
    ],
    "Alkmaar": [
      "Langestraat",
      "Mient",
      "Houttil",
      "Gedempte Nieuwesloot",
      "Fnidsen",
      "Laat",
      "Koorstraat",
      "Doelenstraat",
      "Kanaalkade",
      "Waagplein"
    ],
    "Hilversum": [
      "Kerkstraat",
      "Groest",
      "Langestraat",
      "Naarderstraat",
      "Emmastraat",
      "Koningsstraat",
      "Schapenkamp",
      "Vaartweg",
      "Gijsbrecht van Amstelstraat",
      "Stationsplein"
    ],
    "Hengelo": [
      "Markt",
      "Enschedesestraat",
      "Brinkstraat",
      "Nieuwstraat",
      "Wemenstraat",
      "Willemstraat",
      "Stationsplein",
      "Lambertusplein",
      "Thiemsbrug",
      "Beursstraat"
    ],
    "Oss": [
      "Heuvel",
      "Molenstraat",
      "Kerkstraat",
      "Spoorlaan",
      "Eikenboomgaard",
      "Walplein",
      "Raadhuisstraat",
      "Peperstraat",
      "Torenstraat",
      "Kruisstraat"
    ],
    "Sittard-Geleen": [
      "Markt",
      "Rosmolenstraat",
      "Brandstraat",
      "Steenweg",
      "Engelenkampstraat",
      "Putstraat",
      "Parklaan",
      "Rijksweg",
      "Centrum",
      "Limbrichterstraat"
    ],
    "Amstelveen": [
      "Stadsplein",
      "Buitenplein",
      "Rembrandtweg",
      "Amstelveenseweg",
      "Handelsweg",
      "Oranjebaan",
      "Groenelaan",
      "Kostverlorenweg",
      "Olmenlaan",
      "Lindenlaan"
    ],
    "Roosendaal": [
      "Markt",
      "Bloemenmarkt",
      "Kade",
      "Molenstraat",
      "Burgerhoutsestraat",
      "Raadhuisstraat",
      "Stationsstraat",
      "Nieuwe Markt",
      "Roselaar",
      "Vincentiusstraat"
    ],
    "Purmerend": [
      "Koemarkt",
      "Weerwal",
      "Gedempte Where",
      "Peperstraat",
      "Koestraat",
      "Nieuwstraat",
      "Kaasmarkt",
      "Stadhuis",
      "Wherebrug",
      "Slotplein"
    ],
    "Helmond": [
      "Markt",
      "Ameidestraat",
      "Veestraat",
      "Heistraat",
      "Havenweg",
      "Steenweg",
      "Molenstraat",
      "Watermolenwal",
      "Kerkstraat",
      "Stationsplein"
    ],
    "Schiedam": [
      "Hoogstraat",
      "Broersvest",
      "Grote Markt",
      "Koemarkt",
      "Lange Haven",
      "Korte Haven",
      "Dam",
      "Appelmarkt",
      "Nieuwstraat",
      "Kreupelstraat"
    ],
    "Lelystad": [
      "Stadhuisplein",
      "Neringpassage",
      "Dukaatpassage",
      "Bataviaplein",
      "Promesse",
      "De Tjalk",
      "Karveel",
      "Kempenaar",
      "Agorabaan",
      "Zilverparkkade"
    ],
    "Gouda": [
      "Markt",
      "Kleiweg",
      "Hoogstraat",
      "Zeugstraat",
      "Lange Tiendeweg",
      "Korte Tiendeweg",
      "Achter de Kerk",
      "Naaierstraat",
      "Dubbele Buurt",
      "Nieuwe Markt"
    ],
    "Hoorn": [
      "Grote Noord",
      "Breed",
      "Nieuwstraat",
      "Kerkstraat",
      "Kleine Noord",
      "Roode Steen",
      "Nieuwland",
      "Gouw",
      "Gedempte Turfhaven",
      "Veemarkt"
    ],
    "Vlaardingen": [
      "Hoogstraat",
      "Korte Hoogstraat",
      "Westhavenplaats",
      "Westhavenkade",
      "Markt",
      "Veerplein",
      "Vettenoordsekade",
      "Parallelweg",
      "Schiedamseweg",
      "Broekweg"
    ],
    "Almelo": [
      "Grotestraat",
      "Markt",
      "Het Baken",
      "Ootmarsumsestraat",
      "Wierdensestraat",
      "Bornerbroeksestraat",
      "Prinsenstraat",
      "Hofkampstraat",
      "Boddenstraat",
      "Haghoekplein"
    ],
    "Bergen op Zoom": [
      "Grote Markt",
      "Kremerstraat",
      "Zuivelstraat",
      "Fortuinstraat",
      "Lievevrouwestraat",
      "Korenbeursplein",
      "Steenbergsestraat",
      "Wouwsestraat",
      "Antwerpsestraat",
      "Blauwehandstraat"
    ],
    "Spijkenisse": [
      "Noordeinde",
      "Voorstraat",
      "Breekade",
      "Markt",
      "Lenteakker",
      "Kopspoor",
      "Stationsstraat",
      "Heemraadlaan",
      "Schenkelweg",
      "Stadhuispassage"
    ],
    "Veenendaal": [
      "Hoofdstraat",
      "Markt",
      "Kerkewijk",
      "Zandstraat",
      "Nieuweweg",
      "Prins Bernhardlaan",
      "Industrielaan",
      "Stationsstraat",
      "Valleistraat",
      "Patrimoniumlaan"
    ],
    "Capelle aan den IJssel": [
      "Stadsplein",
      "Centrumpassage",
      "De Koperwiek",
      "Kerklaan",
      "Slotplein",
      "Bermweg",
      "Merellaan",
      "Akkerdreef",
      "IJsselplein",
      "Rivierweg"
    ],
    "Nieuwegein": [
      "Cityplaza",
      "Muntplein",
      "Passage",
      "Stadsplein",
      "Herenstraat",
      "Noordstedeweg",
      "Jutphasestraatweg",
      "Nedereindseweg",
      "Oudegeinlaan",
      "Graaf Florisweg"
    ],
    "Heerlen": [
      "Pancratiusplein",
      "Promenade",
      "Saroleastraat",
      "Geleenstraat",
      "Wilhelminaplein",
      "Stationsstraat",
      "Bongerd",
      "Oranje Nassaustraat",
      "Akerstraat",
      "Honigmannstraat"
    ],
    "Zeist": [
      "Slotlaan",
      "Markt",
      "Steynlaan",
      "Weeshuislaan",
      "Dorpsstraat",
      "Antonlaan",
      "Montaubanstraat",
      "Jagerlaan",
      "Utrechtseweg",
      "Driebergseweg"
    ],
    "Assen": [
      "Markt",
      "Koopmansplein",
      "Gedempte Singel",
      "Mercuriusplein",
      "Kruisstraat",
      "Stationsstraat",
      "Torenlaan",
      "Rolderstraat",
      "Javastraat",
      "Hertenkamp"
    ],
    "Den Helder": [
      "Julianaplein",
      "Koningstraat",
      "Spoorstraat",
      "Middenweg",
      "Keizerstraat",
      "Molenplein",
      "Beatrixstraat",
      "Sluisdijkstraat",
      "Weststraat",
      "Nieuweweg"
    ],
    "Roermond": [
      "Markt",
      "Munsterplein",
      "Neerstraat",
      "Brugstraat",
      "Kraanpoort",
      "Varkensmarkt",
      "Schuitenberg",
      "Hamstraat",
      "Steenweg",
      "Swalmerstraat"
    ],
    "Kampen": [
      "Oudestraat",
      "Voorstraat",
      "Geerstraat",
      "Broederstraat",
      "Graafschap",
      "Nieuwe Markt",
      "Koornmarkt",
      "Vloeddijk",
      "Burgwal",
      "Cellebroedersweg"
    ],
    "Doetinchem": [
      "Hamburgerstraat",
      "Heezenstraat",
      "Grutstraat",
      "Waterstraat",
      "Simonsplein",
      "Terborgseweg",
      "Raadhuisstraat",
      "Markt",
      "Stationsplein",
      "Rozengaardseweg"
    ],
    "Middelburg": [
      "Markt",
      "Lange Delft",
      "Korte Delft",
      "Vlasmarkt",
      "Lange Geere",
      "Korte Geere",
      "Nieuwe Burg",
      "Plein 1940",
      "Dam",
      "Abdij"
    ],
    "Harderwijk": [
      "Markt",
      "Donkerstraat",
      "Luttekepoortstraat",
      "Bruggestraat",
      "Vischmarkt",
      "Smeepoortstraat",
      "Hoogstraat",
      "Wolleweverstraat",
      "Vijhestraat",
      "Stationsplein"
    ],
    "Goes": [
      "Grote Markt",
      "Lange Kerkstraat",
      "Korte Kerkstraat",
      "Wijngaardstraat",
      "Lange Vorststraat",
      "Klokstraat",
      "Beestenmarkt",
      "Zusterstraat",
      "Gasthuisstraat",
      "Opril Grote Markt"
    ],
    "Vlissingen": [
      "Bellamypark",
      "Walstraat",
      "Lange Zelke",
      "Nieuwendijk",
      "Spuistraat",
      "Badhuisstraat",
      "Boulevard",
      "Aagje Dekenstraat",
      "Scheldestraat",
      "Coosje Buskenstraat"
    ],
    "Terneuzen": [
      "Markt",
      "Nieuwstraat",
      "Noordstraat",
      "Axelsestraat",
      "Grenulplein",
      "Westkolkstraat",
      "Oude Vaart",
      "Stationsstraat",
      "Scheldeboulevard",
      "Binnenvaart"
    ]
  },
  "postcode_format": "#### ??",
  "address_formats": [
    "{street} {building_number}, {postcode} {city}",
    "{street} {building_number}\n{postcode} {city}",
    "{street} {building_number}, {postcode} {city}, {state}"
  ],
  "country": "Nederland",
  "country_code": "NL",
  "phone_area_codes": {
    "Amsterdam": [
      "020"
    ],
    "Rotterdam": [
      "010"
    ],
    "Den Haag": [
      "070"
    ],
    "Utrecht": [
      "030"
    ],
    "Eindhoven": [
      "040"
    ],
    "Groningen": [
      "050"
    ],
    "Tilburg": [
      "013"
    ],
    "Almere": [
      "036"
    ],
    "Breda": [
      "076"
    ],
    "Nijmegen": [
      "024"
    ],
    "Apeldoorn": [
      "055"
    ],
    "Arnhem": [
      "026"
    ],
    "Haarlem": [
      "023"
    ],
    "Enschede": [
      "053"
    ],
    "Amersfoort": [
      "033"
    ],
    "Zwolle": [
      "038"
    ],
    "Leiden": [
      "071"
    ],
    "Maastricht": [
      "043"
    ],
    "Dordrecht": [
      "078"
    ],
    "Delft": [
      "015"
    ],
    "Leeuwarden": [
      "058"
    ],
    "Alkmaar": [
      "072"
    ],
    "Deventer": [
      "0570"
    ],
    "Venlo": [
      "077"
    ],
    "Middelburg": [
      "0118"
    ]
  }
}
