{
  "locations": {
    "very_common": [
      {
        "city": "Hồ Chí Minh",
        "state": "Hồ Chí Minh",
        "state_abbr": "HCM",
        "postcode_prefix": "70",
        "lat_min": 10.75,
        "lat_max": 10.85,
        "lon_min": 106.6,
        "lon_max": 106.75
      },
      {
        "city": "Hà Nội",
        "state": "Hà Nội",
        "state_abbr": "HN",
        "postcode_prefix": "10",
        "lat_min": 21.0,
        "lat_max": 21.05,
        "lon_min": 105.8,
        "lon_max": 105.87
      },
      {
        "city": "Đà Nẵng",
        "state": "Đà Nẵng",
        "state_abbr": "DN",
        "postcode_prefix": "50",
        "lat_min": 16.03,
        "lat_max": 16.08,
        "lon_min": 108.18,
        "lon_max": 108.23
      }
    ],
    "common": [
      {
        "city": "Hải Phòng",
        "state": "Hải Phòng",
        "state_abbr": "HP",
        "postcode_prefix": "18",
        "lat_min": 20.84,
        "lat_max": 20.88,
        "lon_min": 106.67,
        "lon_max": 106.71
      },
      {
        "city": "Cần Thơ",
        "state": "Cần Thơ",
        "state_abbr": "CT",
        "postcode_prefix": "94",
        "lat_min": 10.02,
        "lat_max": 10.06,
        "lon_min": 105.74,
        "lon_max": 105.78
      },
      {
        "city": "Biên Hòa",
        "state": "Đồng Nai",
        "state_abbr": "DNa",
        "postcode_prefix": "76",
        "lat_min": 10.94,
        "lat_max": 10.97,
        "lon_min": 106.82,
        "lon_max": 106.85
      },
      {
        "city": "Huế",
        "state": "Thừa Thiên Huế",
        "state_abbr": "TTH",
        "postcode_prefix": "49",
        "lat_min": 16.45,
        "lat_max": 16.48,
        "lon_min": 107.58,
        "lon_max": 107.61
      },
      {
        "city": "Nha Trang",
        "state": "Khánh Hòa",
        "state_abbr": "KH",
        "postcode_prefix": "65",
        "lat_min": 12.23,
        "lat_max": 12.27,
        "lon_min": 109.18,
        "lon_max": 109.2
      },
      {
        "city": "Thủ Đức",
        "state": "Hồ Chí Minh",
        "state_abbr": "HCM",
        "postcode_prefix": "71",
        "lat_min": 10.83,
        "lat_max": 10.87,
        "lon_min": 106.72,
        "lon_max": 106.77
      }
    ],
    "uncommon": [
      {
        "city": "Buôn Ma Thuột",
        "state": "Đắk Lắk",
        "state_abbr": "DL",
        "postcode_prefix": "63",
        "lat_min": 12.66,
        "lat_max": 12.69,
        "lon_min": 108.04,
        "lon_max": 108.07
      },
      {
        "city": "Quy Nhơn",
        "state": "Bình Định",
        "state_abbr": "BD",
        "postcode_prefix": "59",
        "lat_min": 13.76,
        "lat_max": 13.78,
        "lon_min": 109.22,
        "lon_max": 109.24
      },
      {
        "city": "Vinh",
        "state": "Nghệ An",
        "state_abbr": "NA",
        "postcode_prefix": "43",
        "lat_min": 18.67,
        "lat_max": 18.69,
        "lon_min": 105.68,
        "lon_max": 105.7
      },
      {
        "city": "Vũng Tàu",
        "state": "Bà Rịa - Vũng Tàu",
        "state_abbr": "VT",
        "postcode_prefix": "78",
        "lat_min": 10.34,
        "lat_max": 10.37,
        "lon_min": 107.08,
        "lon_max": 107.1
      },
      {
        "city": "Thái Nguyên",
        "state": "Thái Nguyên",
        "state_abbr": "TN",
        "postcode_prefix": "25",
        "lat_min": 21.59,
        "lat_max": 21.61,
        "lon_min": 105.83,
        "lon_max": 105.85
      },
      {
        "city": "Nam Định",
        "state": "Nam Định",
        "state_abbr": "ND",
        "postcode_prefix": "42",
        "lat_min": 20.42,
        "lat_max": 20.44,
        "lon_min": 106.16,
        "lon_max": 106.18
      },
      {
        "city": "Long Xuyên",
        "state": "An Giang",
        "state_abbr": "AG",
        "postcode_prefix": "90",
        "lat_min": 10.38,
        "lat_max": 10.4,
        "lon_min": 105.43,
        "lon_max": 105.45
      },
      {
        "city": "Đà Lạt",
        "state": "Lâm Đồng",
        "state_abbr": "LD",
        "postcode_prefix": "66",
        "lat_min": 11.93,
        "lat_max": 11.96,
        "lon_min": 108.44,
        "lon_max": 108.46
      },
      {
        "city": "Thanh Hóa",
        "state": "Thanh Hóa",
        "state_abbr": "TH",
        "postcode_prefix": "40",
        "lat_min": 19.8,
        "lat_max": 19.82,
        "lon_min": 105.77,
        "lon_max": 105.79
      }
    ],
    "rare": [
      {
        "city": "Mỹ Tho",
        "state": "Tiền Giang",
        "state_abbr": "TG",
        "postcode_prefix": "86",
        "lat_min": 10.35,
        "lat_max": 10.37,
        "lon_min": 106.35,
        "lon_max": 106.37
      },
      {
        "city": "Phan Thiết",
        "state": "Bình Thuận",
        "state_abbr": "BT",
        "postcode_prefix": "80",
        "lat_min": 10.92,
        "lat_max": 10.94,
        "lon_min": 108.1,
        "lon_max": 108.12
      },
      {
        "city": "Bắc Ninh",
        "state": "Bắc Ninh",
        "state_abbr": "BN",
        "postcode_prefix": "22",
        "lat_min": 21.18,
        "lat_max": 21.2,
        "lon_min": 106.07,
        "lon_max": 106.09
      },
      {
        "city": "Cà Mau",
        "state": "Cà Mau",
        "state_abbr": "CM",
        "postcode_prefix": "98",
        "lat_min": 9.17,
        "lat_max": 9.19,
        "lon_min": 105.15,
        "lon_max": 105.17
      },
      {
        "city": "Rạch Giá",
        "state": "Kiên Giang",
        "state_abbr": "KG",
        "postcode_prefix": "92",
        "lat_min": 10.01,
        "lat_max": 10.03,
        "lon_min": 105.08,
        "lon_max": 105.1
      },
      {
        "city": "Tuy Hòa",
        "state": "Phú Yên",
        "state_abbr": "PY",
        "postcode_prefix": "62",
        "lat_min": 13.08,
        "lat_max": 13.1,
        "lon_min": 109.3,
        "lon_max": 109.32
      },
      {
        "city": "Hạ Long",
        "state": "Quảng Ninh",
        "state_abbr": "QN",
        "postcode_prefix": "20",
        "lat_min": 20.95,
        "lat_max": 20.97,
        "lon_min": 107.04,
        "lon_max": 107.06
      },
      {
        "city": "Sóc Trăng",
        "state": "Sóc Trăng",
        "state_abbr": "ST",
        "postcode_prefix": "96",
        "lat_min": 9.6,
        "lat_max": 9.62,
        "lon_min": 105.97,
        "lon_max": 105.99
      },
      {
        "city": "Pleiku",
        "state": "Gia Lai",
        "state_abbr": "GL",
        "postcode_prefix": "61",
        "lat_min": 13.98,
        "lat_max": 14.0,
        "lon_min": 108.0,
        "lon_max": 108.02
      },
      {
        "city": "Tam Kỳ",
        "state": "Quảng Nam",
        "state_abbr": "QNa",
        "postcode_prefix": "56",
        "lat_min": 15.56,
        "lat_max": 15.58,
        "lon_min": 108.47,
        "lon_max": 108.49
      },
      {
        "city": "Bến Tre",
        "state": "Bến Tre",
        "state_abbr": "BTr",
        "postcode_prefix": "86",
        "lat_min": 10.24,
        "lat_max": 10.26,
        "lon_min": 106.37,
        "lon_max": 106.39
      },
      {
        "city": "Sa Đéc",
        "state": "Đồng Tháp",
        "state_abbr": "DT",
        "postcode_prefix": "87",
        "lat_min": 10.29,
        "lat_max": 10.31,
        "lon_min": 105.76,
        "lon_max": 105.78
      }
    ]
  },
  "streets_by_city": {
    "Hồ Chí Minh": [
      "Nguyễn Huệ",
      "Lê Lợi",
      "Đồng Khởi",
      "Hai Bà Trưng",
      "Trần Hưng Đạo",
      "Nguyễn Trãi",
      "Cách Mạng Tháng 8",
      "Nam Kỳ Khởi Nghĩa",
      "Lý Tự Trọng",
      "Pasteur",
      "Lê Duẩn",
      "Điện Biên Phủ",
      "Võ Văn Tần",
      "Nguyễn Thị Minh Khai",
      "Nguyễn Đình Chiểu",
      "Phạm Ngũ Lão",
      "Bùi Viện",
      "Nguyễn Cư Trinh",
      "Lê Thánh Tôn",
      "Hàm Nghi",
      "Tôn Đức Thắng",
      "Nguyễn Thái Học",
      "Trần Quang Khải",
      "Nguyễn Hữu Cảnh",
      "Xô Viết Nghệ Tĩnh",
      "Phan Đăng Lưu",
      "Hoàng Sa",
      "Trường Sa",
      "Nguyễn Văn Linh",
      "Võ Nguyên Giáp",
      "Phạm Văn Đồng",
      "Nguyễn Văn Trỗi",
      "Phan Xích Long",
      "Lê Văn Sỹ",
      "Cộng Hòa",
      "Hoàng Văn Thụ",
      "Trường Chinh",
      "Lạc Long Quân",
      "Ba Tháng Hai",
      "Nguyễn Kiệm"
    ],
    "Hà Nội": [
      "Phố Huế",
      "Hàng Bài",
      "Tràng Tiền",
      "Bà Triệu",
      "Hai Bà Trưng",
      "Lý Thường Kiệt",
      "Trần Hưng Đạo",
      "Đinh Tiên Hoàng",
      "Hàng Đào",
      "Hàng Ngang",
      "Hàng Bạc",
      "Hàng Bông",
      "Hàng Gai",
      "Hàng Mã",
      "Cầu Giấy",
      "Giảng Võ",
      "Kim Mã",
      "Láng Hạ",
      "Trần Duy Hưng",
      "Nguyễn Chí Thanh",
      "Đội Cấn",
      "Phạm Hùng",
      "Nguyễn Trãi",
      "Tây Sơn",
      "Lê Duẩn",
      "Hoàng Hoa Thám",
      "Thái Hà",
      "Xuân Thủy",
      "Nguyễn Phong Sắc",
      "Trần Đại Nghĩa",
      "Minh Khai",
      "Lê Thanh Nghị",
      "Đại Cồ Việt",
      "Phố Vọng",
      "Giải Phóng",
      "Ngọc Hồi",
      "Trường Chinh",
      "Tôn Đức Thắng",
      "Quang Trung"
    ],
    "Đà Nẵng": [
      "Bạch Đằng",
      "Trần Phú",
      "Lê Duẩn",
      "Nguyễn Văn Linh",
      "Điện Biên Phủ",
      "Hùng Vương",
      "Phan Châu Trinh",
      "Hoàng Diệu",
      "Ông Ích Khiêm",
      "Trưng Nữ Vương",
      "Ngô Quyền",
      "Lê Đình Dương",
      "Trần Cao Vân",
      "Hai Bà Trưng",
      "Pasteur",
      "Núi Thành",
      "Hải Phòng",
      "Nguyễn Tri Phương",
      "Trần Hưng Đạo",
      "Võ Nguyên Giáp"
    ],
    "Hải Phòng": [
      "Lạch Tray",
      "Điện Biên Phủ",
      "Trần Phú",
      "Cầu Đất",
      "Tôn Đức Thắng",
      "Nguyễn Đức Cảnh",
      "Lê Lợi",
      "Quang Trung",
      "Hoàng Văn Thụ",
      "Đà Nẵng",
      "Trần Hưng Đạo",
      "Dư Hàng",
      "Minh Khai",
      "Hai Bà Trưng",
      "Lê Đại Hành",
      "Phan Bội Châu",
      "Tam Bạc",
      "Đinh Tiên Hoàng",
      "Lê Chân",
      "Nguyễn Trãi"
    ],
    "Huế": [
      "Lê Lợi",
      "Trần Hưng Đạo",
      "Hùng Vương",
      "Bạch Đằng",
      "Nguyễn Huệ",
      "Điện Biên Phủ",
      "Lý Thường Kiệt",
      "Hai Bà Trưng",
      "Phan Bội Châu",
      "Trần Cao Vân",
      "Đống Đa",
      "Chi Lăng",
      "Nguyễn Tri Phương",
      "Phạm Ngũ Lão",
      "Bến Nghé",
      "Mai Thúc Loan",
      "Đoàn Thị Điểm",
      "Phùng Hưng",
      "Tống Duy Tân",
      "Xuân 68"
    ],
    "Cần Thơ": [
      "Nguyễn Trãi",
      "Trần Hưng Đạo",
      "Hai Bà Trưng",
      "Lý Tự Trọng",
      "Phan Đình Phùng",
      "Ngô Quyền",
      "Hòa Bình",
      "Cách Mạng Tháng Tám",
      "Nguyễn An Ninh",
      "Lê Hồng Phong",
      "Mậu Thân",
      "Võ Văn Kiệt"
    ],
    "Biên Hòa": [
      "Nguyễn Ái Quốc",
      "Phạm Văn Thuận",
      "Đồng Khởi",
      "Cách Mạng Tháng Tám",
      "Hà Huy Giáp",
      "Nguyễn Văn Trị",
      "Võ Thị Sáu",
      "Phan Trung",
      "Bùi Hữu Nghĩa",
      "Nguyễn Văn Tiên",
      "Hùng Vương",
      "Trần Quốc Toản"
    ],
    "Nha Trang": [
      "Trần Phú",
      "Nguyễn Thiện Thuật",
      "Yersin",
      "Lê Thánh Tôn",
      "Hùng Vương",
      "Thái Nguyên",
      "Hoàng Hoa Thám",
      "Bế Văn Đàn",
      "Nguyễn Đình Chiểu",
      "Phạm Văn Đồng",
      "Tô Hiến Thành",
      "Lê Hồng Phong"
    ],
    "Thủ Đức": [
      "Võ Văn Ngân",
      "Lê Văn Việt",
      "Đỗ Xuân Hợp",
      "Phạm Văn Đồng",
      "Xa Lộ Hà Nội",
      "Kha Vạn Cân",
      "Lê Văn Chí",
      "Hoàng Diệu 2",
      "Dương Văn Cam",
      "Tô Ngọc Vân",
      "Ngô Chí Quốc",
      "Hiệp Bình"
    ],
    "Buôn Ma Thuột": [
      "Lê Duẩn",
      "Nguyễn Tất Thành",
      "Trần Hưng Đạo",
      "Lý Thường Kiệt",
      "Phan Chu Trinh",
      "Hùng Vương",
      "Y Jut",
      "Nguyễn Chí Thanh",
      "Lê Hồng Phong",
      "Nơ Trang Long",
      "Trần Nhật Duật",
      "Hai Bà Trưng"
    ],
    "Quy Nhơn": [
      "Trần Hưng Đạo",
      "An Dương Vương",
      "Nguyễn Huệ",
      "Lê Hồng Phong",
      "Phan Bội Châu",
      "Ngô Mây",
      "Tăng Bạt Hổ",
      "Lê Lợi",
      "Nguyễn Tất Thành",
      "Diên Hồng",
      "Trần Phú",
      "Bạch Đằng"
    ],
    "Vinh": [
      "Lê Lợi",
      "Quang Trung",
      "Nguyễn Sỹ Sách",
      "Trần Phú",
      "Lê Hồng Phong",
      "Nguyễn Du",
      "Hồ Tùng Mậu",
      "Hà Huy Tập",
      "Phan Bội Châu",
      "Nguyễn Văn Cừ",
      "Lê Mao",
      "Trường Thi"
    ],
    "Vũng Tàu": [
      "Hạ Long",
      "Trần Phú",
      "Thùy Vân",
      "Lê Hồng Phong",
      "Nguyễn An Ninh",
      "Phan Chu Trinh",
      "Bạch Đằng",
      "Quang Trung",
      "Hoàng Hoa Thám",
      "Lý Tự Trọng",
      "Ba Cu",
      "Trương Công Định"
    ],
    "Thái Nguyên": [
      "Lương Ngọc Quyến",
      "Hoàng Văn Thụ",
      "Cách Mạng Tháng Tám",
      "Phan Đình Phùng",
      "Hùng Vương",
      "Quang Trung",
      "Nha Trang",
      "Dương Tự Minh",
      "Bắc Kạn",
      "Minh Cầu",
      "Túc Duyên",
      "Đội Cấn"
    ],
    "Nam Định": [
      "Trần Hưng Đạo",
      "Lê Hồng Phong",
      "Hàn Thuyên",
      "Nguyễn Du",
      "Trần Nhân Tông",
      "Mạc Đĩnh Chi",
      "Bà Triệu",
      "Quang Trung",
      "Trường Chinh",
      "Giải Phóng",
      "Hùng Vương",
      "Hoàng Hoa Thám"
    ],
    "Long Xuyên": [
      "Trần Hưng Đạo",
      "Nguyễn Huệ",
      "Tôn Đức Thắng",
      "Hai Bà Trưng",
      "Lê Lợi",
      "Nguyễn Trãi",
      "Hùng Vương",
      "Lý Thái Tổ",
      "Phạm Hồng Thái",
      "Thoại Ngọc Hầu",
      "Trần Phú"
    ],
    "Đà Lạt": [
      "Trần Phú",
      "Nguyễn Văn Cừ",
      "Phan Đình Phùng",
      "Bùi Thị Xuân",
      "Trần Hưng Đạo",
      "Yersin",
      "Hùng Vương",
      "3 Tháng 2",
      "Hoàng Văn Thụ",
      "Lê Đại Hành",
      "Phạm Ngọc Thạch",
      "Nguyễn Thị Minh Khai"
    ],
    "Thanh Hóa": [
      "Quang Trung",
      "Lê Lợi",
      "Trần Phú",
      "Phan Chu Trinh",
      "Hàm Nghi",
      "Đại Lộ Lê Lợi",
      "Nguyễn Trãi",
      "Hai Bà Trưng",
      "Tống Duy Tân",
      "Trịnh Kiểm",
      "Hạc Thành",
      "Lê Hoàn"
    ],
    "Mỹ Tho": [
      "Ấp Bắc",
      "Nguyễn Trãi",
      "Nam Kỳ Khởi Nghĩa",
      "Trưng Trắc",
      "Lý Thường Kiệt",
      "Hùng Vương",
      "Lê Thị Hồng Gấm",
      "Ngô Quyền",
      "Tết Mậu Thân",
      "Trần Hưng Đạo",
      "30 Tháng 4"
    ],
    "Phan Thiết": [
      "Trần Hưng Đạo",
      "Nguyễn Tất Thành",
      "Nguyễn Đình Chiểu",
      "Lê Hồng Phong",
      "Tôn Đức Thắng",
      "Thủ Khoa Huân",
      "Võ Thị Sáu",
      "Bà Triệu",
      "Trần Phú",
      "Hải Thượng",
      "Nguyễn Huệ"
    ],
    "Bắc Ninh": [
      "Lý Thái Tổ",
      "Trần Hưng Đạo",
      "Ngô Gia Tự",
      "Nguyễn Văn Cừ",
      "Nguyễn Trãi",
      "Kinh Dương Vương",
      "Lê Phụng Hiểu",
      "Hoàng Quốc Việt",
      "Lý Anh Tông",
      "Hùng Vương",
      "Hai Bà Trưng"
    ],
    "Cà Mau": [
      "Trần Hưng Đạo",
      "Nguyễn Tất Thành",
      "Lý Thường Kiệt",
      "Phan Ngọc Hiển",
      "Hùng Vương",
      "Nguyễn Trãi",
      "Lê Lợi",
      "Phan Bội Châu",
      "Lý Bôn",
      "Quang Trung",
      "Bạch Đằng"
    ],
    "Rạch Giá": [
      "Nguyễn Trung Trực",
      "Trần Phú",
      "Lạc Hồng",
      "Nguyễn Huệ",
      "Lý Tự Trọng",
      "Mạc Cửu",
      "3 Tháng 2",
      "Nguyễn Bỉnh Khiêm",
      "Hùng Vương",
      "Trần Hưng Đạo",
      "Lê Lợi"
    ],
    "Tuy Hòa": [
      "Trần Hưng Đạo",
      "Lê Lợi",
      "Nguyễn Huệ",
      "Lê Duẩn",
      "Nguyễn Tất Thành",
      "Hùng Vương",
      "Độc Lập",
      "Phan Đình Phùng",
      "Nguyễn Đình Chiểu",
      "Bạch Đằng",
      "Trần Phú"
    ],
    "Hạ Long": [
      "Hạ Long",
      "Lê Thánh Tông",
      "Nguyễn Văn Cừ",
      "Trần Hưng Đạo",
      "Bến Đoan",
      "Cao Thắng",
      "Giếng Đáy",
      "Cột 5",
      "Cột 8",
      "Yết Kiêu",
      "Bãi Cháy"
    ],
    "Sóc Trăng": [
      "Trần Hưng Đạo",
      "Nguyễn Trung Trực",
      "Mậu Thân 68",
      "Lê Duẩn",
      "Phạm Ngũ Lão",
      "Hai Bà Trưng",
      "Nguyễn Du",
      "Lý Thường Kiệt",
      "Xô Viết Nghệ Tĩnh",
      "Hùng Vương"
    ],
    "Pleiku": [
      "Trần Phú",
      "Hùng Vương",
      "Lê Lợi",
      "Hai Bà Trưng",
      "Trần Hưng Đạo",
      "Nguyễn Văn Trỗi",
      "Phan Đình Phùng",
      "Wừu",
      "Phạm Văn Đồng",
      "Lê Duẩn",
      "Quang Trung"
    ],
    "Tam Kỳ": [
      "Phan Chu Trinh",
      "Trần Cao Vân",
      "Hùng Vương",
      "Trần Phú",
      "Nguyễn Huệ",
      "Duy Tân",
      "Trần Quý Cáp",
      "Lý Thường Kiệt",
      "Hai Bà Trưng",
      "Nguyễn Chí Thiện"
    ],
    "Bến Tre": [
      "Đồng Khởi",
      "Nguyễn Đình Chiểu",
      "Trần Quốc Tuấn",
      "Hùng Vương",
      "Hai Bà Trưng",
      "Cách Mạng Tháng Tám",
      "Lê Quý Đôn",
      "Nguyễn Huệ",
      "Trần Hưng Đạo",
      "Phan Ngọc Tòng"
    ],
    "Sa Đéc": [
      "Trần Hưng Đạo",
      "Nguyễn Huệ",
      "Hùng Vương",
      "Lê Lợi",
      "Phan Bội Châu",
      "Nguyễn Sinh Sắc",
      "Trần Phú",
      "Hai Bà Trưng",
      "Nguyễn Du",
      "Tôn Đức Thắng"
    ]
  },
  "postcode_format": "######",
  "address_formats": [
    "{building_number} {street}, {city}, {state}",
    "{building_number} {street}, {city}, {state} {postcode}"
  ],
  "country": "Vietnam",
  "country_code": "VN",
  "phone_area_codes": {
    "Hồ Chí Minh": [
      "028"
    ],
    "Hà Nội": [
      "024"
    ],
    "Đà Nẵng": [
      "0236"
    ],
    "Hải Phòng": [
      "0225"
    ],
    "Cần Thơ": [
      "0292"
    ],
    "Huế": [
      "0234"
    ],
    "Nha Trang": [
      "0258"
    ],
    "Biên Hòa": [
      "0251"
    ]
  },
  "phone_format": "{area_code} ### ####"
}
