{
  "locations": {
    "very_common": [
      {
        "city": "Quito",
        "state": "Pichincha",
        "state_abbr": "PI",
        "postcode_prefix": "170",
        "lat_min": -0.3,
        "lat_max": -0.1,
        "lon_min": -78.55,
        "lon_max": -78.45
      },
      {
        "city": "Guayaquil",
        "state": "Guayas",
        "state_abbr": "GY",
        "postcode_prefix": "090",
        "lat_min": -2.25,
        "lat_max": -2.1,
        "lon_min": -79.95,
        "lon_max": -79.85
      },
      {
        "city": "Cuenca",
        "state": "Azuay",
        "state_abbr": "AZ",
        "postcode_prefix": "010",
        "lat_min": -2.92,
        "lat_max": -2.87,
        "lon_min": -79.02,
        "lon_max": -78.97
      },
      {
        "city": "Santo Domingo",
        "state": "Santo Domingo de los Tsachilas",
        "state_abbr": "SD",
        "postcode_prefix": "230",
        "lat_min": -0.27,
        "lat_max": -0.23,
        "lon_min": -79.19,
        "lon_max": -79.15
      },
      {
        "city": "Machala",
        "state": "El Oro",
        "state_abbr": "EO",
        "postcode_prefix": "070",
        "lat_min": -3.27,
        "lat_max": -3.24,
        "lon_min": -79.97,
        "lon_max": -79.94
      },
      {
        "city": "Manta",
        "state": "Manabi",
        "state_abbr": "MA",
        "postcode_prefix": "130",
        "lat_min": -0.97,
        "lat_max": -0.94,
        "lon_min": -80.75,
        "lon_max": -80.72
      },
      {
        "city": "Portoviejo",
        "state": "Manabi",
        "state_abbr": "MA",
        "postcode_prefix": "130",
        "lat_min": -1.06,
        "lat_max": -1.03,
        "lon_min": -80.47,
        "lon_max": -80.44
      },
      {
        "city": "Ambato",
        "state": "Tungurahua",
        "state_abbr": "TU",
        "postcode_prefix": "180",
        "lat_min": -1.26,
        "lat_max": -1.23,
        "lon_min": -78.64,
        "lon_max": -78.61
      }
    ],
    "common": [
      {
        "city": "Riobamba",
        "state": "Chimborazo",
        "state_abbr": "CH",
        "postcode_prefix": "060",
        "lat_min": -1.68,
        "lat_max": -1.65,
        "lon_min": -78.65,
        "lon_max": -78.63
      },
      {
        "city": "Loja",
        "state": "Loja",
        "state_abbr": "LO",
        "postcode_prefix": "110",
        "lat_min": -4.01,
        "lat_max": -3.98,
        "lon_min": -79.22,
        "lon_max": -79.19
      },
      {
        "city": "Ibarra",
        "state": "Imbabura",
        "state_abbr": "IM",
        "postcode_prefix": "100",
        "lat_min": 0.34,
        "lat_max": 0.37,
        "lon_min": -78.14,
        "lon_max": -78.11
      },
      {
        "city": "Esmeraldas",
        "state": "Esmeraldas",
        "state_abbr": "ES",
        "postcode_prefix": "080",
        "lat_min": 0.95,
        "lat_max": 0.97,
        "lon_min": -79.67,
        "lon_max": -79.65
      },
      {
        "city": "Latacunga",
        "state": "Cotopaxi",
        "state_abbr": "CO",
        "postcode_prefix": "050",
        "lat_min": -0.94,
        "lat_max": -0.92,
        "lon_min": -78.62,
        "lon_max": -78.6
      },
      {
        "city": "Duran",
        "state": "Guayas",
        "state_abbr": "GY",
        "postcode_prefix": "091",
        "lat_min": -2.18,
        "lat_max": -2.15,
        "lon_min": -79.85,
        "lon_max": -79.82
      },
      {
        "city": "Babahoyo",
        "state": "Los Rios",
        "state_abbr": "LR",
        "postcode_prefix": "120",
        "lat_min": -1.82,
        "lat_max": -1.79,
        "lon_min": -79.55,
        "lon_max": -79.52
      },
      {
        "city": "Quevedo",
        "state": "Los Rios",
        "state_abbr": "LR",
        "postcode_prefix": "120",
        "lat_min": -1.03,
        "lat_max": -1.0,
        "lon_min": -79.48,
        "lon_max": -79.45
      },
      {
        "city": "Milagro",
        "state": "Guayas",
        "state_abbr": "GY",
        "postcode_prefix": "091",
        "lat_min": -2.15,
        "lat_max": -2.13,
        "lon_min": -79.6,
        "lon_max": -79.58
      },
      {
        "city": "Tulcan",
        "state": "Carchi",
        "state_abbr": "CR",
        "postcode_prefix": "040",
        "lat_min": 0.8,
        "lat_max": 0.82,
        "lon_min": -77.73,
        "lon_max": -77.71
      }
    ],
    "uncommon": [
      {
        "city": "Salinas",
        "state": "Santa Elena",
        "state_abbr": "SE",
        "postcode_prefix": "241",
        "lat_min": -2.22,
        "lat_max": -2.2,
        "lon_min": -80.97,
        "lon_max": -80.95
      },
      {
        "city": "Tena",
        "state": "Napo",
        "state_abbr": "NA",
        "postcode_prefix": "150",
        "lat_min": -0.99,
        "lat_max": -0.97,
        "lon_min": -77.82,
        "lon_max": -77.8
      },
      {
        "city": "Puyo",
        "state": "Pastaza",
        "state_abbr": "PA",
        "postcode_prefix": "160",
        "lat_min": -1.5,
        "lat_max": -1.48,
        "lon_min": -77.98,
        "lon_max": -77.96
      },
      {
        "city": "Guaranda",
        "state": "Bolivar",
        "state_abbr": "BO",
        "postcode_prefix": "020",
        "lat_min": -1.61,
        "lat_max": -1.59,
        "lon_min": -78.99,
        "lon_max": -78.97
      },
      {
        "city": "Azogues",
        "state": "Cañar",
        "state_abbr": "CA",
        "postcode_prefix": "030",
        "lat_min": -2.74,
        "lat_max": -2.73,
        "lon_min": -78.85,
        "lon_max": -78.84
      },
      {
        "city": "Puerto Ayora",
        "state": "Galapagos",
        "state_abbr": "GA",
        "postcode_prefix": "200",
        "lat_min": -0.76,
        "lat_max": -0.74,
        "lon_min": -90.32,
        "lon_max": -90.3
      },
      {
        "city": "Otavalo",
        "state": "Imbabura",
        "state_abbr": "IM",
        "postcode_prefix": "100",
        "lat_min": 0.23,
        "lat_max": 0.25,
        "lon_min": -78.27,
        "lon_max": -78.25
      },
      {
        "city": "Zamora",
        "state": "Zamora Chinchipe",
        "state_abbr": "ZC",
        "postcode_prefix": "190",
        "lat_min": -4.07,
        "lat_max": -4.06,
        "lon_min": -78.96,
        "lon_max": -78.95
      }
    ],
    "rare": [
      {
        "city": "Macas",
        "state": "Morona Santiago",
        "state_abbr": "MS",
        "postcode_prefix": "140",
        "lat_min": -2.31,
        "lat_max": -2.3,
        "lon_min": -78.12,
        "lon_max": -78.11
      },
      {
        "city": "Nueva Loja",
        "state": "Sucumbios",
        "state_abbr": "SU",
        "postcode_prefix": "210",
        "lat_min": 0.08,
        "lat_max": 0.09,
        "lon_min": -76.89,
        "lon_max": -76.88
      },
      {
        "city": "Puerto Baquerizo Moreno",
        "state": "Galapagos",
        "state_abbr": "GA",
        "postcode_prefix": "200",
        "lat_min": -0.9,
        "lat_max": -0.89,
        "lon_min": -89.62,
        "lon_max": -89.61
      },
      {
        "city": "Coca",
        "state": "Orellana",
        "state_abbr": "OR",
        "postcode_prefix": "220",
        "lat_min": -0.47,
        "lat_max": -0.46,
        "lon_min": -76.98,
        "lon_max": -76.97
      },
      {
        "city": "Vilcabamba",
        "state": "Loja",
        "state_abbr": "LO",
        "postcode_prefix": "110",
        "lat_min": -4.26,
        "lat_max": -4.25,
        "lon_min": -79.23,
        "lon_max": -79.22
      }
    ]
  },
  "streets_by_city": {
    "Quito": [
      "Avenida Amazonas",
      "Avenida 10 de Agosto",
      "Avenida 6 de Diciembre",
      "Avenida Naciones Unidas",
      "Avenida Republica",
      "Avenida Eloy Alfaro",
      "Calle Venezuela",
      "Calle Guayaquil",
      "Calle Sucre",
      "Calle Garcia Moreno",
      "Calle Flores",
      "Calle Bolivar",
      "Avenida Patria",
      "Avenida Colon",
      "Calle Juan Leon Mera",
      "Calle Reina Victoria",
      "Avenida Gonzalez Suarez",
      "Calle La Ronda",
      "Avenida Mariscal Sucre",
      "Calle Cuenca"
    ],
    "Guayaquil": [
      "Malecon Simon Bolivar",
      "Avenida 9 de Octubre",
      "Calle Boyaca",
      "Calle 10 de Agosto",
      "Avenida Quito",
      "Calle Chile",
      "Avenida Francisco de Orellana",
      "Calle Luque",
      "Calle Clemente Ballen",
      "Avenida de las Americas",
      "Via Daule",
      "Avenida Juan Tanca Marengo"
    ],
    "Cuenca": [
      "Calle Larga",
      "Calle Gran Colombia",
      "Calle Bolivar",
      "Calle Sucre",
      "Calle Presidente Cordova",
      "Avenida Solano",
      "Calle Benigno Malo",
      "Calle Hermano Miguel",
      "Avenida 12 de Abril",
      "Avenida Remigio Crespo"
    ],
    "Ambato": [
      "Calle Bolivar",
      "Calle Sucre",
      "Avenida Cevallos",
      "Calle Montalvo",
      "Avenida 12 de Noviembre"
    ],
    "Machala": [
      "Avenida 25 de Junio",
      "Calle 9 de Mayo",
      "Avenida Rocafuerte",
      "Calle Bolivar",
      "Calle Sucre"
    ],
    "Loja": [
      "Calle Bolivar",
      "Calle Sucre",
      "Calle 10 de Agosto",
      "Avenida Universitaria",
      "Calle Bernardo Valdivieso"
    ],
    "Manta": [
      "Malecon de Manta",
      "Calle 11",
      "Avenida 4 de Noviembre",
      "Calle 13",
      "Avenida Flavio Reyes"
    ],
    "Azogues": [
      "Avenida 24 de Mayo",
      "Calle Bolivar",
      "Avenida 16 de Abril",
      "Calle Sucre"
    ],
    "Babahoyo": [
      "Avenida 10 de Agosto",
      "Calle Bolivar",
      "Malecon 9 de Octubre",
      "Calle Rocafuerte"
    ],
    "Coca": [
      "Avenida Alejandro Labaka",
      "Calle Napo",
      "Avenida 9 de Octubre",
      "Calle Quito"
    ],
    "Duran": [
      "Avenida Leon Febres Cordero",
      "Calle Principal",
      "Via Duran-Tambo",
      "Calle Guayaquil"
    ],
    "Esmeraldas": [
      "Avenida Libertad",
      "Calle Bolivar",
      "Calle Sucre",
      "Avenida Colon"
    ],
    "Guaranda": [
      "Calle Convencional de 1884",
      "Avenida General Enriquez",
      "Calle Sucre",
      "Calle 10 de Agosto"
    ],
    "Ibarra": [
      "Avenida Mariano Acosta",
      "Calle Bolivar",
      "Avenida El Retorno",
      "Calle Sucre",
      "Avenida Atahualpa"
    ],
    "Latacunga": [
      "Calle Quito",
      "Avenida Amazonas",
      "Calle Guayaquil",
      "Calle Sucre"
    ],
    "Macas": [
      "Avenida 29 de Mayo",
      "Calle Soasti",
      "Calle Bolivar",
      "Calle 10 de Agosto"
    ],
    "Milagro": [
      "Avenida 17 de Septiembre",
      "Calle Garcia Moreno",
      "Calle Bolivar",
      "Calle Rocafuerte"
    ],
    "Nueva Loja": [
      "Avenida Quito",
      "Calle Colombia",
      "Avenida 12 de Febrero",
      "Calle Orellana"
    ],
    "Otavalo": [
      "Calle Sucre",
      "Calle Bolivar",
      "Avenida 31 de Octubre",
      "Calle Roca"
    ],
    "Portoviejo": [
      "Avenida Reales Tamarindos",
      "Calle Olmedo",
      "Calle Chile",
      "Avenida America",
      "Calle Sucre"
    ],
    "Puerto Ayora": [
      "Avenida Charles Darwin",
      "Calle Baltra",
      "Calle Charles Binford",
      "Calle Islas Plaza"
    ],
    "Puerto Baquerizo Moreno": [
      "Avenida Charles Darwin",
      "Calle Espanola",
      "Calle Northia",
      "Malecon"
    ],
    "Puyo": [
      "Calle 9 de Octubre",
      "Avenida Alberto Zambrano",
      "Calle Atahualpa",
      "Calle Francisco de Orellana"
    ],
    "Quevedo": [
      "Avenida 7 de Octubre",
      "Calle Bolivar",
      "Calle Decima",
      "Via Quevedo-Valencia"
    ],
    "Riobamba": [
      "Calle 10 de Agosto",
      "Calle Primera Constituyente",
      "Avenida Daniel Leon Borja",
      "Calle Espana"
    ],
    "Salinas": [
      "Malecon de Salinas",
      "Calle Enriquez Gallo",
      "Avenida General Eloy Alfaro",
      "Via Data Posorja"
    ],
    "Santo Domingo": [
      "Avenida Quito",
      "Via Chone",
      "Avenida Tsachila",
      "Calle Ibarra",
      "Avenida Abraham Calazacon"
    ],
    "Tena": [
      "Avenida 15 de Noviembre",
      "Calle Amazonas",
      "Calle Garcia Moreno",
      "Malecon del Rio Tena"
    ],
    "Tulcan": [
      "Calle Sucre",
      "Avenida Coral",
      "Calle Bolivar",
      "Calle 10 de Agosto"
    ],
    "Vilcabamba": [
      "Calle Sucre",
      "Calle Bolivar",
      "Avenida Eterna Juventud",
      "Calle Diego Vaca de Vega"
    ],
    "Zamora": [
      "Calle Sevilla de Oro",
      "Avenida del Maestro",
      "Calle Diego de Vaca",
      "Calle Pio Jaramillo"
    ]
  },
  "postcode_format": "######",
  "address_formats": [
    "{street} {building_number}, {city}, {state}",
    "{street} y {street}, {city} {postcode}"
  ],
  "country": "Ecuador",
  "country_code": "EC",
  "phone_area_codes": {
    "Pichincha": [
      "02"
    ],
    "Guayas": [
      "04"
    ],
    "Azuay": [
      "07"
    ],
    "Manabi": [
      "05"
    ],
    "Tungurahua": [
      "03"
    ],
    "El Oro": [
      "07"
    ],
    "Loja": [
      "07"
    ],
    "Imbabura": [
      "06"
    ],
    "Esmeraldas": [
      "06"
    ],
    "Cotopaxi": [
      "03"
    ],
    "Los Rios": [
      "05"
    ],
    "Chimborazo": [
      "03"
    ],
    "Carchi": [
      "06"
    ],
    "Bolivar": [
      "03"
    ],
    "Cañar": [
      "07"
    ],
    "Napo": [
      "06"
    ],
    "Pastaza": [
      "03"
    ],
    "Galapagos": [
      "05"
    ],
    "Zamora Chinchipe": [
      "07"
    ],
    "Santo Domingo de los Tsachilas": [
      "02"
    ]
  },
  "phone_format": "+593 {area_code} ###-####"
}
