{
    "locations": [
        {
            "city": "Athens",
            "state": "Attica",
            "state_abbr": "ATT",
            "postcode_prefix": "10",
            "lat_min": 37.95,
            "lat_max": 38.0,
            "lon_min": 23.72,
            "lon_max": 23.78
        },
        {
            "city": "Thessaloniki",
            "state": "Central Macedonia",
            "state_abbr": "KM",
            "postcode_prefix": "54",
            "lat_min": 40.62,
            "lat_max": 40.66,
            "lon_min": 22.93,
            "lon_max": 22.97
        },
        {
            "city": "Piraeus",
            "state": "Attica",
            "state_abbr": "ATT",
            "postcode_prefix": "18",
            "lat_min": 37.94,
            "lat_max": 37.96,
            "lon_min": 23.63,
            "lon_max": 23.66
        },
        {
            "city": "Patras",
            "state": "Western Greece",
            "state_abbr": "DE",
            "postcode_prefix": "26",
            "lat_min": 38.24,
            "lat_max": 38.26,
            "lon_min": 21.73,
            "lon_max": 21.76
        },
        {
            "city": "Heraklion",
            "state": "Crete",
            "state_abbr": "KR",
            "postcode_prefix": "71",
            "lat_min": 35.33,
            "lat_max": 35.35,
            "lon_min": 25.13,
            "lon_max": 25.16
        },
        {
            "city": "Larissa",
            "state": "Thessaly",
            "state_abbr": "TH",
            "postcode_prefix": "41",
            "lat_min": 39.63,
            "lat_max": 39.65,
            "lon_min": 22.41,
            "lon_max": 22.43
        },
        {
            "city": "Volos",
            "state": "Thessaly",
            "state_abbr": "TH",
            "postcode_prefix": "38",
            "lat_min": 39.36,
            "lat_max": 39.38,
            "lon_min": 22.94,
            "lon_max": 22.96
        },
        {
            "city": "Ioannina",
            "state": "Epirus",
            "state_abbr": "HP",
            "postcode_prefix": "45",
            "lat_min": 39.66,
            "lat_max": 39.68,
            "lon_min": 20.85,
            "lon_max": 20.87
        },
        {
            "city": "Chania",
            "state": "Crete",
            "state_abbr": "KR",
            "postcode_prefix": "73",
            "lat_min": 35.51,
            "lat_max": 35.53,
            "lon_min": 24.01,
            "lon_max": 24.03
        },
        {
            "city": "Rhodes",
            "state": "South Aegean",
            "state_abbr": "NA",
            "postcode_prefix": "85",
            "lat_min": 36.43,
            "lat_max": 36.45,
            "lon_min": 28.22,
            "lon_max": 28.24
        },
        {
            "city": "Kavala",
            "state": "Eastern Macedonia and Thrace",
            "state_abbr": "AMT",
            "postcode_prefix": "65",
            "lat_min": 40.93,
            "lat_max": 40.95,
            "lon_min": 24.4,
            "lon_max": 24.42
        },
        {
            "city": "Trikala",
            "state": "Thessaly",
            "state_abbr": "TH",
            "postcode_prefix": "42",
            "lat_min": 39.55,
            "lat_max": 39.57,
            "lon_min": 21.76,
            "lon_max": 21.78
        },
        {
            "city": "Serres",
            "state": "Central Macedonia",
            "state_abbr": "KM",
            "postcode_prefix": "62",
            "lat_min": 41.08,
            "lat_max": 41.1,
            "lon_min": 23.54,
            "lon_max": 23.56
        },
        {
            "city": "Alexandroupoli",
            "state": "Eastern Macedonia and Thrace",
            "state_abbr": "AMT",
            "postcode_prefix": "68",
            "lat_min": 40.84,
            "lat_max": 40.86,
            "lon_min": 25.87,
            "lon_max": 25.89
        },
        {
            "city": "Corfu",
            "state": "Ionian Islands",
            "state_abbr": "IN",
            "postcode_prefix": "49",
            "lat_min": 39.62,
            "lat_max": 39.64,
            "lon_min": 19.91,
            "lon_max": 19.93
        },
        {
            "city": "Kalamata",
            "state": "Peloponnese",
            "state_abbr": "PL",
            "postcode_prefix": "24",
            "lat_min": 37.03,
            "lat_max": 37.05,
            "lon_min": 22.11,
            "lon_max": 22.13
        },
        {
            "city": "Komotini",
            "state": "Eastern Macedonia and Thrace",
            "state_abbr": "AMT",
            "postcode_prefix": "69",
            "lat_min": 41.11,
            "lat_max": 41.13,
            "lon_min": 25.4,
            "lon_max": 25.42
        },
        {
            "city": "Kozani",
            "state": "Western Macedonia",
            "state_abbr": "DM",
            "postcode_prefix": "50",
            "lat_min": 40.29,
            "lat_max": 40.31,
            "lon_min": 21.78,
            "lon_max": 21.8
        },
        {
            "city": "Chalkida",
            "state": "Central Greece",
            "state_abbr": "SE",
            "postcode_prefix": "34",
            "lat_min": 38.46,
            "lat_max": 38.48,
            "lon_min": 23.59,
            "lon_max": 23.61
        },
        {
            "city": "Mykonos",
            "state": "South Aegean",
            "state_abbr": "NA",
            "postcode_prefix": "84",
            "lat_min": 37.44,
            "lat_max": 37.46,
            "lon_min": 25.32,
            "lon_max": 25.34
        }
    ],
    "streets_by_city": {
        "Athens": [
            "Leoforos Amalias",
            "Ermou Street",
            "Syntagma Square",
            "Stadiou Street",
            "Leoforos Vasilissis Sofias",
            "Panepistimiou Street",
            "Leoforos Alexandras",
            "Akadimias Street",
            "Patision Street",
            "Leoforos Kifisias",
            "Athinas Street",
            "Aiolou Street",
            "Mitropoleos Street",
            "Plaka",
            "Monastiraki",
            "Psyrri",
            "Kolonaki",
            "Exarchia",
            "Gazi",
            "Koukaki",
            "Ermou",
            "Stadiou",
            "Panepistimiou",
            "Akadimias",
            "Patision",
            "Alexandras",
            "Vasilissis Sofias",
            "Vasilissis Amalias",
            "Kifisias",
            "Vouliagmenis",
            "Syngrou",
            "Pireos",
            "Athinas",
            "Aiolou",
            "Mitropoleos",
            "Nikis",
            "Filellinon",
            "Adrianou",
            "Monastiraki Square",
            "Plaka Walk",
            "Thisseos",
            "Apostolou Pavlou",
            "Dionysiou Areopagitou",
            "Rovertou Galli",
            "Makrigianni",
            "Souri",
            "Hatzichristou",
            "Karaiskaki",
            "Koumoundourou",
            "Psarron",
            "Evripidou",
            "Sofokleous",
            "Menandrou",
            "Voreou",
            "Ippokratous",
            "Solonos",
            "Asklipiou",
            "Mavromichali",
            "Skoufa",
            "Tsakalof",
            "Voukourestiou",
            "Kriezotou",
            "Kanari",
            "Haritos",
            "Ploutarchou",
            "Spefsippou",
            "Irodotou",
            "Vasileos Konstantinou",
            "Rigillis",
            "Evangelismos",
            "Kolokotroni",
            "Lekka",
            "Karageorgi Servias",
            "Kapnikareas",
            "Pandrossou",
            "Ifaistou",
            "Protogenous",
            "Theklas",
            "Sarri",
            "Protogenous Square",
            "Avramiotou",
            "Agion Asomaton",
            "Kerameikou",
            "Iera Odos",
            "Konstantinoupoleos",
            "Megalou Alexandrou",
            "Plateon",
            "Achilleos",
            "Kolonou",
            "Lenorman",
            "Marni",
            "Halkokondili",
            "Veranzerou",
            "Liossion",
            "Tritis Septemvriou",
            "Acharnon",
            "Kypsalis",
            "Fokionos Negri",
            "Ioulianou",
            "Kapodistriou"
        ],
        "Thessaloniki": [
            "Leoforos Nikis",
            "Tsimiski Street",
            "Egnatia Street",
            "Aristotelous Square",
            "Mitropoleos Street",
            "Leoforos Vasilissis Olgas",
            "Ermou Street",
            "Leoforos Stratou",
            "Agiou Dimitriou Street",
            "Navarinou Square",
            "Ladadika",
            "Ano Poli",
            "Kalamaria",
            "Toumba",
            "Stavroupoli",
            "Kamara",
            "Rotonda",
            "White Tower",
            "Nea Paralia",
            "Vardari",
            "Odos Ermou",
            "Odos Stadiou",
            "Odos Athinas",
            "Odos Mitropoleos",
            "Odos Panepistimiou",
            "Odos Akadimias",
            "Odos Patission",
            "Odos Solonos",
            "Odos Voukourestiou",
            "Odos Kolokotroni"
        ],
        "Piraeus": [
            "Leoforos Iroon Polytechniou",
            "Filonos Street",
            "Korai Square",
            "Mikrolimano",
            "Pasalimani",
            "Leoforos Hatzikyriakou",
            "Skouze Street",
            "Kolokotroni Street",
            "Gounari Street",
            "Terpsitheas Square",
            "Kastella",
            "Freattyda",
            "Kaminia",
            "Neo Faliro",
            "Peiraiki",
            "Central Port",
            "Akti Miaouli",
            "Drapetsona",
            "Keratsini",
            "Perama",
            "Odos Ermou",
            "Odos Stadiou",
            "Odos Athinas",
            "Odos Mitropoleos",
            "Odos Panepistimiou",
            "Odos Akadimias",
            "Odos Patission",
            "Odos Solonos",
            "Odos Voukourestiou",
            "Odos Kolokotroni"
        ],
        "Patras": [
            "Agiou Nikolaou Street",
            "Riga Fereou Street",
            "Georgiou Square",
            "Maizonos Street",
            "Korinthou Street",
            "Gounari Street",
            "Kanakari Street",
            "Leoforos Kanellopoulou",
            "Psilalonia Street",
            "Ano Poli",
            "Rio",
            "Kastelli",
            "Agia Sofia",
            "Ypsila Alonia",
            "Bozaitika",
            "Agyia",
            "Zarouhleika",
            "Glafkos",
            "Skagiopoulio",
            "Dasyllio",
            "Odos Ermou",
            "Odos Stadiou",
            "Odos Athinas",
            "Odos Mitropoleos",
            "Odos Panepistimiou",
            "Odos Akadimias",
            "Odos Patission",
            "Odos Solonos",
            "Odos Voukourestiou",
            "Odos Kolokotroni"
        ],
        "Heraklion": [
            "25is Avgoustou Street",
            "Leoforos Dikaiosynis",
            "Eleftherias Square",
            "Daidalou Street",
            "Leoforos Ikarou",
            "Kornarou Street",
            "Liontaria Square",
            "1866 Street",
            "Leoforos Knossou",
            "Koules",
            "Kornaros",
            "Therisos",
            "Agia Triada",
            "Nea Alikarnassos",
            "Mastampas",
            "Ampelokhpoi",
            "Atsalenio",
            "Poros",
            "Port",
            "Venetian Walls",
            "Odos Ermou",
            "Odos Stadiou",
            "Odos Athinas",
            "Odos Mitropoleos",
            "Odos Panepistimiou",
            "Odos Akadimias",
            "Odos Patission",
            "Odos Solonos",
            "Odos Voukourestiou",
            "Odos Kolokotroni"
        ],
        "Larissa": [
            "Papanastasiou Street",
            "Roosevelt Street",
            "Post Office Square",
            "Central Square",
            "Mandilara Street",
            "Kyprou Street",
            "Papakyriazi Street",
            "Venizelou Street",
            "Olympou Street",
            "Leoforos Georgiadou",
            "Frourio",
            "Agia Paraskevi",
            "Neapoli",
            "Ampelokhpoi",
            "Nikaia",
            "Charavgi",
            "Agia Triada",
            "Petra",
            "Sotiritsa",
            "Pineios",
            "Odos Ermou",
            "Odos Stadiou",
            "Odos Athinas",
            "Odos Mitropoleos",
            "Odos Panepistimiou",
            "Odos Akadimias",
            "Odos Patission",
            "Odos Solonos",
            "Odos Voukourestiou",
            "Odos Kolokotroni"
        ],
        "Volos": [
            "Dimitriados Street",
            "Iasonos Street",
            "Volos Waterfront",
            "Riga Feraiou Square",
            "Koumoundourou Street",
            "Eleftheriou Venizelou Street",
            "Spyridi Street",
            "Leoforos Lampraki",
            "Analipseos Street",
            "Agiou Nikolaou Street",
            "Old Town",
            "Nea Ionia",
            "Nea Dimitriada",
            "Agios Konstantinos",
            "Metamorfosi",
            "Chiliadou",
            "Agria",
            "Alykes",
            "Makrinitsa",
            "Portaria",
            "Odos Ermou",
            "Odos Stadiou",
            "Odos Athinas",
            "Odos Mitropoleos",
            "Odos Panepistimiou",
            "Odos Akadimias",
            "Odos Patission",
            "Odos Solonos",
            "Odos Voukourestiou",
            "Odos Kolokotroni"
        ],
        "Ioannina": [
            "Averof Street",
            "Dodonis Street",
            "Pyrrou Square",
            "Leoforos Georgiou Papandreou",
            "Charilaou Trikoupi Street",
            "Michail Angelou Street",
            "Napoleontos Zerva Street",
            "Kastro",
            "Litharitsia",
            "Lake Pamvotida",
            "Anatoli",
            "Karadimos",
            "Katsikas",
            "Nisi",
            "Perivlepto",
            "Kiafa",
            "Maroutsi",
            "Seismopliktpn",
            "Stavraki",
            "Neochoropoulo",
            "Odos Ermou",
            "Odos Stadiou",
            "Odos Athinas",
            "Odos Mitropoleos",
            "Odos Panepistimiou",
            "Odos Akadimias",
            "Odos Patission",
            "Odos Solonos",
            "Odos Voukourestiou",
            "Odos Kolokotroni"
        ],
        "Chania": [
            "Chalidon Street",
            "Venetian Harbor",
            "1866 Square",
            "Skalidi Street",
            "Kydonias Street",
            "Old Town",
            "Lighthouse",
            "Nea Chora",
            "Koum Kapi",
            "Splantzia",
            "Topanas",
            "Koukoura",
            "Kasteli",
            "Chalepa",
            "Kounoupidiana",
            "Agia Marina",
            "Souda",
            "Akrotiri",
            "Nerokouros",
            "Mournies",
            "Odos Ermou",
            "Odos Stadiou",
            "Odos Athinas",
            "Odos Mitropoleos",
            "Odos Panepistimiou",
            "Odos Akadimias",
            "Odos Patission",
            "Odos Solonos",
            "Odos Voukourestiou",
            "Odos Kolokotroni"
        ],
        "Rhodes": [
            "Sokratous Street",
            "Medieval Town",
            "Mandraki",
            "Leoforos Eleftherias",
            "Ippokratous Square",
            "Street of the Knights",
            "Palace of the Grand Master",
            "New Market",
            "Aquarium",
            "Psaropoula",
            "Akandia",
            "New Town",
            "Ialyssos",
            "Treis Stavroi",
            "Agios Nikolaos",
            "Monte Smith",
            "Rodini",
            "Koskinou",
            "Afantou",
            "Lindos",
            "Odos Ermou",
            "Odos Stadiou",
            "Odos Athinas",
            "Odos Mitropoleos",
            "Odos Panepistimiou",
            "Odos Akadimias",
            "Odos Patission",
            "Odos Solonos",
            "Odos Voukourestiou",
            "Odos Kolokotroni"
        ],
        "Kavala": [
            "Eleftheriou Venizelou Street",
            "Kavala Waterfront",
            "Old Town",
            "Leoforos Ethnikis Antistaseos",
            "Mehmet Ali",
            "Imaret",
            "Castle",
            "Kamares",
            "Kapnergati Square",
            "Nea Karvali",
            "Kalamitsa",
            "Perigiali",
            "Philippi",
            "Eleftheroupoli",
            "Chrysoupoli",
            "Drama",
            "Nea Iraklitsa",
            "Keramoti",
            "Nestos",
            "Thassos",
            "Odos Ermou",
            "Odos Stadiou",
            "Odos Athinas",
            "Odos Mitropoleos",
            "Odos Panepistimiou",
            "Odos Akadimias",
            "Odos Patission",
            "Odos Solonos",
            "Odos Voukourestiou",
            "Odos Kolokotroni"
        ],
        "Trikala": [
            "Asklipiou Street",
            "Riga Feraiou Square",
            "Vyronos Street",
            "Sarafi Street",
            "Central Square",
            "Varousi",
            "Fortress",
            "Lithaios River",
            "Pyli",
            "Matsopoulos Mill",
            "Agia Moni",
            "Kalabaka",
            "Meteora",
            "Pyrgetos",
            "Farkadona",
            "Oichalia",
            "Palaiopygos",
            "Krinitsa",
            "Rizario",
            "Kastraki",
            "Odos Ermou",
            "Odos Stadiou",
            "Odos Athinas",
            "Odos Mitropoleos",
            "Odos Panepistimiou",
            "Odos Akadimias",
            "Odos Patission",
            "Odos Solonos",
            "Odos Voukourestiou",
            "Odos Kolokotroni"
        ],
        "Serres": [
            "Emmanouil Pappa Street",
            "Eleftherias Square",
            "Merarchias Street",
            "Leoforos Dimokratias",
            "Thessalonikis Street",
            "Castle",
            "Agora",
            "Nea Zichni",
            "Sidirokastro",
            "Irakleia",
            "Nigrita",
            "Visaltia",
            "Amphipoli",
            "Proti",
            "Lefkonas",
            "Livadia",
            "Skotoussa",
            "Vamvakia",
            "Krinida",
            "Koila",
            "Odos Ermou",
            "Odos Stadiou",
            "Odos Athinas",
            "Odos Mitropoleos",
            "Odos Panepistimiou",
            "Odos Akadimias",
            "Odos Patission",
            "Odos Solonos",
            "Odos Voukourestiou",
            "Odos Kolokotroni"
        ],
        "Alexandroupoli": [
            "Kyprou Street",
            "Alexandroupoli Waterfront",
            "Lighthouse",
            "Eleftherias Square",
            "Dionysiou Street",
            "Leoforos Dimokratias",
            "Makedonias",
            "Nea Chili",
            "Antheia",
            "Maistros",
            "Avra",
            "Apalos",
            "Loutra",
            "Traianoupoli",
            "Feres",
            "Peplos",
            "Dikaia",
            "Soufli",
            "Didymoteicho",
            "Orestiada",
            "Odos Ermou",
            "Odos Stadiou",
            "Odos Athinas",
            "Odos Mitropoleos",
            "Odos Panepistimiou",
            "Odos Akadimias",
            "Odos Patission",
            "Odos Solonos",
            "Odos Voukourestiou",
            "Odos Kolokotroni"
        ],
        "Corfu": [
            "Liston",
            "Spianada",
            "Old Fortress",
            "New Fortress",
            "Nikiforou Theotoki Street",
            "Campiello",
            "Old Town",
            "Mandouki",
            "Garitsa",
            "Anemomylos",
            "Kanoni",
            "Pontikonisi",
            "Achilleion",
            "Benitses",
            "Perama",
            "Kontokali",
            "Gouvia",
            "Dassia",
            "Ipsos",
            "Kassiopi",
            "Odos Ermou",
            "Odos Stadiou",
            "Odos Athinas",
            "Odos Mitropoleos",
            "Odos Panepistimiou",
            "Odos Akadimias",
            "Odos Patission",
            "Odos Solonos",
            "Odos Voukourestiou",
            "Odos Kolokotroni"
        ],
        "Kalamata": [
            "Aristomenous Street",
            "Kalamata Beach",
            "23rd March Square",
            "Castle",
            "Faron Street",
            "Bourmpoulithra",
            "Laiki Agora",
            "Messi",
            "Almyros",
            "Verga",
            "Ano Verga",
            "Sperchogeia",
            "Asprochoma",
            "Mikri Mantineia",
            "Aris",
            "Thouria",
            "Elaiochori",
            "Eva",
            "Antikalamos",
            "Aipeia",
            "Odos Ermou",
            "Odos Stadiou",
            "Odos Athinas",
            "Odos Mitropoleos",
            "Odos Panepistimiou",
            "Odos Akadimias",
            "Odos Patission",
            "Odos Solonos",
            "Odos Voukourestiou",
            "Odos Kolokotroni"
        ],
        "Komotini": [
            "Orfeos Street",
            "Eirinis Square",
            "Central Market",
            "Dimokratias Street",
            "Nea Moschopoli",
            "Kosmio",
            "Kotza Mezarlik",
            "Yfantirio",
            "Panepistimio",
            "Agia Paraskevi",
            "Nea Kallisti",
            "Thrilorio",
            "Maroneia",
            "Iasmos",
            "Aristeino",
            "Selero",
            "Nea Santa",
            "Sidiropetra",
            "Gratini",
            "Pagouria",
            "Odos Ermou",
            "Odos Stadiou",
            "Odos Athinas",
            "Odos Mitropoleos",
            "Odos Panepistimiou",
            "Odos Akadimias",
            "Odos Patission",
            "Odos Solonos",
            "Odos Voukourestiou",
            "Odos Kolokotroni"
        ],
        "Kozani": [
            "Ionos Dragoumi Street",
            "Nikis Square",
            "Central Square",
            "Pavlou Mela Street",
            "Laiki Agora",
            "Ermakia",
            "Lassani Square",
            "Xenia",
            "ZEP",
            "Alonia",
            "Skrka",
            "Krokos",
            "Petrana",
            "Lefkovrysi",
            "Lefkopigi",
            "Drepano",
            "Pontokomi",
            "Mavrodendri",
            "Kaisareia",
            "Siatista",
            "Odos Ermou",
            "Odos Stadiou",
            "Odos Athinas",
            "Odos Mitropoleos",
            "Odos Panepistimiou",
            "Odos Akadimias",
            "Odos Patission",
            "Odos Solonos",
            "Odos Voukourestiou",
            "Odos Kolokotroni"
        ],
        "Chalkida": [
            "Eleftheriou Venizelou Street",
            "Chalkida Waterfront",
            "Euripus Bridge",
            "Agora Square",
            "Castle",
            "Karampampa",
            "Kanithou",
            "Nea Artaki",
            "Vathi",
            "Drosia",
            "Agios Stefanos",
            "Aulis Beach",
            "Lilantio",
            "Psachna",
            "Nea Lampsakos",
            "Vasiliko",
            "Mytikas",
            "Politika",
            "Aliveri",
            "Eretria",
            "Odos Ermou",
            "Odos Stadiou",
            "Odos Athinas",
            "Odos Mitropoleos",
            "Odos Panepistimiou",
            "Odos Akadimias",
            "Odos Patission",
            "Odos Solonos",
            "Odos Voukourestiou",
            "Odos Kolokotroni"
        ],
        "Mykonos": [
            "Chora",
            "Old Port",
            "Little Venice",
            "Windmills",
            "Matogianni",
            "Manto Square",
            "Alefkandra",
            "Kastro",
            "Agios Stefanos",
            "Tourlos",
            "Platis Gialos",
            "Psarou",
            "Paraga",
            "Super Paradise",
            "Paradise",
            "Agios Ioannis",
            "Ornos",
            "Agia Anna",
            "Kalafatis",
            "Kalo Livadi",
            "Odos Ermou",
            "Odos Stadiou",
            "Odos Athinas",
            "Odos Mitropoleos",
            "Odos Panepistimiou",
            "Odos Akadimias",
            "Odos Patission",
            "Odos Solonos",
            "Odos Voukourestiou",
            "Odos Kolokotroni"
        ]
    },
    "postcode_format": "### ##",
    "address_formats": [
        "{street} {building_number}, {postcode} {city}",
        "{street} {building_number}, {city} {postcode}",
        "{city}, {street} {building_number}, {postcode}"
    ],
    "country": "Greece",
    "country_code": "GR",
    "phone_area_codes": {
        "Attica": [
            "210",
            "211"
        ],
        "Central Macedonia": [
            "2310"
        ],
        "Western Greece": [
            "2610"
        ],
        "Crete": [
            "2810",
            "28210"
        ],
        "Thessaly": [
            "2410",
            "24210"
        ],
        "Epirus": [
            "26510"
        ],
        "South Aegean": [
            "22410",
            "22890"
        ],
        "Eastern Macedonia and Thrace": [
            "2510",
            "25510",
            "25310"
        ],
        "Ionian Islands": [
            "26610"
        ],
        "Peloponnese": [
            "27210"
        ],
        "Western Macedonia": [
            "24610"
        ],
        "Central Greece": [
            "22210"
        ]
    },
    "phone_format": "{area_code} ### ####"
}
