{
  "locations": [
    {"city": "Helsinki", "state": "Uusimaa", "state_abbr": "UU", "postcode_prefix": "00", "lat_min": 60.15, "lat_max": 60.22, "lon_min": 24.87, "lon_max": 25.02},
    {"city": "Espoo", "state": "Uusimaa", "state_abbr": "UU", "postcode_prefix": "02", "lat_min": 60.18, "lat_max": 60.25, "lon_min": 24.65, "lon_max": 24.82},
    {"city": "Tampere", "state": "Pirkanmaa", "state_abbr": "PI", "postcode_prefix": "33", "lat_min": 61.48, "lat_max": 61.52, "lon_min": 23.74, "lon_max": 23.82},
    {"city": "Vantaa", "state": "Uusimaa", "state_abbr": "UU", "postcode_prefix": "01", "lat_min": 60.28, "lat_max": 60.35, "lon_min": 24.92, "lon_max": 25.08},
    {"city": "Oulu", "state": "Pohjois-Pohjanmaa", "state_abbr": "PP", "postcode_prefix": "90", "lat_min": 65.00, "lat_max": 65.04, "lon_min": 25.44, "lon_max": 25.52},
    {"city": "Turku", "state": "Varsinais-Suomi", "state_abbr": "VS", "postcode_prefix": "20", "lat_min": 60.44, "lat_max": 60.48, "lon_min": 22.24, "lon_max": 22.32},
    {"city": "Jyväskylä", "state": "Keski-Suomi", "state_abbr": "KS", "postcode_prefix": "40", "lat_min": 62.23, "lat_max": 62.27, "lon_min": 25.72, "lon_max": 25.78},
    {"city": "Lahti", "state": "Päijät-Häme", "state_abbr": "PH", "postcode_prefix": "15", "lat_min": 60.98, "lat_max": 61.02, "lon_min": 25.64, "lon_max": 25.70},
    {"city": "Kuopio", "state": "Pohjois-Savo", "state_abbr": "PS", "postcode_prefix": "70", "lat_min": 62.88, "lat_max": 62.92, "lon_min": 27.66, "lon_max": 27.72},
    {"city": "Pori", "state": "Satakunta", "state_abbr": "SA", "postcode_prefix": "28", "lat_min": 61.48, "lat_max": 61.52, "lon_min": 21.78, "lon_max": 21.84},
    {"city": "Kouvola", "state": "Kymenlaakso", "state_abbr": "KY", "postcode_prefix": "45", "lat_min": 60.86, "lat_max": 60.90, "lon_min": 26.70, "lon_max": 26.76},
    {"city": "Joensuu", "state": "Pohjois-Karjala", "state_abbr": "PK", "postcode_prefix": "80", "lat_min": 62.59, "lat_max": 62.63, "lon_min": 29.74, "lon_max": 29.80},
    {"city": "Lappeenranta", "state": "Etelä-Karjala", "state_abbr": "EK", "postcode_prefix": "53", "lat_min": 61.05, "lat_max": 61.09, "lon_min": 28.18, "lon_max": 28.24},
    {"city": "Hämeenlinna", "state": "Kanta-Häme", "state_abbr": "KH", "postcode_prefix": "13", "lat_min": 60.99, "lat_max": 61.03, "lon_min": 24.44, "lon_max": 24.50},
    {"city": "Vaasa", "state": "Pohjanmaa", "state_abbr": "PO", "postcode_prefix": "65", "lat_min": 63.08, "lat_max": 63.12, "lon_min": 21.60, "lon_max": 21.66},
    {"city": "Seinäjoki", "state": "Etelä-Pohjanmaa", "state_abbr": "EP", "postcode_prefix": "60", "lat_min": 62.78, "lat_max": 62.82, "lon_min": 22.82, "lon_max": 22.88},
    {"city": "Rovaniemi", "state": "Lappi", "state_abbr": "LA", "postcode_prefix": "96", "lat_min": 66.49, "lat_max": 66.53, "lon_min": 25.70, "lon_max": 25.78},
    {"city": "Mikkeli", "state": "Etelä-Savo", "state_abbr": "ES", "postcode_prefix": "50", "lat_min": 61.68, "lat_max": 61.72, "lon_min": 27.26, "lon_max": 27.32},
    {"city": "Kotka", "state": "Kymenlaakso", "state_abbr": "KY", "postcode_prefix": "48", "lat_min": 60.46, "lat_max": 60.50, "lon_min": 26.92, "lon_max": 26.98},
    {"city": "Salo", "state": "Varsinais-Suomi", "state_abbr": "VS", "postcode_prefix": "24", "lat_min": 60.38, "lat_max": 60.42, "lon_min": 23.12, "lon_max": 23.18},
    {"city": "Porvoo", "state": "Uusimaa", "state_abbr": "UU", "postcode_prefix": "06", "lat_min": 60.39, "lat_max": 60.43, "lon_min": 25.64, "lon_max": 25.70},
    {"city": "Kokkola", "state": "Keski-Pohjanmaa", "state_abbr": "KP", "postcode_prefix": "67", "lat_min": 63.83, "lat_max": 63.87, "lon_min": 23.12, "lon_max": 23.18},
    {"city": "Hyvinkää", "state": "Uusimaa", "state_abbr": "UU", "postcode_prefix": "05", "lat_min": 60.63, "lat_max": 60.67, "lon_min": 24.85, "lon_max": 24.91},
    {"city": "Lohja", "state": "Uusimaa", "state_abbr": "UU", "postcode_prefix": "08", "lat_min": 60.24, "lat_max": 60.28, "lon_min": 24.06, "lon_max": 24.12},
    {"city": "Järvenpää", "state": "Uusimaa", "state_abbr": "UU", "postcode_prefix": "04", "lat_min": 60.47, "lat_max": 60.51, "lon_min": 25.08, "lon_max": 25.14},
    {"city": "Rauma", "state": "Satakunta", "state_abbr": "SA", "postcode_prefix": "26", "lat_min": 61.12, "lat_max": 61.16, "lon_min": 21.48, "lon_max": 21.54},
    {"city": "Kajaani", "state": "Kainuu", "state_abbr": "KA", "postcode_prefix": "87", "lat_min": 64.22, "lat_max": 64.26, "lon_min": 27.72, "lon_max": 27.78},
    {"city": "Kerava", "state": "Uusimaa", "state_abbr": "UU", "postcode_prefix": "04", "lat_min": 60.40, "lat_max": 60.44, "lon_min": 25.10, "lon_max": 25.14},
    {"city": "Savonlinna", "state": "Etelä-Savo", "state_abbr": "ES", "postcode_prefix": "57", "lat_min": 61.86, "lat_max": 61.90, "lon_min": 28.86, "lon_max": 28.92},
    {"city": "Riihimäki", "state": "Kanta-Häme", "state_abbr": "KH", "postcode_prefix": "11", "lat_min": 60.73, "lat_max": 60.77, "lon_min": 24.76, "lon_max": 24.82}
  ],
  "streets_by_city": {
    "Helsinki": ["Mannerheimintie", "Aleksanterinkatu", "Esplanadi", "Fredrikinkatu", "Bulevardi", "Unioninkatu", "Kaivokatu", "Lönnrotinkatu", "Annankatu", "Eerikinkatu"],
    "Espoo": ["Kauppakartanonkatu", "Merituulentie", "Leppävaarankatu", "Ahertajantie", "Otaniementie", "Kehä I", "Espoonlahdentie", "Olarinluoma", "Tapiontori", "Matinkatu"],
    "Tampere": ["Hämeenkatu", "Aleksanterinkatu", "Satakunnankatu", "Puutarhakatu", "Tuomiokirkonkatu", "Hallituskatu", "Verkatehtaankatu", "Rautatienkatu", "Itsenäisyydenkatu", "Pirkankatu"],
    "Vantaa": ["Tikkurilantie", "Kielotie", "Ratatie", "Talvikkitie", "Unikkotie", "Lummetie", "Vernissakatu", "Martinkyläntie", "Myyrmäentie", "Koivukylänväylä"],
    "Oulu": ["Kauppurienkatu", "Isokatu", "Kirkkokatu", "Pakkahuoneenkatu", "Torikatu", "Saaristonkatu", "Hallituskatu", "Asemakatu", "Uusikatu", "Albertinkatu"],
    "Turku": ["Yliopistonkatu", "Aurakatu", "Eerikinkatu", "Linnankatu", "Kauppiaskatu", "Humalistonkatu", "Brahenkatu", "Kristiinankatu", "Puutarhakatu", "Ratapihankatu"],
    "Jyväskylä": ["Kauppakatu", "Vapaudenkatu", "Kilpisenkatu", "Yliopistonkatu", "Väinönkatu", "Hannikaisenkatu", "Asemakatu", "Cygnaeuksenkatu", "Gummeruksenkatu", "Puistokatu"],
    "Lahti": ["Aleksanterinkatu", "Vapaudenkatu", "Rautatienkatu", "Vesijärvenkatu", "Hämeenkatu", "Harjukatu", "Lahdenkatu", "Kirkkokatu", "Saimaankatu", "Torikatu"],
    "Kuopio": ["Kauppakatu", "Puijonkatu", "Haapaniemenkatu", "Tulliportinkatu", "Vuorikatu", "Maaherrankatu", "Kirkkokatu", "Kuninkaankatu", "Satamakatu", "Ajurinkatu"],
    "Pori": ["Yrjönkatu", "Antinkatu", "Isolinnankatu", "Itäpuisto", "Gallen-Kallelankatu", "Valtakatu", "Mikonkatu", "Hallituskatu", "Pohjoiskauppatori", "Maantiekatu"],
    "Kouvola": ["Kauppalankatu", "Hallituskatu", "Torikatu", "Salpausselänkatu", "Varuskuntakatu", "Kouvolankatu", "Asemakatu", "Kirkkokatu", "Suvikatu", "Valtakatu"],
    "Joensuu": ["Kauppakatu", "Koskikatu", "Torikatu", "Siltakatu", "Kirkkokatu", "Rantakatu", "Suvantokatu", "Niskakatu", "Tikkamäentie", "Yliopistokatu"],
    "Lappeenranta": ["Valtakatu", "Kauppakatu", "Brahenkatu", "Koulukatu", "Oksasenkatu", "Snellmaninkatu", "Raastuvankatu", "Kirkkokatu", "Pormestarinkatu", "Ainonkatu"],
    "Hämeenlinna": ["Raatihuoneenkatu", "Palokunnankatu", "Kasarmikatu", "Birger Jaarlin katu", "Lukiokatu", "Kirkkorinne", "Sibeliuksenkatu", "Hallituskatu", "Keinusaarentie", "Turuntie"],
    "Vaasa": ["Hovioikeudenpuistikko", "Kauppapuistikko", "Vaasanpuistikko", "Kirkkopuistikko", "Pitkäkatu", "Raastuvankatu", "Koulukatu", "Hietasaarenkatu", "Rantakatu", "Asemakatu"],
    "Seinäjoki": ["Kauppakatu", "Keskuskatu", "Kirkkokatu", "Kalevankatu", "Torikatu", "Vapaudentie", "Ruukintie", "Alvar Aallon katu", "Marttilankatu", "Valtionkatu"],
    "Rovaniemi": ["Koskikatu", "Rovakatu", "Maakuntakatu", "Valtakatu", "Hallituskatu", "Pohjolankatu", "Korkalonkatu", "Poromiehentie", "Ounasjoentie", "Lapinkävijäntie"],
    "Mikkeli": ["Porrassalmenkatu", "Hallituskatu", "Maaherrankatu", "Savilahdenkatu", "Raatihuoneenkatu", "Päiviönkatu", "Vilhonkatu", "Mannerheimintie", "Otto Mannisenkatu", "Tenholankatu"],
    "Kotka": ["Kauppakatu", "Keskuskatu", "Kirkkokatu", "Kotkankatu", "Ruotsinsalmenkatu", "Laivurinkatu", "Puistotie", "Vuorikatu", "Satamakatu", "Karhulantie"],
    "Salo": ["Turuntie", "Helsingintie", "Vilhonkatu", "Hornintie", "Salorankatu", "Asemakatu", "Mariankatu", "Hämeentie", "Venemestarinkatu", "Tupurintie"],
    "Porvoo": ["Mannerheiminkatu", "Piispankatu", "Lundinkatu", "Rihkamakatu", "Jokikatu", "Rauhankatu", "Kirkkokatu", "Aleksanterinkatu", "Runeberginkatu", "Näsintie"],
    "Kokkola": ["Pitkänsillankatu", "Isokatu", "Rantakatu", "Tehtaankatu", "Torikatu", "Kustaa Aadolfinkatu", "Kauppatori", "Pohjoisväylä", "Nahkurinkatu", "Koulukatu"],
    "Hyvinkää": ["Hämeenkatu", "Uudenmaankatu", "Kauppakatu", "Munckinkatu", "Siltakatu", "Torikatu", "Helenenkatu", "Viertolankatu", "Suokatu", "Vaiveronkatu"],
    "Lohja": ["Laurinkatu", "Karstuntie", "Keskuskatu", "Kauppakatu", "Kartanontie", "Harjukatu", "Liessaari", "Suurlohjankatu", "Nummentie", "Kirkkokatu"],
    "Järvenpää": ["Sibeliuksenkatu", "Mannilantie", "Helsingintie", "Postikatu", "Kirkkotie", "Wärtsilänkatu", "Pajalatie", "Seutulantie", "Yhteiskouluntie", "Kaskitie"],
    "Rauma": ["Kauppakatu", "Nortamonkatu", "Valtakatu", "Aittakarinkatu", "Kanalinranta", "Anundilankatu", "Kuninkaankatu", "Satamakatu", "Savilankatu", "Sinisaarenkatu"],
    "Kajaani": ["Kauppakatu", "Pohjolankatu", "Linnankatu", "Lönnrotinkatu", "Välikatu", "Brahenkatu", "Koivukoskenkatu", "Urho Kekkosenkatu", "Sotkamontie", "Koulukatu"],
    "Kerava": ["Kauppakaari", "Keskikatu", "Aleksis Kiven tie", "Savionkatu", "Sampolankatu", "Kalevankatu", "Paasikivenkatu", "Kytötie", "Sompionkatu", "Alikeravantie"],
    "Savonlinna": ["Olavinkatu", "Tulliportinkatu", "Kauppatori", "Puistokatu", "Linnankatu", "Satamakatu", "Pääskyniementie", "Savonniemenkatu", "Kirkkokatu", "Sotilaspojankatu"],
    "Riihimäki": ["Hämeenkatu", "Kauppakatu", "Junailijankatu", "Konepajankatu", "Uudenmaankatu", "Valtakatu", "Kulmakatu", "Palohelmenkatu", "Torikatu", "Kirjauksentie"]
  },
  "postcode_format": "#####",
  "address_formats": [
    "{street} {building_number}, {postcode} {city}",
    "{street} {building_number} {unit}, {postcode} {city}"
  ],
  "country": "Suomi",
  "country_code": "FI",
  "phone_area_codes": {
    "Uusimaa": ["09", "019"],
    "Pirkanmaa": ["03"],
    "Pohjois-Pohjanmaa": ["08"],
    "Varsinais-Suomi": ["02"],
    "Keski-Suomi": ["014"],
    "Päijät-Häme": ["03"],
    "Pohjois-Savo": ["017"],
    "Satakunta": ["02"],
    "Kymenlaakso": ["05"],
    "Pohjois-Karjala": ["013"],
    "Etelä-Karjala": ["05"],
    "Kanta-Häme": ["03"],
    "Pohjanmaa": ["06"],
    "Etelä-Pohjanmaa": ["06"],
    "Lappi": ["016"],
    "Etelä-Savo": ["015"],
    "Keski-Pohjanmaa": ["06"],
    "Kainuu": ["08"]
  }
}
