{
  "locations": {
    "very_common": [
      {
        "city": "La Paz",
        "state": "La Paz",
        "state_abbr": "LP",
        "postcode_prefix": "01",
        "lat_min": -16.51,
        "lat_max": -16.49,
        "lon_min": -68.16,
        "lon_max": -68.12
      },
      {
        "city": "Santa Cruz de la Sierra",
        "state": "Santa Cruz",
        "state_abbr": "SC",
        "postcode_prefix": "05",
        "lat_min": -17.8,
        "lat_max": -17.76,
        "lon_min": -63.2,
        "lon_max": -63.16
      },
      {
        "city": "Cochabamba",
        "state": "Cochabamba",
        "state_abbr": "CB",
        "postcode_prefix": "03",
        "lat_min": -17.4,
        "lat_max": -17.37,
        "lon_min": -66.17,
        "lon_max": -66.14
      },
      {
        "city": "El Alto",
        "state": "La Paz",
        "state_abbr": "LP",
        "postcode_prefix": "01",
        "lat_min": -16.52,
        "lat_max": -16.49,
        "lon_min": -68.21,
        "lon_max": -68.17
      },
      {
        "city": "Sucre",
        "state": "Chuquisaca",
        "state_abbr": "CH",
        "postcode_prefix": "02",
        "lat_min": -19.06,
        "lat_max": -19.03,
        "lon_min": -65.27,
        "lon_max": -65.24
      },
      {
        "city": "Oruro",
        "state": "Oruro",
        "state_abbr": "OR",
        "postcode_prefix": "04",
        "lat_min": -17.97,
        "lat_max": -17.95,
        "lon_min": -67.12,
        "lon_max": -67.1
      },
      {
        "city": "Tarija",
        "state": "Tarija",
        "state_abbr": "TJ",
        "postcode_prefix": "06",
        "lat_min": -21.54,
        "lat_max": -21.52,
        "lon_min": -64.74,
        "lon_max": -64.72
      },
      {
        "city": "Potosí",
        "state": "Potosí",
        "state_abbr": "PT",
        "postcode_prefix": "07",
        "lat_min": -19.59,
        "lat_max": -19.57,
        "lon_min": -65.76,
        "lon_max": -65.74
      },
      {
        "city": "Trinidad",
        "state": "Beni",
        "state_abbr": "BN",
        "postcode_prefix": "08",
        "lat_min": -14.84,
        "lat_max": -14.82,
        "lon_min": -64.91,
        "lon_max": -64.89
      },
      {
        "city": "Cobija",
        "state": "Pando",
        "state_abbr": "PD",
        "postcode_prefix": "09",
        "lat_min": -11.03,
        "lat_max": -11.01,
        "lon_min": -68.77,
        "lon_max": -68.75
      }
    ],
    "common": [
      {
        "city": "Sacaba",
        "state": "Cochabamba",
        "state_abbr": "CB",
        "postcode_prefix": "03",
        "lat_min": -17.4,
        "lat_max": -17.38,
        "lon_min": -66.04,
        "lon_max": -66.02
      },
      {
        "city": "Quillacollo",
        "state": "Cochabamba",
        "state_abbr": "CB",
        "postcode_prefix": "03",
        "lat_min": -17.39,
        "lat_max": -17.37,
        "lon_min": -66.28,
        "lon_max": -66.26
      },
      {
        "city": "Montero",
        "state": "Santa Cruz",
        "state_abbr": "SC",
        "postcode_prefix": "05",
        "lat_min": -17.34,
        "lat_max": -17.33,
        "lon_min": -63.26,
        "lon_max": -63.24
      },
      {
        "city": "Warnes",
        "state": "Santa Cruz",
        "state_abbr": "SC",
        "postcode_prefix": "05",
        "lat_min": -17.52,
        "lat_max": -17.5,
        "lon_min": -63.17,
        "lon_max": -63.15
      },
      {
        "city": "Yacuíba",
        "state": "Tarija",
        "state_abbr": "TJ",
        "postcode_prefix": "06",
        "lat_min": -22.02,
        "lat_max": -22.0,
        "lon_min": -63.68,
        "lon_max": -63.66
      },
      {
        "city": "Riberalta",
        "state": "Beni",
        "state_abbr": "BN",
        "postcode_prefix": "08",
        "lat_min": -11.01,
        "lat_max": -10.99,
        "lon_min": -66.07,
        "lon_max": -66.05
      },
      {
        "city": "Viacha",
        "state": "La Paz",
        "state_abbr": "LP",
        "postcode_prefix": "01",
        "lat_min": -16.65,
        "lat_max": -16.63,
        "lon_min": -68.3,
        "lon_max": -68.28
      },
      {
        "city": "Tiquipaya",
        "state": "Cochabamba",
        "state_abbr": "CB",
        "postcode_prefix": "03",
        "lat_min": -17.33,
        "lat_max": -17.31,
        "lon_min": -66.22,
        "lon_max": -66.2
      },
      {
        "city": "Colcapirhua",
        "state": "Cochabamba",
        "state_abbr": "CB",
        "postcode_prefix": "03",
        "lat_min": -17.39,
        "lat_max": -17.37,
        "lon_min": -66.24,
        "lon_max": -66.22
      },
      {
        "city": "La Guardia",
        "state": "Santa Cruz",
        "state_abbr": "SC",
        "postcode_prefix": "05",
        "lat_min": -17.88,
        "lat_max": -17.86,
        "lon_min": -63.34,
        "lon_max": -63.32
      },
      {
        "city": "Villazón",
        "state": "Potosí",
        "state_abbr": "PT",
        "postcode_prefix": "07",
        "lat_min": -22.09,
        "lat_max": -22.07,
        "lon_min": -65.73,
        "lon_max": -65.71
      },
      {
        "city": "Bermejo",
        "state": "Tarija",
        "state_abbr": "TJ",
        "postcode_prefix": "06",
        "lat_min": -22.73,
        "lat_max": -22.71,
        "lon_min": -64.34,
        "lon_max": -64.32
      },
      {
        "city": "Camiri",
        "state": "Santa Cruz",
        "state_abbr": "SC",
        "postcode_prefix": "05",
        "lat_min": -20.05,
        "lat_max": -20.03,
        "lon_min": -63.53,
        "lon_max": -63.51
      },
      {
        "city": "Huanuni",
        "state": "Oruro",
        "state_abbr": "OR",
        "postcode_prefix": "04",
        "lat_min": -18.29,
        "lat_max": -18.27,
        "lon_min": -66.84,
        "lon_max": -66.82
      },
      {
        "city": "Guayaramerín",
        "state": "Beni",
        "state_abbr": "BN",
        "postcode_prefix": "08",
        "lat_min": -10.83,
        "lat_max": -10.81,
        "lon_min": -65.36,
        "lon_max": -65.34
      },
      {
        "city": "Cotoca",
        "state": "Santa Cruz",
        "state_abbr": "SC",
        "postcode_prefix": "05",
        "lat_min": -17.77,
        "lat_max": -17.75,
        "lon_min": -63.05,
        "lon_max": -63.03
      },
      {
        "city": "Punata",
        "state": "Cochabamba",
        "state_abbr": "CB",
        "postcode_prefix": "03",
        "lat_min": -17.55,
        "lat_max": -17.53,
        "lon_min": -65.84,
        "lon_max": -65.82
      },
      {
        "city": "Tupiza",
        "state": "Potosí",
        "state_abbr": "PT",
        "postcode_prefix": "07",
        "lat_min": -21.45,
        "lat_max": -21.43,
        "lon_min": -65.73,
        "lon_max": -65.71
      },
      {
        "city": "Llallagua",
        "state": "Potosí",
        "state_abbr": "PT",
        "postcode_prefix": "07",
        "lat_min": -18.42,
        "lat_max": -18.4,
        "lon_min": -66.59,
        "lon_max": -66.57
      },
      {
        "city": "San Ignacio de Velasco",
        "state": "Santa Cruz",
        "state_abbr": "SC",
        "postcode_prefix": "05",
        "lat_min": -16.37,
        "lat_max": -16.35,
        "lon_min": -60.97,
        "lon_max": -60.95
      }
    ],
    "uncommon": [
      {
        "city": "Uyuni",
        "state": "Potosí",
        "state_abbr": "PT",
        "postcode_prefix": "07",
        "lat_min": -20.47,
        "lat_max": -20.45,
        "lon_min": -66.83,
        "lon_max": -66.81
      },
      {
        "city": "Copacabana",
        "state": "La Paz",
        "state_abbr": "LP",
        "postcode_prefix": "01",
        "lat_min": -16.17,
        "lat_max": -16.15,
        "lon_min": -69.09,
        "lon_max": -69.07
      },
      {
        "city": "Sorata",
        "state": "La Paz",
        "state_abbr": "LP",
        "postcode_prefix": "01",
        "lat_min": -15.78,
        "lat_max": -15.76,
        "lon_min": -68.66,
        "lon_max": -68.64
      },
      {
        "city": "Achacachi",
        "state": "La Paz",
        "state_abbr": "LP",
        "postcode_prefix": "01",
        "lat_min": -16.05,
        "lat_max": -16.03,
        "lon_min": -68.69,
        "lon_max": -68.67
      },
      {
        "city": "Caranavi",
        "state": "La Paz",
        "state_abbr": "LP",
        "postcode_prefix": "01",
        "lat_min": -15.84,
        "lat_max": -15.82,
        "lon_min": -67.57,
        "lon_max": -67.55
      },
      {
        "city": "Rurrenabaque",
        "state": "Beni",
        "state_abbr": "BN",
        "postcode_prefix": "08",
        "lat_min": -14.45,
        "lat_max": -14.43,
        "lon_min": -67.53,
        "lon_max": -67.51
      },
      {
        "city": "San Borja",
        "state": "Beni",
        "state_abbr": "BN",
        "postcode_prefix": "08",
        "lat_min": -14.86,
        "lat_max": -14.84,
        "lon_min": -66.86,
        "lon_max": -66.84
      },
      {
        "city": "Vallegrande",
        "state": "Santa Cruz",
        "state_abbr": "SC",
        "postcode_prefix": "05",
        "lat_min": -18.49,
        "lat_max": -18.47,
        "lon_min": -64.11,
        "lon_max": -64.09
      },
      {
        "city": "Cliza",
        "state": "Cochabamba",
        "state_abbr": "CB",
        "postcode_prefix": "03",
        "lat_min": -17.59,
        "lat_max": -17.57,
        "lon_min": -65.93,
        "lon_max": -65.91
      },
      {
        "city": "Challapata",
        "state": "Oruro",
        "state_abbr": "OR",
        "postcode_prefix": "04",
        "lat_min": -18.9,
        "lat_max": -18.88,
        "lon_min": -66.77,
        "lon_max": -66.75
      },
      {
        "city": "Patacamaya",
        "state": "La Paz",
        "state_abbr": "LP",
        "postcode_prefix": "01",
        "lat_min": -17.24,
        "lat_max": -17.22,
        "lon_min": -67.93,
        "lon_max": -67.91
      },
      {
        "city": "Desaguadero",
        "state": "La Paz",
        "state_abbr": "LP",
        "postcode_prefix": "01",
        "lat_min": -16.57,
        "lat_max": -16.55,
        "lon_min": -69.04,
        "lon_max": -69.02
      },
      {
        "city": "Monteagudo",
        "state": "Chuquisaca",
        "state_abbr": "CH",
        "postcode_prefix": "02",
        "lat_min": -19.81,
        "lat_max": -19.79,
        "lon_min": -63.96,
        "lon_max": -63.94
      },
      {
        "city": "San José de Chiquitos",
        "state": "Santa Cruz",
        "state_abbr": "SC",
        "postcode_prefix": "05",
        "lat_min": -17.86,
        "lat_max": -17.84,
        "lon_min": -60.75,
        "lon_max": -60.73
      },
      {
        "city": "Concepción",
        "state": "Santa Cruz",
        "state_abbr": "SC",
        "postcode_prefix": "05",
        "lat_min": -16.15,
        "lat_max": -16.13,
        "lon_min": -62.03,
        "lon_max": -62.01
      },
      {
        "city": "Puerto Suárez",
        "state": "Santa Cruz",
        "state_abbr": "SC",
        "postcode_prefix": "05",
        "lat_min": -18.97,
        "lat_max": -18.95,
        "lon_min": -57.82,
        "lon_max": -57.8
      },
      {
        "city": "Aiquile",
        "state": "Cochabamba",
        "state_abbr": "CB",
        "postcode_prefix": "03",
        "lat_min": -18.2,
        "lat_max": -18.18,
        "lon_min": -65.18,
        "lon_max": -65.16
      },
      {
        "city": "Padcaya",
        "state": "Tarija",
        "state_abbr": "TJ",
        "postcode_prefix": "06",
        "lat_min": -21.88,
        "lat_max": -21.86,
        "lon_min": -64.71,
        "lon_max": -64.69
      },
      {
        "city": "Colquiri",
        "state": "La Paz",
        "state_abbr": "LP",
        "postcode_prefix": "01",
        "lat_min": -17.39,
        "lat_max": -17.37,
        "lon_min": -67.13,
        "lon_max": -67.11
      },
      {
        "city": "Uncía",
        "state": "Potosí",
        "state_abbr": "PT",
        "postcode_prefix": "07",
        "lat_min": -18.47,
        "lat_max": -18.45,
        "lon_min": -66.57,
        "lon_max": -66.55
      }
    ],
    "rare": [
      {
        "city": "Coroico",
        "state": "La Paz",
        "state_abbr": "LP",
        "postcode_prefix": "01",
        "lat_min": -16.19,
        "lat_max": -16.17,
        "lon_min": -68.03,
        "lon_max": -68.01
      },
      {
        "city": "Chulumani",
        "state": "La Paz",
        "state_abbr": "LP",
        "postcode_prefix": "01",
        "lat_min": -16.41,
        "lat_max": -16.39,
        "lon_min": -67.53,
        "lon_max": -67.51
      },
      {
        "city": "Tiahuanaco",
        "state": "La Paz",
        "state_abbr": "LP",
        "postcode_prefix": "01",
        "lat_min": -16.56,
        "lat_max": -16.54,
        "lon_min": -68.68,
        "lon_max": -68.66
      },
      {
        "city": "San Ignacio de Moxos",
        "state": "Beni",
        "state_abbr": "BN",
        "postcode_prefix": "08",
        "lat_min": -14.97,
        "lat_max": -14.95,
        "lon_min": -65.63,
        "lon_max": -65.61
      },
      {
        "city": "Reyes",
        "state": "Beni",
        "state_abbr": "BN",
        "postcode_prefix": "08",
        "lat_min": -14.3,
        "lat_max": -14.28,
        "lon_min": -67.35,
        "lon_max": -67.33
      },
      {
        "city": "Magdalena",
        "state": "Beni",
        "state_abbr": "BN",
        "postcode_prefix": "08",
        "lat_min": -13.33,
        "lat_max": -13.31,
        "lon_min": -64.06,
        "lon_max": -64.04
      },
      {
        "city": "Santa Ana del Yacuma",
        "state": "Beni",
        "state_abbr": "BN",
        "postcode_prefix": "08",
        "lat_min": -13.75,
        "lat_max": -13.73,
        "lon_min": -65.43,
        "lon_max": -65.41
      },
      {
        "city": "Ascensión de Guarayos",
        "state": "Santa Cruz",
        "state_abbr": "SC",
        "postcode_prefix": "05",
        "lat_min": -15.71,
        "lat_max": -15.69,
        "lon_min": -63.19,
        "lon_max": -63.17
      },
      {
        "city": "Roboré",
        "state": "Santa Cruz",
        "state_abbr": "SC",
        "postcode_prefix": "05",
        "lat_min": -18.33,
        "lat_max": -18.31,
        "lon_min": -59.77,
        "lon_max": -59.75
      },
      {
        "city": "San Matías",
        "state": "Santa Cruz",
        "state_abbr": "SC",
        "postcode_prefix": "05",
        "lat_min": -16.36,
        "lat_max": -16.34,
        "lon_min": -58.41,
        "lon_max": -58.39
      },
      {
        "city": "Samaipata",
        "state": "Santa Cruz",
        "state_abbr": "SC",
        "postcode_prefix": "05",
        "lat_min": -18.18,
        "lat_max": -18.16,
        "lon_min": -63.88,
        "lon_max": -63.86
      },
      {
        "city": "Tarabuco",
        "state": "Chuquisaca",
        "state_abbr": "CH",
        "postcode_prefix": "02",
        "lat_min": -19.18,
        "lat_max": -19.16,
        "lon_min": -64.92,
        "lon_max": -64.9
      },
      {
        "city": "Betanzos",
        "state": "Potosí",
        "state_abbr": "PT",
        "postcode_prefix": "07",
        "lat_min": -19.56,
        "lat_max": -19.54,
        "lon_min": -65.46,
        "lon_max": -65.44
      },
      {
        "city": "Villamontes",
        "state": "Tarija",
        "state_abbr": "TJ",
        "postcode_prefix": "06",
        "lat_min": -21.26,
        "lat_max": -21.24,
        "lon_min": -63.5,
        "lon_max": -63.48
      },
      {
        "city": "Entre Ríos",
        "state": "Tarija",
        "state_abbr": "TJ",
        "postcode_prefix": "06",
        "lat_min": -21.53,
        "lat_max": -21.51,
        "lon_min": -64.18,
        "lon_max": -64.16
      },
      {
        "city": "Mizque",
        "state": "Cochabamba",
        "state_abbr": "CB",
        "postcode_prefix": "03",
        "lat_min": -17.94,
        "lat_max": -17.92,
        "lon_min": -65.34,
        "lon_max": -65.32
      },
      {
        "city": "Independencia",
        "state": "Cochabamba",
        "state_abbr": "CB",
        "postcode_prefix": "03",
        "lat_min": -17.09,
        "lat_max": -17.07,
        "lon_min": -66.82,
        "lon_max": -66.8
      },
      {
        "city": "Apolo",
        "state": "La Paz",
        "state_abbr": "LP",
        "postcode_prefix": "01",
        "lat_min": -14.72,
        "lat_max": -14.7,
        "lon_min": -68.52,
        "lon_max": -68.5
      },
      {
        "city": "Charazani",
        "state": "La Paz",
        "state_abbr": "LP",
        "postcode_prefix": "01",
        "lat_min": -15.19,
        "lat_max": -15.17,
        "lon_min": -68.88,
        "lon_max": -68.86
      },
      {
        "city": "San Ramón",
        "state": "Beni",
        "state_abbr": "BN",
        "postcode_prefix": "08",
        "lat_min": -13.29,
        "lat_max": -13.27,
        "lon_min": -64.72,
        "lon_max": -64.7
      }
    ]
  },
  "streets_by_city": {
    "La Paz": [
      "Avenida Mariscal Santa Cruz",
      "Avenida Camacho",
      "Avenida 16 de Julio (El Prado)",
      "Avenida 6 de Agosto",
      "Calle Comercio",
      "Calle Jaén",
      "Calle Sagárnaga",
      "Calle Linares",
      "Avenida Arce",
      "Avenida Ballivián",
      "Calle Loayza",
      "Calle Potosí",
      "Calle Colón",
      "Avenida Buenos Aires",
      "Calle Illampu",
      "Calle Santa Cruz",
      "Calle Ingavi",
      "Calle Yanacocha",
      "Avenida Montes",
      "Calle Bolívar",
      "Avenida Saavedra",
      "Avenida Bush",
      "Calle Murillo",
      "Calle Socabaya",
      "Avenida Periférica",
      "Avenida Ismael Montes",
      "Calle México",
      "Avenida 20 de Octubre",
      "Calle Capitán Ravelo",
      "Avenida Villazón",
      "Calle Rosendo Gutiérrez",
      "Avenida Mcal. Montenegro",
      "Calle Pedro Salazar",
      "Avenida Simón Bolívar",
      "Calle Presbítero Medina",
      "Avenida del Ejército",
      "Calle Fernando Guachalla",
      "Avenida Hernando Siles",
      "Calle Abdón Saavedra",
      "Avenida Ecuador",
      "Calle Aspiazu",
      "Avenida Kantutani",
      "Calle Campos",
      "Avenida Sánchez Lima",
      "Calle Belisario Salinas",
      "Avenida 14 de Septiembre",
      "Calle Goitia",
      "Avenida Los Sauces",
      "Calle José Carrasco",
      "Avenida Costanerita",
      "Calle Otero de la Vega",
      "Avenida Calacoto",
      "Calle Pinilla",
      "Avenida Fuerza Naval",
      "Calle Pedro Kramer",
      "Avenida Montenegro",
      "Calle Claudio Aliaga",
      "Avenida Los Leones",
      "Calle Miguel de Cervantes",
      "Avenida Chaco",
      "Calle Díaz Romero",
      "Avenida Jorge Carrasco",
      "Calle Max Paredes",
      "Avenida Tumusla",
      "Calle Graneros",
      "Avenida Pando",
      "Calle Isaac Tamayo",
      "Avenida Baptista",
      "Calle Jenaro Sanjinés",
      "Avenida Mariscal Sucre",
      "Calle Bueno",
      "Avenida Juan de la Riva",
      "Calle Landaeta",
      "Avenida General Lanza",
      "Calle Evaristo Valle",
      "Avenida Camacho Norte",
      "Calle Pichincha",
      "Avenida Litoral",
      "Calle Cicerón",
      "Avenida Tiahuanaco",
      "Calle Almirante Grau",
      "Avenida Perú",
      "Calle Juan José Pérez",
      "Pasaje Jáuregui",
      "Calle Zoilo Flores",
      "Pasaje Medinaceli",
      "Calle Lisímaco Gutiérrez",
      "Pasaje Kanata",
      "Calle Catacora",
      "Pasaje Villegas",
      "Calle Yungas",
      "Pasaje Muñoz Cornejo",
      "Calle Figueroa",
      "Pasaje 20 de Octubre",
      "Calle Tarija",
      "Pasaje Montenegro",
      "Calle Indaburo",
      "Pasaje Capitán Ravelo",
      "Calle Oruro",
      "Pasaje Yanacocha"
    ],
    "Santa Cruz de la Sierra": [
      "Avenida Monseñor Rivero",
      "Avenida Cristóbal de Mendoza",
      "Calle René Moreno",
      "Avenida San Martín",
      "Avenida Irala",
      "Calle Junín",
      "Calle Sucre",
      "Calle Libertad",
      "Avenida Cañoto",
      "Calle 21 de Mayo",
      "Calle Velasco",
      "Calle Bolívar",
      "Avenida Busch",
      "Calle Ballivián",
      "Avenida El Trompillo",
      "Avenida Banzer",
      "Avenida Santos Dumont",
      "Calle Florida",
      "Calle Ingavi",
      "Avenida Pirai",
      "Calle Warnes",
      "Avenida Grigotá",
      "Avenida Roca y Coronado",
      "Calle Pari",
      "Avenida Alemana",
      "Avenida Cristo Redentor",
      "Calle Arenales",
      "Avenida Radial 10",
      "Calle Colón",
      "Avenida Radial 13",
      "Calle 24 de Septiembre",
      "Avenida Radial 17",
      "Calle Ayacucho",
      "Avenida Radial 19",
      "Calle Potosí",
      "Avenida Radial 26",
      "Calle España",
      "Avenida Omar Chávez Ortiz",
      "Calle La Paz",
      "Avenida Virgen de Cotoca",
      "Calle Pedro Peña",
      "Avenida Mutualista",
      "Calle Campero",
      "Avenida La Salle",
      "Calle Comercio",
      "Avenida Landivar",
      "Calle Ayoreo",
      "Avenida Paraguá",
      "Calle Oruro",
      "Avenida Beni",
      "Calle Cochabamba",
      "Avenida Bush Norte",
      "Calle Tarija",
      "Avenida Brasil",
      "Calle Charcas",
      "Avenida Centenario",
      "Calle Hamacas",
      "Avenida San Aurelio",
      "Calle Quijarro",
      "Avenida Nuevo Mundo",
      "Calle Independencia",
      "Avenida Tres Pasos al Frente",
      "Calle Beni",
      "Avenida Pilcomayo",
      "Calle Pando",
      "Avenida Canal Isuto",
      "Calle Salvatierra",
      "Avenida Real Santa Cruz",
      "Calle Manuel Ignacio Salvatierra",
      "Avenida Las Américas",
      "Calle Vallegrande",
      "Avenida Canal Cotoca",
      "Calle Chiquitos",
      "Avenida Cumavi",
      "Calle Cuellar",
      "Avenida El Trompillo Norte",
      "Calle Moldes",
      "Avenida 2 de Agosto",
      "Calle Lemoine",
      "Avenida Che Guevara",
      "Calle Mercado",
      "Avenida Doble Vía a la Guardia",
      "Calle Rafael Peña",
      "Avenida Radial 27",
      "Calle Sara",
      "Avenida Ovidio Barbery",
      "Calle Florida Norte",
      "Avenida Santos Dumont Norte",
      "Calle Nuflo de Chávez",
      "Avenida San José",
      "Pasaje Solís",
      "Avenida Viedma",
      "Pasaje Potosí",
      "Avenida Moscú",
      "Pasaje Santa Rosa",
      "Avenida Japón",
      "Pasaje Los Álamos",
      "Avenida Sudamericana",
      "Pasaje Guapay",
      "Pasaje Los Tajibos"
    ],
    "Cochabamba": [
      "Avenida Heroínas",
      "Avenida Ayacucho",
      "Calle España",
      "Calle Colombia",
      "Calle 25 de Mayo",
      "Avenida Ballivián",
      "Avenida América",
      "Calle General Achá",
      "Calle Jordán",
      "Calle Nataniel Aguirre",
      "Avenida Oquendo",
      "Calle Sucre",
      "Calle Bolívar",
      "Avenida Libertador Bolívar",
      "Calle Calama",
      "Calle San Martín",
      "Avenida Pando",
      "Avenida Aroma",
      "Calle Baptista",
      "Calle Hamiraya",
      "Avenida Blanco Galindo",
      "Calle Lanza",
      "Calle Ladislao Cabrera",
      "Avenida Villazón",
      "Calle Junín"
    ],
    "El Alto": [
      "Avenida 6 de Marzo",
      "Avenida Juan Pablo II",
      "Calle 1 (Ciudad Satélite)",
      "Avenida Bolivia",
      "Calle Franco Valle",
      "Avenida Costanera",
      "Calle Antofagasta",
      "Calle Camargo",
      "Avenida Ladislao Cabrera",
      "Calle Ingavi",
      "Avenida Cívica",
      "Calle Sucre",
      "Calle Potosí",
      "Calle Cochabamba",
      "Avenida Naciones Unidas",
      "Calle Oruro",
      "Calle Tarija",
      "Calle Santa Cruz",
      "Avenida Panorámica",
      "Calle La Paz",
      "Avenida Tiahuanaco",
      "Calle Tupac Katari",
      "Calle Litoral",
      "Avenida Héroes del Chaco",
      "Calle Kollasuyo"
    ],
    "Sucre": [
      "Calle Nicolás Ortiz",
      "Calle Arenales",
      "Calle Bolívar",
      "Calle Junín",
      "Calle Dalence",
      "Calle Colón",
      "Calle San Alberto",
      "Calle Loa",
      "Calle Azurduy",
      "Calle Ravelo",
      "Calle Estudiantes",
      "Calle Calvo",
      "Avenida Jaime Mendoza",
      "Avenida Hernando Siles",
      "Calle España",
      "Calle Bustillos",
      "Calle Grau",
      "Calle Potosí",
      "Avenida del Ejército",
      "Calle Lemoine",
      "Calle Destacamento 111",
      "Avenida Germán Mendoza",
      "Calle Audiencia",
      "Calle Olañeta",
      "Calle Pérez"
    ],
    "Oruro": [
      "Avenida 6 de Octubre",
      "Calle Bolívar",
      "Calle Presidente Montes",
      "Calle Adolfo Mier",
      "Calle Potosí",
      "Calle Sucre",
      "Calle Cochabamba",
      "Avenida Cívica",
      "Calle Junín",
      "Calle La Plata",
      "Calle Pagador",
      "Avenida España",
      "Calle Ayacucho",
      "Calle Camacho",
      "Calle 1ro de Noviembre",
      "Calle Herrera",
      "Avenida Dehene",
      "Calle Soria Galvarro",
      "Calle Velasco Galvarro",
      "Calle Arce",
      "Avenida Ejército",
      "Calle Washington",
      "Calle León",
      "Calle Petot",
      "Calle Belzu"
    ],
    "Tarija": [
      "Calle General Trigo",
      "Calle Ingavi",
      "Calle Colón",
      "Calle Sucre",
      "Calle Bolívar",
      "Avenida Víctor Paz Estenssoro",
      "Calle Comercio",
      "Calle Daniel Campos",
      "Calle Madrid",
      "Calle La Madrid",
      "Avenida Circunvalación",
      "Calle Campero",
      "Calle Junín",
      "Calle Lema",
      "Avenida Jaime Paz Zamora",
      "Calle Virginio Lema",
      "Calle Delgadillo",
      "Calle 15 de Abril",
      "Calle Padilla",
      "Avenida Panamericana",
      "Calle O'Connor",
      "Calle Corrado",
      "Calle Alejandro del Carpio",
      "Calle Ramón Rojas",
      "Calle Méndez"
    ],
    "Potosí": [
      "Calle Bolívar",
      "Calle Sucre",
      "Calle Lanza",
      "Calle Junín",
      "Calle Padilla",
      "Calle Bustillos",
      "Calle Hoyos",
      "Calle Oruro",
      "Calle Matos",
      "Calle Cobija",
      "Calle Chayanta",
      "Calle Quijarro",
      "Calle Linares",
      "Calle Millares",
      "Avenida Cívica",
      "Avenida Villazón",
      "Calle Nogales",
      "Calle Camacho",
      "Calle La Paz",
      "Calle Tarija",
      "Calle Frías",
      "Calle Omiste",
      "Calle Serrudo",
      "Calle Tin Tin",
      "Avenida Universitaria"
    ],
    "Trinidad": [
      "Calle 6 de Agosto",
      "Calle Bolívar",
      "Calle La Paz",
      "Calle Sucre",
      "Calle Santa Cruz",
      "Avenida Pedro Ignacio Muiba",
      "Calle Nicolás Suárez",
      "Calle Cipriano Barace",
      "Avenida Mariscal Santa Cruz",
      "Calle Vaca Díez",
      "Calle Cochabamba",
      "Calle Beni",
      "Calle 18 de Noviembre",
      "Avenida Panamericana",
      "Calle Iténez",
      "Calle Mamoré",
      "Calle Junín",
      "Calle Oruro",
      "Calle Ballivián",
      "Calle Potosí",
      "Avenida Japón",
      "Calle Tarija",
      "Calle Pando",
      "Calle Moxos",
      "Avenida Beni"
    ],
    "Cobija": [
      "Avenida 9 de Febrero",
      "Calle Sucre",
      "Calle Bolívar",
      "Calle Beni",
      "Calle Nicolás Suárez",
      "Calle Pando",
      "Avenida Internacional",
      "Calle Cochabamba",
      "Calle La Paz",
      "Calle Santa Cruz",
      "Calle Comercio",
      "Calle Potosí",
      "Calle Oruro",
      "Calle Max Fernández",
      "Calle 24 de Septiembre",
      "Calle Junín",
      "Avenida Tcnl. Cornejo",
      "Calle 16 de Julio",
      "Calle Ingavi",
      "Calle Tarija",
      "Avenida Cívica",
      "Calle Madre de Dios",
      "Calle Abuná",
      "Calle Acre",
      "Calle Manuripi"
    ],
    "Sacaba": [
      "Avenida Villazón",
      "Calle Gualberto Villarroel",
      "Calle Bolívar",
      "Calle Sucre",
      "Avenida Capitán Víctor Ustariz",
      "Calle Junín",
      "Calle Cochabamba",
      "Calle Esteban Arce",
      "Calle Lanza",
      "Calle Comercio",
      "Calle La Paz",
      "Calle Ayacucho",
      "Calle Potosí",
      "Calle Oruro",
      "Calle Baptista",
      "Calle Santa Cruz",
      "Calle Tarija",
      "Calle Libertad",
      "Avenida Integración",
      "Calle Padilla",
      "Calle Suárez",
      "Calle Ingavi",
      "Calle Antezana",
      "Calle Cobija",
      "Avenida Panamericana"
    ],
    "Quillacollo": [
      "Avenida Blanco Galindo",
      "Calle Bolívar",
      "Calle Sucre",
      "Calle Junín",
      "Calle Pacheco",
      "Calle Libertad",
      "Calle Ayacucho",
      "Calle Cochabamba",
      "Calle La Paz",
      "Calle Esteban Arce",
      "Calle Potosí",
      "Calle Oruro",
      "Avenida Capitán Ustariz",
      "Calle Santa Cruz",
      "Calle Tarija",
      "Calle Pando",
      "Calle Baptista",
      "Calle Comercio",
      "Calle Cobija",
      "Calle 14 de Septiembre",
      "Calle Max Fernández",
      "Calle Nataniel Aguirre",
      "Avenida Circunvalación",
      "Calle Ingavi",
      "Calle Uyuni"
    ],
    "Montero": [
      "Avenida Warnes",
      "Calle Bolívar",
      "Calle Sucre",
      "Calle Santa Cruz",
      "Calle Libertad",
      "Calle Junín",
      "Calle Beni",
      "Calle Pando",
      "Calle Cochabamba",
      "Calle La Paz",
      "Avenida Integración",
      "Calle Oruro",
      "Calle Potosí",
      "Calle Tarija",
      "Calle Ingavi",
      "Calle Colón",
      "Calle 24 de Septiembre",
      "Calle Ayacucho",
      "Calle Comercio",
      "Avenida Canal Cotoca",
      "Calle Ichilo",
      "Calle Cobija",
      "Calle Chuquisaca",
      "Avenida Bush",
      "Calle Campero"
    ],
    "Riberalta": [
      "Avenida Teniente Coronel Rivas",
      "Calle Nicolás Suárez",
      "Calle Beni",
      "Calle Sucre",
      "Calle Bolívar",
      "Calle Vaca Díez",
      "Calle Pando",
      "Calle Cochabamba",
      "Calle La Paz",
      "Calle Santa Cruz",
      "Calle Comercio",
      "Calle Oruro",
      "Calle Potosí",
      "Calle Junín",
      "Calle Tarija",
      "Calle Ingavi",
      "Calle Ballivián",
      "Calle Libertad",
      "Avenida Ejército",
      "Calle Madre de Dios",
      "Calle Mamoré",
      "Calle Iténez",
      "Calle Cobija",
      "Calle Acre",
      "Avenida Circunvalación"
    ],
    "Yacuíba": [
      "Avenida San Martín",
      "Calle Comercio",
      "Calle Bolívar",
      "Calle Sucre",
      "Calle Junín",
      "Calle Tarija",
      "Calle Santa Cruz",
      "Calle La Paz",
      "Calle Cochabamba",
      "Calle Oruro",
      "Calle Potosí",
      "Calle Campero",
      "Calle Ingavi",
      "Calle Beni",
      "Calle Pando",
      "Avenida Circunvalación",
      "Calle Libertad",
      "Calle Colón",
      "Calle Ayacucho",
      "Calle Cobija",
      "Avenida Petrolera",
      "Calle Chaco",
      "Calle Villamontes",
      "Calle O'Connor",
      "Avenida Panamericana"
    ],
    "Uyuni": [
      "Avenida Ferroviaria",
      "Calle Bolívar",
      "Calle Sucre",
      "Calle Potosí",
      "Calle Colón",
      "Calle Arce",
      "Calle Avaroa",
      "Calle Junín",
      "Calle La Paz",
      "Calle Cochabamba",
      "Calle Oruro",
      "Calle Camacho",
      "Calle Santa Cruz",
      "Calle Tarija",
      "Calle Comercio",
      "Avenida del Salar",
      "Calle Antofagasta",
      "Calle Litoral",
      "Calle Libertad",
      "Calle Cobija",
      "Calle Beni",
      "Calle Pando",
      "Calle Ingavi",
      "Calle Ayacucho",
      "Avenida Ballivián"
    ],
    "Tupiza": [
      "Avenida Pedro Arraya",
      "Calle Bolívar",
      "Calle Sucre",
      "Calle Junín",
      "Calle Avaroa",
      "Calle Chichas",
      "Calle Florida",
      "Calle La Paz",
      "Calle Cochabamba",
      "Calle Oruro",
      "Calle Potosí",
      "Calle Santa Cruz",
      "Calle Tarija",
      "Calle Chorolque",
      "Calle Comercio",
      "Calle Ingavi",
      "Calle Colón",
      "Calle Libertad",
      "Calle Cobija",
      "Calle Beni",
      "Calle Pando",
      "Avenida Serrano",
      "Calle Arce",
      "Calle Ayacucho",
      "Calle Camacho"
    ],
    "Villazón": [
      "Avenida República Argentina",
      "Calle Bolívar",
      "Calle Sucre",
      "Calle Comercio",
      "Calle Junín",
      "Calle La Paz",
      "Calle Cochabamba",
      "Calle Santa Cruz",
      "Calle Potosí",
      "Calle Oruro",
      "Calle Tarija",
      "Calle Ingavi",
      "Calle Colón",
      "Calle Libertad",
      "Calle 25 de Mayo",
      "Calle Cobija",
      "Calle Beni",
      "Calle Pando",
      "Calle Ayacucho",
      "Avenida Internacional",
      "Calle Arce",
      "Calle Campero",
      "Calle Camacho",
      "Calle Ballivián",
      "Avenida Panamericana"
    ],
    "Camiri": [
      "Avenida Busch",
      "Calle Bolívar",
      "Calle Comercio",
      "Calle Sucre",
      "Calle Santa Cruz",
      "Calle La Paz",
      "Calle Cochabamba",
      "Calle Potosí",
      "Calle Oruro",
      "Calle Junín",
      "Calle Tarija",
      "Calle Ingavi",
      "Calle Libertad",
      "Calle Chaco",
      "Calle Petrolera",
      "Calle Cobija",
      "Calle Beni",
      "Calle Pando",
      "Calle Colón",
      "Calle Campero",
      "Avenida Petrolera",
      "Calle Ayacucho",
      "Calle Camacho",
      "Calle Arce",
      "Avenida del Chaco"
    ],
    "Copacabana": [
      "Avenida 6 de Agosto",
      "Calle Bolívar",
      "Calle Junín",
      "Calle Murillo",
      "Calle Jáuregui",
      "Calle Pando",
      "Calle La Paz",
      "Calle Busch",
      "Avenida Costanera",
      "Calle Sucre",
      "Calle Comercio",
      "Calle Cochabamba",
      "Calle Oruro",
      "Calle Potosí",
      "Calle Santa Cruz",
      "Calle Tarija",
      "Calle Ingavi",
      "Calle Libertad",
      "Calle Colón",
      "Calle Beni",
      "Calle Cobija",
      "Calle Ayacucho",
      "Calle Camacho",
      "Calle Ballivián",
      "Avenida del Lago"
    ],
    "Rurrenabaque": [
      "Calle Comercio",
      "Calle Bolívar",
      "Calle Sucre",
      "Calle Beni",
      "Calle Vaca Díez",
      "Calle Santa Cruz",
      "Calle La Paz",
      "Calle Abaroa",
      "Avenida del Río",
      "Calle Cochabamba",
      "Calle Oruro",
      "Calle Potosí",
      "Calle Junín",
      "Calle Tarija",
      "Calle Ingavi",
      "Calle Libertad",
      "Calle Cobija",
      "Calle Pando",
      "Calle Colón",
      "Calle Campero",
      "Calle Ayacucho",
      "Calle Camacho",
      "Avenida Ballivián",
      "Calle Busch",
      "Calle Tuichi"
    ],
    "Guayaramerín": [
      "Avenida 6 de Agosto",
      "Calle Bolívar",
      "Calle Sucre",
      "Calle Beni",
      "Calle 25 de Mayo",
      "Calle Federico Román",
      "Calle Mamoré",
      "Calle La Paz",
      "Calle Cochabamba",
      "Calle Oruro",
      "Calle Potosí",
      "Calle Santa Cruz",
      "Calle Tarija",
      "Calle Pando",
      "Calle Junín",
      "Calle Ingavi",
      "Calle Libertad",
      "Calle Colón",
      "Calle Cobija",
      "Avenida Internacional",
      "Calle Ayacucho",
      "Calle Camacho",
      "Calle Ballivián",
      "Calle Campero",
      "Calle Iténez"
    ],
    "Viacha": [
      "Avenida Ingavi",
      "Calle Bolívar",
      "Calle Sucre",
      "Calle La Paz",
      "Calle Comercio",
      "Calle Junín",
      "Calle Cochabamba",
      "Calle Oruro",
      "Calle Potosí",
      "Calle Santa Cruz",
      "Calle Tarija",
      "Calle Cobija",
      "Calle Beni",
      "Calle Pando",
      "Calle Ingavi",
      "Calle Libertad",
      "Calle Colón",
      "Calle Campero",
      "Calle Ayacucho",
      "Calle Camacho",
      "Avenida Ferroviaria",
      "Calle Ballivián",
      "Calle Arce",
      "Calle Busch",
      "Avenida Panorámica"
    ],
    "Warnes": [
      "Avenida Principal",
      "Calle Bolívar",
      "Calle Sucre",
      "Calle Santa Cruz",
      "Calle Libertad",
      "Calle Junín",
      "Calle La Paz",
      "Calle Cochabamba",
      "Calle Oruro",
      "Calle Potosí",
      "Calle Tarija",
      "Calle Beni",
      "Calle Pando",
      "Calle Cobija",
      "Calle Ingavi",
      "Calle Colón",
      "Calle Comercio",
      "Calle Campero",
      "Calle Ayacucho",
      "Calle Camacho",
      "Avenida Integración",
      "Calle Ballivián",
      "Calle Arce",
      "Calle 24 de Septiembre",
      "Avenida Industrial"
    ],
    "Tiquipaya": [
      "Avenida Ecológica",
      "Calle Bolívar",
      "Calle Sucre",
      "Calle Junín",
      "Calle Cochabamba",
      "Calle La Paz",
      "Calle Oruro",
      "Calle Potosí",
      "Calle Santa Cruz",
      "Calle Tarija",
      "Calle Comercio",
      "Calle Libertad",
      "Calle Ingavi",
      "Calle Colón",
      "Calle Beni",
      "Calle Pando",
      "Calle Cobija",
      "Calle Ayacucho",
      "Calle Camacho",
      "Avenida Circunvalación",
      "Calle Ballivián",
      "Calle Esteban Arce",
      "Calle Nataniel Aguirre",
      "Avenida Principal",
      "Calle Campero"
    ],
    "Colcapirhua": [
      "Avenida Blanco Galindo",
      "Calle Bolívar",
      "Calle Sucre",
      "Calle Junín",
      "Calle Cochabamba",
      "Calle La Paz",
      "Calle Oruro",
      "Calle Potosí",
      "Calle Santa Cruz",
      "Calle Tarija",
      "Calle Libertad",
      "Calle Ingavi",
      "Calle Comercio",
      "Calle Colón",
      "Calle Beni",
      "Calle Pando",
      "Calle Cobija",
      "Calle Ayacucho",
      "Calle Camacho",
      "Avenida Reducto",
      "Calle Ballivián",
      "Calle Esteban Arce",
      "Calle Campero",
      "Avenida Integración",
      "Calle Baptista"
    ],
    "La Guardia": [
      "Avenida Principal",
      "Calle Bolívar",
      "Calle Sucre",
      "Calle Santa Cruz",
      "Calle La Paz",
      "Calle Cochabamba",
      "Calle Oruro",
      "Calle Potosí",
      "Calle Tarija",
      "Calle Comercio",
      "Calle Libertad",
      "Calle Junín",
      "Calle Ingavi",
      "Calle Colón",
      "Calle Beni",
      "Calle Pando",
      "Calle Cobija",
      "Calle Ayacucho",
      "Avenida Integración",
      "Calle Campero",
      "Calle Ballivián",
      "Calle Camacho",
      "Calle Arce",
      "Calle 24 de Septiembre",
      "Avenida Santos Dumont"
    ],
    "Bermejo": [
      "Avenida Petrolera",
      "Calle Bolívar",
      "Calle Sucre",
      "Calle Comercio",
      "Calle Tarija",
      "Calle La Paz",
      "Calle Cochabamba",
      "Calle Oruro",
      "Calle Potosí",
      "Calle Santa Cruz",
      "Calle Junín",
      "Calle Ingavi",
      "Calle Libertad",
      "Calle Colón",
      "Calle Beni",
      "Calle Pando",
      "Calle Cobija",
      "Calle Ayacucho",
      "Avenida Internacional",
      "Calle Campero",
      "Calle Camacho",
      "Calle Ballivián",
      "Calle O'Connor",
      "Calle Méndez",
      "Avenida Circunvalación"
    ],
    "Huanuni": [
      "Avenida Cívica",
      "Calle Bolívar",
      "Calle Sucre",
      "Calle Oruro",
      "Calle La Paz",
      "Calle Cochabamba",
      "Calle Potosí",
      "Calle Santa Cruz",
      "Calle Tarija",
      "Calle Junín",
      "Calle Ingavi",
      "Calle Comercio",
      "Calle Libertad",
      "Calle Colón",
      "Calle Beni",
      "Calle Pando",
      "Calle Cobija",
      "Calle Ayacucho",
      "Calle Pagador",
      "Avenida Minera",
      "Calle Camacho",
      "Calle Ballivián",
      "Calle Campero",
      "Calle Arce",
      "Avenida del Minero"
    ],
    "Cotoca": [
      "Avenida Principal",
      "Calle Bolívar",
      "Calle Sucre",
      "Calle Santa Cruz",
      "Calle La Paz",
      "Calle Cochabamba",
      "Calle Oruro",
      "Calle Potosí",
      "Calle Tarija",
      "Calle Junín",
      "Calle Ingavi",
      "Calle Libertad",
      "Calle Comercio",
      "Calle Colón",
      "Calle Beni",
      "Calle Pando",
      "Calle Cobija",
      "Calle Ayacucho",
      "Calle Camacho",
      "Avenida de la Virgen",
      "Calle Campero",
      "Calle Ballivián",
      "Calle Arce",
      "Calle 24 de Septiembre",
      "Avenida Integración"
    ],
    "Punata": [
      "Avenida Principal",
      "Calle Bolívar",
      "Calle Sucre",
      "Calle Cochabamba",
      "Calle La Paz",
      "Calle Oruro",
      "Calle Potosí",
      "Calle Santa Cruz",
      "Calle Tarija",
      "Calle Junín",
      "Calle Libertad",
      "Calle Ingavi",
      "Calle Comercio",
      "Calle Colón",
      "Calle Beni",
      "Calle Pando",
      "Calle Cobija",
      "Calle Ayacucho",
      "Calle Camacho",
      "Avenida del Valle",
      "Calle Campero",
      "Calle Ballivián",
      "Calle Esteban Arce",
      "Calle Nataniel Aguirre",
      "Avenida Circunvalación"
    ],
    "Llallagua": [
      "Avenida Cívica",
      "Calle Bolívar",
      "Calle Sucre",
      "Calle Potosí",
      "Calle La Paz",
      "Calle Cochabamba",
      "Calle Oruro",
      "Calle Santa Cruz",
      "Calle Tarija",
      "Calle Junín",
      "Calle Ingavi",
      "Calle Libertad",
      "Calle Comercio",
      "Calle Colón",
      "Calle Beni",
      "Calle Pando",
      "Calle Cobija",
      "Calle Ayacucho",
      "Avenida Minera",
      "Calle Camacho",
      "Calle Ballivián",
      "Calle Campero",
      "Calle Arce",
      "Calle Chayanta",
      "Avenida del Minero"
    ],
    "San Ignacio de Velasco": [
      "Avenida Principal",
      "Calle Bolívar",
      "Calle Sucre",
      "Calle Santa Cruz",
      "Calle La Paz",
      "Calle Cochabamba",
      "Calle Oruro",
      "Calle Potosí",
      "Calle Tarija",
      "Calle Junín",
      "Calle Libertad",
      "Calle Ingavi",
      "Calle Comercio",
      "Calle Colón",
      "Calle Beni",
      "Calle Pando",
      "Calle Cobija",
      "Calle Ayacucho",
      "Plaza 31 de Julio",
      "Calle Campero",
      "Calle Camacho",
      "Calle Ballivián",
      "Calle 24 de Septiembre",
      "Avenida Misional",
      "Calle Chiquitos"
    ],
    "Sorata": [
      "Calle Bolívar",
      "Calle Sucre",
      "Calle La Paz",
      "Calle Comercio",
      "Calle Junín",
      "Calle Cochabamba",
      "Calle Oruro",
      "Calle Potosí",
      "Calle Santa Cruz",
      "Calle Tarija",
      "Calle Ingavi",
      "Calle Libertad",
      "Calle Colón",
      "Calle Beni",
      "Calle Pando",
      "Calle Cobija",
      "Calle Ayacucho",
      "Plaza General Enrique Peñaranda",
      "Calle Illampu",
      "Calle Camacho",
      "Calle Ballivián",
      "Calle Campero",
      "Calle Arce",
      "Calle Muñecas",
      "Avenida del Mirador"
    ],
    "Achacachi": [
      "Avenida Principal",
      "Calle Bolívar",
      "Calle Sucre",
      "Calle La Paz",
      "Calle Comercio",
      "Calle Junín",
      "Calle Cochabamba",
      "Calle Oruro",
      "Calle Potosí",
      "Calle Santa Cruz",
      "Calle Tarija",
      "Calle Ingavi",
      "Calle Libertad",
      "Calle Colón",
      "Calle Beni",
      "Calle Pando",
      "Calle Cobija",
      "Calle Ayacucho",
      "Calle Camacho",
      "Avenida Omasuyos",
      "Calle Ballivián",
      "Calle Campero",
      "Calle Arce",
      "Calle Tupac Katari",
      "Avenida Cívica"
    ],
    "Caranavi": [
      "Avenida Principal",
      "Calle Bolívar",
      "Calle Sucre",
      "Calle La Paz",
      "Calle Comercio",
      "Calle Junín",
      "Calle Cochabamba",
      "Calle Oruro",
      "Calle Potosí",
      "Calle Santa Cruz",
      "Calle Tarija",
      "Calle Ingavi",
      "Calle Libertad",
      "Calle Colón",
      "Calle Beni",
      "Calle Pando",
      "Calle Cobija",
      "Calle Ayacucho",
      "Calle Camacho",
      "Avenida del Café",
      "Calle Ballivián",
      "Calle Campero",
      "Calle Arce",
      "Avenida Yungas",
      "Calle Busch"
    ],
    "San Borja": [
      "Calle Bolívar",
      "Calle Sucre",
      "Calle Beni",
      "Calle Comercio",
      "Calle La Paz",
      "Calle Cochabamba",
      "Calle Oruro",
      "Calle Potosí",
      "Calle Santa Cruz",
      "Calle Tarija",
      "Calle Junín",
      "Calle Ingavi",
      "Calle Libertad",
      "Calle Colón",
      "Calle Pando",
      "Calle Cobija",
      "Calle Ayacucho",
      "Calle Camacho",
      "Avenida 6 de Agosto",
      "Calle Ballivián",
      "Calle Campero",
      "Calle Arce",
      "Calle Vaca Díez",
      "Calle Mamoré",
      "Avenida Principal"
    ],
    "Vallegrande": [
      "Calle Bolívar",
      "Calle Sucre",
      "Calle Comercio",
      "Calle Santa Cruz",
      "Calle La Paz",
      "Calle Cochabamba",
      "Calle Oruro",
      "Calle Potosí",
      "Calle Tarija",
      "Calle Junín",
      "Calle Ingavi",
      "Calle Libertad",
      "Calle Colón",
      "Calle Beni",
      "Calle Pando",
      "Calle Cobija",
      "Calle Ayacucho",
      "Calle Camacho",
      "Avenida Che Guevara",
      "Calle Ballivián",
      "Calle Campero",
      "Calle Arce",
      "Plaza 26 de Enero",
      "Calle Señor de Malta",
      "Avenida del Valle"
    ],
    "Cliza": [
      "Calle Bolívar",
      "Calle Sucre",
      "Calle Cochabamba",
      "Calle Comercio",
      "Calle La Paz",
      "Calle Oruro",
      "Calle Potosí",
      "Calle Santa Cruz",
      "Calle Tarija",
      "Calle Junín",
      "Calle Ingavi",
      "Calle Libertad",
      "Calle Colón",
      "Calle Beni",
      "Calle Pando",
      "Calle Cobija",
      "Calle Ayacucho",
      "Calle Camacho",
      "Avenida del Valle",
      "Calle Ballivián",
      "Calle Campero",
      "Calle Esteban Arce",
      "Calle Nataniel Aguirre",
      "Avenida Principal",
      "Calle Jordán"
    ],
    "Challapata": [
      "Calle Bolívar",
      "Calle Sucre",
      "Calle Oruro",
      "Calle Comercio",
      "Calle La Paz",
      "Calle Cochabamba",
      "Calle Potosí",
      "Calle Santa Cruz",
      "Calle Tarija",
      "Calle Junín",
      "Calle Ingavi",
      "Calle Libertad",
      "Calle Colón",
      "Calle Beni",
      "Calle Pando",
      "Calle Cobija",
      "Calle Ayacucho",
      "Calle Camacho",
      "Avenida Ferroviaria",
      "Calle Pagador",
      "Calle Ballivián",
      "Calle Campero",
      "Calle Arce",
      "Calle Soria Galvarro",
      "Avenida Principal"
    ],
    "Patacamaya": [
      "Avenida Principal",
      "Calle Bolívar",
      "Calle Sucre",
      "Calle La Paz",
      "Calle Comercio",
      "Calle Junín",
      "Calle Cochabamba",
      "Calle Oruro",
      "Calle Potosí",
      "Calle Santa Cruz",
      "Calle Tarija",
      "Calle Ingavi",
      "Calle Libertad",
      "Calle Colón",
      "Calle Beni",
      "Calle Pando",
      "Calle Cobija",
      "Calle Ayacucho",
      "Calle Camacho",
      "Avenida Ferroviaria",
      "Calle Ballivián",
      "Calle Campero",
      "Calle Arce",
      "Calle Tupac Katari",
      "Avenida Panamericana"
    ],
    "Desaguadero": [
      "Avenida Internacional",
      "Calle Bolívar",
      "Calle Sucre",
      "Calle Comercio",
      "Calle La Paz",
      "Calle Cochabamba",
      "Calle Oruro",
      "Calle Potosí",
      "Calle Santa Cruz",
      "Calle Tarija",
      "Calle Junín",
      "Calle Ingavi",
      "Calle Libertad",
      "Calle Colón",
      "Calle Beni",
      "Calle Pando",
      "Calle Cobija",
      "Calle Ayacucho",
      "Calle Camacho",
      "Avenida Panamericana",
      "Calle Ballivián",
      "Calle Campero",
      "Calle Arce",
      "Calle Tupac Katari",
      "Avenida Fronteriza"
    ],
    "Monteagudo": [
      "Calle Bolívar",
      "Calle Sucre",
      "Calle Comercio",
      "Calle Chuquisaca",
      "Calle La Paz",
      "Calle Cochabamba",
      "Calle Oruro",
      "Calle Potosí",
      "Calle Santa Cruz",
      "Calle Tarija",
      "Calle Junín",
      "Calle Ingavi",
      "Calle Libertad",
      "Calle Colón",
      "Calle Beni",
      "Calle Pando",
      "Calle Cobija",
      "Calle Ayacucho",
      "Calle Camacho",
      "Avenida Principal",
      "Calle Ballivián",
      "Calle Campero",
      "Calle Arce",
      "Calle Hernando Siles",
      "Avenida del Chaco"
    ],
    "San José de Chiquitos": [
      "Calle Bolívar",
      "Calle Sucre",
      "Calle Santa Cruz",
      "Calle Comercio",
      "Calle La Paz",
      "Calle Cochabamba",
      "Calle Oruro",
      "Calle Potosí",
      "Calle Tarija",
      "Calle Junín",
      "Calle Ingavi",
      "Calle Libertad",
      "Calle Colón",
      "Calle Beni",
      "Calle Pando",
      "Calle Cobija",
      "Calle Ayacucho",
      "Calle Camacho",
      "Avenida Misional",
      "Calle Ballivián",
      "Calle Campero",
      "Calle 24 de Septiembre",
      "Calle Chiquitos",
      "Plaza Misional",
      "Avenida Ferroviaria"
    ],
    "Concepción": [
      "Calle Bolívar",
      "Calle Sucre",
      "Calle Santa Cruz",
      "Calle Comercio",
      "Calle La Paz",
      "Calle Cochabamba",
      "Calle Oruro",
      "Calle Potosí",
      "Calle Tarija",
      "Calle Junín",
      "Calle Ingavi",
      "Calle Libertad",
      "Calle Colón",
      "Calle Beni",
      "Calle Pando",
      "Calle Cobija",
      "Calle Ayacucho",
      "Calle Camacho",
      "Plaza Misional",
      "Calle Ballivián",
      "Calle Campero",
      "Calle 24 de Septiembre",
      "Avenida Misional",
      "Calle Chiquitos",
      "Avenida Principal"
    ],
    "Puerto Suárez": [
      "Avenida Bolívar",
      "Calle Sucre",
      "Calle Santa Cruz",
      "Calle Comercio",
      "Calle La Paz",
      "Calle Cochabamba",
      "Calle Oruro",
      "Calle Potosí",
      "Calle Tarija",
      "Calle Junín",
      "Calle Ingavi",
      "Calle Libertad",
      "Calle Colón",
      "Calle Beni",
      "Calle Pando",
      "Calle Cobija",
      "Calle Ayacucho",
      "Calle Camacho",
      "Avenida Arroyo Concepción",
      "Calle Ballivián",
      "Calle Campero",
      "Calle 24 de Septiembre",
      "Avenida Integración",
      "Calle Pantanal",
      "Avenida Fronteriza"
    ],
    "Aiquile": [
      "Calle Bolívar",
      "Calle Sucre",
      "Calle Cochabamba",
      "Calle Comercio",
      "Calle La Paz",
      "Calle Oruro",
      "Calle Potosí",
      "Calle Santa Cruz",
      "Calle Tarija",
      "Calle Junín",
      "Calle Ingavi",
      "Calle Libertad",
      "Calle Colón",
      "Calle Beni",
      "Calle Pando",
      "Calle Cobija",
      "Calle Ayacucho",
      "Calle Camacho",
      "Avenida Principal",
      "Calle Ballivián",
      "Calle Campero",
      "Calle Arce",
      "Calle Esteban Arce",
      "Plaza del Charango",
      "Avenida Campesina"
    ],
    "Padcaya": [
      "Calle Bolívar",
      "Calle Sucre",
      "Calle Tarija",
      "Calle Comercio",
      "Calle La Paz",
      "Calle Cochabamba",
      "Calle Oruro",
      "Calle Potosí",
      "Calle Santa Cruz",
      "Calle Junín",
      "Calle Ingavi",
      "Calle Libertad",
      "Calle Colón",
      "Calle Beni",
      "Calle Pando",
      "Calle Cobija",
      "Calle Ayacucho",
      "Calle Camacho",
      "Avenida Principal",
      "Calle Ballivián",
      "Calle Campero",
      "Calle O'Connor",
      "Calle Méndez",
      "Calle Arce",
      "Avenida de los Viñedos"
    ],
    "Colquiri": [
      "Calle Bolívar",
      "Calle Sucre",
      "Calle La Paz",
      "Calle Comercio",
      "Calle Junín",
      "Calle Cochabamba",
      "Calle Oruro",
      "Calle Potosí",
      "Calle Santa Cruz",
      "Calle Tarija",
      "Calle Ingavi",
      "Calle Libertad",
      "Calle Colón",
      "Calle Beni",
      "Calle Pando",
      "Calle Cobija",
      "Calle Ayacucho",
      "Calle Camacho",
      "Avenida Minera",
      "Calle Ballivián",
      "Calle Campero",
      "Calle Arce",
      "Calle Inquisivi",
      "Avenida del Minero",
      "Calle Busch"
    ],
    "Uncía": [
      "Calle Bolívar",
      "Calle Sucre",
      "Calle Potosí",
      "Calle Comercio",
      "Calle La Paz",
      "Calle Cochabamba",
      "Calle Oruro",
      "Calle Santa Cruz",
      "Calle Tarija",
      "Calle Junín",
      "Calle Ingavi",
      "Calle Libertad",
      "Calle Colón",
      "Calle Beni",
      "Calle Pando",
      "Calle Cobija",
      "Calle Ayacucho",
      "Calle Camacho",
      "Avenida Minera",
      "Calle Ballivián",
      "Calle Campero",
      "Calle Arce",
      "Calle Chayanta",
      "Calle Bustillos",
      "Avenida del Minero"
    ],
    "Coroico": [
      "Calle Bolívar",
      "Calle Sucre",
      "Calle La Paz",
      "Calle Comercio",
      "Calle Junín",
      "Calle Cochabamba",
      "Calle Oruro",
      "Calle Potosí",
      "Calle Santa Cruz",
      "Calle Tarija",
      "Calle Ingavi",
      "Calle Libertad",
      "Calle Colón",
      "Calle Beni",
      "Calle Pando",
      "Calle Cobija",
      "Calle Ayacucho",
      "Calle Camacho",
      "Plaza García Lanza",
      "Calle Ballivián",
      "Calle Campero",
      "Calle Arce",
      "Calle Sagárnaga",
      "Avenida de los Yungas",
      "Calle Julio Zuazo Cuenca"
    ],
    "Chulumani": [
      "Calle Bolívar",
      "Calle Sucre",
      "Calle La Paz",
      "Calle Comercio",
      "Calle Junín",
      "Calle Cochabamba",
      "Calle Oruro",
      "Calle Potosí",
      "Calle Santa Cruz",
      "Calle Tarija",
      "Calle Ingavi",
      "Calle Libertad",
      "Calle Colón",
      "Calle Beni",
      "Calle Pando",
      "Calle Cobija",
      "Calle Ayacucho",
      "Calle Camacho",
      "Avenida de la Coca",
      "Calle Ballivián",
      "Calle Campero",
      "Calle Arce",
      "Plaza de Armas",
      "Calle Sud Yungas",
      "Avenida Principal"
    ],
    "Tiahuanaco": [
      "Calle Bolívar",
      "Calle Sucre",
      "Calle La Paz",
      "Calle Comercio",
      "Calle Junín",
      "Calle Cochabamba",
      "Calle Oruro",
      "Calle Potosí",
      "Calle Santa Cruz",
      "Calle Tarija",
      "Calle Ingavi",
      "Calle Libertad",
      "Calle Colón",
      "Calle Beni",
      "Calle Pando",
      "Calle Cobija",
      "Calle Ayacucho",
      "Calle Camacho",
      "Avenida Arqueológica",
      "Calle Ballivián",
      "Calle Campero",
      "Calle Arce",
      "Calle Kalasasaya",
      "Avenida Manco Kápac",
      "Plaza Principal"
    ],
    "San Ignacio de Moxos": [
      "Calle Bolívar",
      "Calle Sucre",
      "Calle Beni",
      "Calle Comercio",
      "Calle La Paz",
      "Calle Cochabamba",
      "Calle Oruro",
      "Calle Potosí",
      "Calle Santa Cruz",
      "Calle Tarija",
      "Calle Junín",
      "Calle Ingavi",
      "Calle Libertad",
      "Calle Colón",
      "Calle Pando",
      "Calle Cobija",
      "Calle Ayacucho",
      "Calle Camacho",
      "Avenida Misional",
      "Calle Ballivián",
      "Calle Campero",
      "Calle Vaca Díez",
      "Calle Moxos",
      "Plaza Misional",
      "Avenida Principal"
    ],
    "Reyes": [
      "Calle Bolívar",
      "Calle Sucre",
      "Calle Beni",
      "Calle Comercio",
      "Calle La Paz",
      "Calle Cochabamba",
      "Calle Oruro",
      "Calle Potosí",
      "Calle Santa Cruz",
      "Calle Tarija",
      "Calle Junín",
      "Calle Ingavi",
      "Calle Libertad",
      "Calle Colón",
      "Calle Pando",
      "Calle Cobija",
      "Calle Ayacucho",
      "Calle Camacho",
      "Avenida 6 de Enero",
      "Calle Ballivián",
      "Calle Campero",
      "Calle Vaca Díez",
      "Calle Mamoré",
      "Avenida Principal",
      "Calle Arce"
    ],
    "Magdalena": [
      "Calle Bolívar",
      "Calle Sucre",
      "Calle Beni",
      "Calle Comercio",
      "Calle La Paz",
      "Calle Cochabamba",
      "Calle Oruro",
      "Calle Potosí",
      "Calle Santa Cruz",
      "Calle Tarija",
      "Calle Junín",
      "Calle Ingavi",
      "Calle Libertad",
      "Calle Colón",
      "Calle Pando",
      "Calle Cobija",
      "Calle Ayacucho",
      "Calle Camacho",
      "Calle Iténez",
      "Calle Ballivián",
      "Calle Campero",
      "Calle Vaca Díez",
      "Calle Mamoré",
      "Avenida Principal",
      "Calle Arce"
    ],
    "Santa Ana del Yacuma": [
      "Calle Bolívar",
      "Calle Sucre",
      "Calle Beni",
      "Calle Comercio",
      "Calle La Paz",
      "Calle Cochabamba",
      "Calle Oruro",
      "Calle Potosí",
      "Calle Santa Cruz",
      "Calle Tarija",
      "Calle Junín",
      "Calle Ingavi",
      "Calle Libertad",
      "Calle Colón",
      "Calle Pando",
      "Calle Cobija",
      "Calle Ayacucho",
      "Calle Camacho",
      "Avenida Yacuma",
      "Calle Ballivián",
      "Calle Campero",
      "Calle Vaca Díez",
      "Calle Mamoré",
      "Avenida Principal",
      "Calle Arce"
    ],
    "Ascensión de Guarayos": [
      "Calle Bolívar",
      "Calle Sucre",
      "Calle Santa Cruz",
      "Calle Comercio",
      "Calle La Paz",
      "Calle Cochabamba",
      "Calle Oruro",
      "Calle Potosí",
      "Calle Tarija",
      "Calle Junín",
      "Calle Ingavi",
      "Calle Libertad",
      "Calle Colón",
      "Calle Beni",
      "Calle Pando",
      "Calle Cobija",
      "Calle Ayacucho",
      "Calle Camacho",
      "Avenida Misional",
      "Calle Ballivián",
      "Calle Campero",
      "Calle 24 de Septiembre",
      "Calle Guarayos",
      "Plaza Misional",
      "Avenida Principal"
    ],
    "Roboré": [
      "Calle Bolívar",
      "Calle Sucre",
      "Calle Santa Cruz",
      "Calle Comercio",
      "Calle La Paz",
      "Calle Cochabamba",
      "Calle Oruro",
      "Calle Potosí",
      "Calle Tarija",
      "Calle Junín",
      "Calle Ingavi",
      "Calle Libertad",
      "Calle Colón",
      "Calle Beni",
      "Calle Pando",
      "Calle Cobija",
      "Calle Ayacucho",
      "Calle Camacho",
      "Avenida Ferroviaria",
      "Calle Ballivián",
      "Calle Campero",
      "Calle 24 de Septiembre",
      "Calle Chiquitos",
      "Avenida Principal",
      "Calle Santiago"
    ],
    "San Matías": [
      "Calle Bolívar",
      "Calle Sucre",
      "Calle Santa Cruz",
      "Calle Comercio",
      "Calle La Paz",
      "Calle Cochabamba",
      "Calle Oruro",
      "Calle Potosí",
      "Calle Tarija",
      "Calle Junín",
      "Calle Ingavi",
      "Calle Libertad",
      "Calle Colón",
      "Calle Beni",
      "Calle Pando",
      "Calle Cobija",
      "Calle Ayacucho",
      "Calle Camacho",
      "Avenida Internacional",
      "Calle Ballivián",
      "Calle Campero",
      "Calle 24 de Septiembre",
      "Avenida Fronteriza",
      "Calle Pantanal",
      "Avenida Principal"
    ],
    "Samaipata": [
      "Calle Bolívar",
      "Calle Sucre",
      "Calle Santa Cruz",
      "Calle Comercio",
      "Calle La Paz",
      "Calle Cochabamba",
      "Calle Oruro",
      "Calle Potosí",
      "Calle Tarija",
      "Calle Junín",
      "Calle Ingavi",
      "Calle Libertad",
      "Calle Colón",
      "Calle Beni",
      "Calle Pando",
      "Calle Cobija",
      "Calle Ayacucho",
      "Calle Camacho",
      "Avenida del Fuerte",
      "Calle Ballivián",
      "Calle Campero",
      "Plaza Principal",
      "Calle Florida",
      "Calle Vallegrande",
      "Avenida Principal"
    ],
    "Tarabuco": [
      "Calle Bolívar",
      "Calle Sucre",
      "Calle Chuquisaca",
      "Calle Comercio",
      "Calle La Paz",
      "Calle Cochabamba",
      "Calle Oruro",
      "Calle Potosí",
      "Calle Santa Cruz",
      "Calle Tarija",
      "Calle Junín",
      "Calle Ingavi",
      "Calle Libertad",
      "Calle Colón",
      "Calle Beni",
      "Calle Pando",
      "Calle Cobija",
      "Calle Ayacucho",
      "Calle Camacho",
      "Plaza del Textil",
      "Calle Ballivián",
      "Calle Campero",
      "Calle Arce",
      "Calle Yamparáez",
      "Avenida Principal"
    ],
    "Betanzos": [
      "Calle Bolívar",
      "Calle Sucre",
      "Calle Potosí",
      "Calle Comercio",
      "Calle La Paz",
      "Calle Cochabamba",
      "Calle Oruro",
      "Calle Santa Cruz",
      "Calle Tarija",
      "Calle Junín",
      "Calle Ingavi",
      "Calle Libertad",
      "Calle Colón",
      "Calle Beni",
      "Calle Pando",
      "Calle Cobija",
      "Calle Ayacucho",
      "Calle Camacho",
      "Avenida Cornelio Saavedra",
      "Calle Ballivián",
      "Calle Campero",
      "Calle Arce",
      "Calle Chayanta",
      "Plaza Principal",
      "Avenida Principal"
    ],
    "Villamontes": [
      "Avenida Méndez Arcos",
      "Calle Bolívar",
      "Calle Sucre",
      "Calle Comercio",
      "Calle Tarija",
      "Calle La Paz",
      "Calle Cochabamba",
      "Calle Oruro",
      "Calle Potosí",
      "Calle Santa Cruz",
      "Calle Junín",
      "Calle Ingavi",
      "Calle Libertad",
      "Calle Colón",
      "Calle Beni",
      "Calle Pando",
      "Calle Cobija",
      "Calle Ayacucho",
      "Calle Camacho",
      "Avenida del Chaco",
      "Calle Campero",
      "Calle Ballivián",
      "Calle O'Connor",
      "Calle Petrolera",
      "Avenida Panamericana"
    ],
    "Entre Ríos": [
      "Calle Bolívar",
      "Calle Sucre",
      "Calle Tarija",
      "Calle Comercio",
      "Calle La Paz",
      "Calle Cochabamba",
      "Calle Oruro",
      "Calle Potosí",
      "Calle Santa Cruz",
      "Calle Junín",
      "Calle Ingavi",
      "Calle Libertad",
      "Calle Colón",
      "Calle Beni",
      "Calle Pando",
      "Calle Cobija",
      "Calle Ayacucho",
      "Calle Camacho",
      "Avenida O'Connor",
      "Calle Ballivián",
      "Calle Campero",
      "Calle Arce",
      "Calle Méndez",
      "Avenida Principal",
      "Calle del Río"
    ],
    "Mizque": [
      "Calle Bolívar",
      "Calle Sucre",
      "Calle Cochabamba",
      "Calle Comercio",
      "Calle La Paz",
      "Calle Oruro",
      "Calle Potosí",
      "Calle Santa Cruz",
      "Calle Tarija",
      "Calle Junín",
      "Calle Ingavi",
      "Calle Libertad",
      "Calle Colón",
      "Calle Beni",
      "Calle Pando",
      "Calle Cobija",
      "Calle Ayacucho",
      "Calle Camacho",
      "Avenida Principal",
      "Calle Ballivián",
      "Calle Campero",
      "Calle Arce",
      "Calle Esteban Arce",
      "Plaza del Valle",
      "Calle Jordán"
    ],
    "Independencia": [
      "Calle Bolívar",
      "Calle Sucre",
      "Calle Cochabamba",
      "Calle Comercio",
      "Calle La Paz",
      "Calle Oruro",
      "Calle Potosí",
      "Calle Santa Cruz",
      "Calle Tarija",
      "Calle Junín",
      "Calle Ingavi",
      "Calle Libertad",
      "Calle Colón",
      "Calle Beni",
      "Calle Pando",
      "Calle Cobija",
      "Calle Ayacucho",
      "Calle Camacho",
      "Avenida Principal",
      "Calle Ballivián",
      "Calle Campero",
      "Calle Arce",
      "Calle Ayopaya",
      "Plaza Principal",
      "Calle Murillo"
    ],
    "Apolo": [
      "Calle Bolívar",
      "Calle Sucre",
      "Calle La Paz",
      "Calle Comercio",
      "Calle Junín",
      "Calle Cochabamba",
      "Calle Oruro",
      "Calle Potosí",
      "Calle Santa Cruz",
      "Calle Tarija",
      "Calle Ingavi",
      "Calle Libertad",
      "Calle Colón",
      "Calle Beni",
      "Calle Pando",
      "Calle Cobija",
      "Calle Ayacucho",
      "Calle Camacho",
      "Avenida Franz Tamayo",
      "Calle Ballivián",
      "Calle Campero",
      "Calle Arce",
      "Calle Madidi",
      "Plaza Principal",
      "Avenida Principal"
    ],
    "Charazani": [
      "Calle Bolívar",
      "Calle Sucre",
      "Calle La Paz",
      "Calle Comercio",
      "Calle Junín",
      "Calle Cochabamba",
      "Calle Oruro",
      "Calle Potosí",
      "Calle Santa Cruz",
      "Calle Tarija",
      "Calle Ingavi",
      "Calle Libertad",
      "Calle Colón",
      "Calle Beni",
      "Calle Pando",
      "Calle Cobija",
      "Calle Ayacucho",
      "Calle Camacho",
      "Avenida Kallawaya",
      "Calle Ballivián",
      "Calle Campero",
      "Calle Arce",
      "Calle Bautista Saavedra",
      "Plaza Principal",
      "Avenida Principal"
    ],
    "San Ramón": [
      "Calle Bolívar",
      "Calle Sucre",
      "Calle Beni",
      "Calle Comercio",
      "Calle La Paz",
      "Calle Cochabamba",
      "Calle Oruro",
      "Calle Potosí",
      "Calle Santa Cruz",
      "Calle Tarija",
      "Calle Junín",
      "Calle Ingavi",
      "Calle Libertad",
      "Calle Colón",
      "Calle Pando",
      "Calle Cobija",
      "Calle Ayacucho",
      "Calle Camacho",
      "Avenida Principal",
      "Calle Ballivián",
      "Calle Campero",
      "Calle Vaca Díez",
      "Calle Mamoré",
      "Calle Iténez",
      "Calle Arce"
    ]
  },
  "postcode_format": "####",
  "address_formats": [
    "{street} {building_number}, {city} {postcode}",
    "{street} {building_number}, {city}, {state}",
    "{street} No. {building_number}, {city}, {state}"
  ],
  "country": "Bolivia",
  "country_code": "BO",
  "phone_area_codes": {
    "La Paz": [
      "2"
    ],
    "El Alto": [
      "2"
    ],
    "Santa Cruz de la Sierra": [
      "3"
    ],
    "Cochabamba": [
      "4"
    ],
    "Sucre": [
      "4"
    ],
    "Oruro": [
      "2"
    ],
    "Potosí": [
      "2"
    ],
    "Tarija": [
      "4"
    ],
    "Trinidad": [
      "3"
    ],
    "Cobija": [
      "3"
    ]
  }
}
