{
  "locations": {
    "very_common": [
      {
        "city": "Lima",
        "state": "Lima",
        "state_abbr": "LIM",
        "postcode_prefix": "15",
        "lat_min": -12.1,
        "lat_max": -12.0,
        "lon_min": -77.05,
        "lon_max": -76.95
      },
      {
        "city": "Arequipa",
        "state": "Arequipa",
        "state_abbr": "AQP",
        "postcode_prefix": "04",
        "lat_min": -16.42,
        "lat_max": -16.38,
        "lon_min": -71.55,
        "lon_max": -71.51
      },
      {
        "city": "Callao",
        "state": "Callao",
        "state_abbr": "CAL",
        "postcode_prefix": "07",
        "lat_min": -12.07,
        "lat_max": -12.04,
        "lon_min": -77.14,
        "lon_max": -77.1
      }
    ],
    "common": [
      {
        "city": "Trujillo",
        "state": "La Libertad",
        "state_abbr": "LAL",
        "postcode_prefix": "13",
        "lat_min": -8.12,
        "lat_max": -8.09,
        "lon_min": -79.05,
        "lon_max": -79.02
      },
      {
        "city": "Chiclayo",
        "state": "Lambayeque",
        "state_abbr": "LAM",
        "postcode_prefix": "14",
        "lat_min": -6.78,
        "lat_max": -6.76,
        "lon_min": -79.85,
        "lon_max": -79.83
      },
      {
        "city": "Cusco",
        "state": "Cusco",
        "state_abbr": "CUS",
        "postcode_prefix": "08",
        "lat_min": -13.53,
        "lat_max": -13.5,
        "lon_min": -71.98,
        "lon_max": -71.96
      },
      {
        "city": "Piura",
        "state": "Piura",
        "state_abbr": "PIU",
        "postcode_prefix": "20",
        "lat_min": -5.2,
        "lat_max": -5.18,
        "lon_min": -80.64,
        "lon_max": -80.62
      },
      {
        "city": "Iquitos",
        "state": "Loreto",
        "state_abbr": "LOR",
        "postcode_prefix": "16",
        "lat_min": -3.76,
        "lat_max": -3.74,
        "lon_min": -73.26,
        "lon_max": -73.24
      },
      {
        "city": "Huancayo",
        "state": "Junín",
        "state_abbr": "JUN",
        "postcode_prefix": "12",
        "lat_min": -12.07,
        "lat_max": -12.05,
        "lon_min": -75.22,
        "lon_max": -75.2
      }
    ],
    "uncommon": [
      {
        "city": "Tacna",
        "state": "Tacna",
        "state_abbr": "TAC",
        "postcode_prefix": "23",
        "lat_min": -18.01,
        "lat_max": -17.99,
        "lon_min": -70.26,
        "lon_max": -70.24
      },
      {
        "city": "Pucallpa",
        "state": "Ucayali",
        "state_abbr": "UCA",
        "postcode_prefix": "25",
        "lat_min": -8.39,
        "lat_max": -8.37,
        "lon_min": -74.56,
        "lon_max": -74.54
      },
      {
        "city": "Chimbote",
        "state": "Áncash",
        "state_abbr": "ANC",
        "postcode_prefix": "02",
        "lat_min": -9.08,
        "lat_max": -9.06,
        "lon_min": -78.59,
        "lon_max": -78.57
      },
      {
        "city": "Juliaca",
        "state": "Puno",
        "state_abbr": "PUN",
        "postcode_prefix": "21",
        "lat_min": -15.5,
        "lat_max": -15.48,
        "lon_min": -70.14,
        "lon_max": -70.12
      },
      {
        "city": "Huaraz",
        "state": "Áncash",
        "state_abbr": "ANC",
        "postcode_prefix": "02",
        "lat_min": -9.53,
        "lat_max": -9.51,
        "lon_min": -77.53,
        "lon_max": -77.51
      },
      {
        "city": "Ica",
        "state": "Ica",
        "state_abbr": "ICA",
        "postcode_prefix": "11",
        "lat_min": -14.07,
        "lat_max": -14.05,
        "lon_min": -75.74,
        "lon_max": -75.72
      },
      {
        "city": "Ayacucho",
        "state": "Ayacucho",
        "state_abbr": "AYA",
        "postcode_prefix": "05",
        "lat_min": -13.17,
        "lat_max": -13.15,
        "lon_min": -74.23,
        "lon_max": -74.21
      },
      {
        "city": "Cajamarca",
        "state": "Cajamarca",
        "state_abbr": "CAJ",
        "postcode_prefix": "06",
        "lat_min": -7.17,
        "lat_max": -7.15,
        "lon_min": -78.52,
        "lon_max": -78.5
      },
      {
        "city": "Puno",
        "state": "Puno",
        "state_abbr": "PUN",
        "postcode_prefix": "21",
        "lat_min": -15.85,
        "lat_max": -15.83,
        "lon_min": -70.02,
        "lon_max": -70.0
      }
    ],
    "rare": [
      {
        "city": "Tumbes",
        "state": "Tumbes",
        "state_abbr": "TUM",
        "postcode_prefix": "24",
        "lat_min": -3.57,
        "lat_max": -3.55,
        "lon_min": -80.46,
        "lon_max": -80.44
      },
      {
        "city": "Huánuco",
        "state": "Huánuco",
        "state_abbr": "HUC",
        "postcode_prefix": "10",
        "lat_min": -9.93,
        "lat_max": -9.91,
        "lon_min": -76.24,
        "lon_max": -76.22
      },
      {
        "city": "Cerro de Pasco",
        "state": "Pasco",
        "state_abbr": "PAS",
        "postcode_prefix": "19",
        "lat_min": -10.69,
        "lat_max": -10.67,
        "lon_min": -76.27,
        "lon_max": -76.25
      },
      {
        "city": "Moyobamba",
        "state": "San Martín",
        "state_abbr": "SAM",
        "postcode_prefix": "22",
        "lat_min": -6.05,
        "lat_max": -6.03,
        "lon_min": -76.97,
        "lon_max": -76.95
      },
      {
        "city": "Puerto Maldonado",
        "state": "Madre de Dios",
        "state_abbr": "MDD",
        "postcode_prefix": "17",
        "lat_min": -12.6,
        "lat_max": -12.58,
        "lon_min": -69.19,
        "lon_max": -69.17
      },
      {
        "city": "Chachapoyas",
        "state": "Amazonas",
        "state_abbr": "AMA",
        "postcode_prefix": "01",
        "lat_min": -6.23,
        "lat_max": -6.21,
        "lon_min": -77.87,
        "lon_max": -77.85
      },
      {
        "city": "Moquegua",
        "state": "Moquegua",
        "state_abbr": "MOQ",
        "postcode_prefix": "18",
        "lat_min": -17.2,
        "lat_max": -17.18,
        "lon_min": -70.94,
        "lon_max": -70.92
      },
      {
        "city": "Abancay",
        "state": "Apurímac",
        "state_abbr": "APU",
        "postcode_prefix": "03",
        "lat_min": -13.64,
        "lat_max": -13.62,
        "lon_min": -72.89,
        "lon_max": -72.87
      },
      {
        "city": "Huancavelica",
        "state": "Huancavelica",
        "state_abbr": "HUV",
        "postcode_prefix": "09",
        "lat_min": -12.79,
        "lat_max": -12.77,
        "lon_min": -74.98,
        "lon_max": -74.96
      },
      {
        "city": "Sullana",
        "state": "Piura",
        "state_abbr": "PIU",
        "postcode_prefix": "20",
        "lat_min": -4.9,
        "lat_max": -4.88,
        "lon_min": -80.69,
        "lon_max": -80.67
      },
      {
        "city": "Tarapoto",
        "state": "San Martín",
        "state_abbr": "SAM",
        "postcode_prefix": "22",
        "lat_min": -6.49,
        "lat_max": -6.47,
        "lon_min": -76.37,
        "lon_max": -76.35
      },
      {
        "city": "Tingo María",
        "state": "Huánuco",
        "state_abbr": "HUC",
        "postcode_prefix": "10",
        "lat_min": -9.3,
        "lat_max": -9.28,
        "lon_min": -76.0,
        "lon_max": -75.98
      }
    ]
  },
  "streets_by_city": {
    "Lima": [
      "Avenida Arequipa",
      "Avenida Javier Prado",
      "Avenida La Marina",
      "Avenida Brasil",
      "Avenida Angamos",
      "Avenida Benavides",
      "Avenida Primavera",
      "Avenida El Sol",
      "Jirón de la Unión",
      "Avenida Abancay",
      "Avenida Tacna",
      "Avenida Wilson",
      "Avenida Grau",
      "Avenida Colonial",
      "Avenida Venezuela",
      "Avenida Universitaria",
      "Avenida Petit Thouars",
      "Avenida Salaverry",
      "Avenida Pershing",
      "Avenida Del Ejército",
      "Calle Las Begonias",
      "Avenida Camino Real",
      "Avenida Paseo de la República",
      "Avenida Dos de Mayo",
      "Calle Berlín",
      "Calle Schell",
      "Avenida Larco",
      "Avenida José Pardo",
      "Avenida Diagonal",
      "Avenida Bolívar",
      "Avenida Canada",
      "Avenida San Felipe",
      "Calle Los Olivos",
      "Avenida La Fontana",
      "Jirón Camaná",
      "Jirón Callao",
      "Jirón Cusco",
      "Jirón Ica",
      "Jirón Junín",
      "Calle Lima"
    ],
    "Arequipa": [
      "Calle Mercaderes",
      "Calle San Francisco",
      "Calle Santa Catalina",
      "Avenida Ejército",
      "Avenida Goyeneche",
      "Calle Jerusalén",
      "Avenida La Marina",
      "Calle Álvarez Thomas",
      "Calle Bolívar",
      "Calle Dean Valdivia",
      "Calle Moral",
      "Calle San José",
      "Calle Puente Grau",
      "Avenida Independencia",
      "Calle La Merced",
      "Avenida Cayma",
      "Avenida Pumacahua",
      "Calle Rivero",
      "Alameda Pardo",
      "Calle Cruz Verde"
    ],
    "Cusco": [
      "Plaza de Armas",
      "Avenida El Sol",
      "Calle Hatunrumiyoc",
      "Calle Loreto",
      "Calle Plateros",
      "Calle Procuradores",
      "Avenida La Cultura",
      "Calle Suecia",
      "Calle Saphi",
      "Calle Triunfo",
      "Calle Marqués",
      "Calle San Andrés",
      "Avenida Tullumayo",
      "Calle Espaderos",
      "Calle Garcilaso",
      "Calle Quera",
      "Calle Santa Teresa",
      "Calle Ruinas",
      "Avenida Huascar",
      "Calle Fierro"
    ],
    "Trujillo": [
      "Jirón Pizarro",
      "Jirón Bolívar",
      "Avenida España",
      "Avenida Larco",
      "Avenida Mansiche",
      "Jirón Independencia",
      "Jirón Gamarra",
      "Jirón Orbegoso",
      "Jirón San Martín",
      "Jirón Junín",
      "Avenida América",
      "Jirón Colón",
      "Jirón Grau",
      "Jirón Ayacucho",
      "Avenida Húsares de Junín",
      "Jirón Almagro",
      "Avenida El Ejército",
      "Jirón Diego de Almagro",
      "Calle Los Brillantes",
      "Calle Las Gemas"
    ],
    "Piura": [
      "Avenida Grau",
      "Calle Lima",
      "Avenida Loreto",
      "Calle Libertad",
      "Calle Cusco",
      "Avenida Bolognesi",
      "Calle Arequipa",
      "Jirón Tacna",
      "Calle Huancavelica",
      "Avenida Country",
      "Calle Ayacucho",
      "Avenida Sullana",
      "Calle Junín",
      "Calle Apurímac",
      "Avenida Sánchez Cerro",
      "Calle Las Dalias",
      "Calle Los Claveles",
      "Calle Ica",
      "Avenida Panamericana",
      "Calle Cajamarca"
    ],
    "Callao": [
      "Avenida Sáenz Peña",
      "Jirón Constitución",
      "Avenida Buenos Aires",
      "Calle Colón",
      "Avenida Grau",
      "Avenida Guardia Chalaca",
      "Calle Cochrane",
      "Avenida Manco Cápac",
      "Calle Miller",
      "Avenida Colonial",
      "Jirón Independencia"
    ],
    "Chiclayo": [
      "Avenida Balta",
      "Calle Elías Aguirre",
      "Calle San José",
      "Avenida Luis Gonzáles",
      "Calle Alfredo Lapoint",
      "Calle Colón",
      "Avenida Pedro Ruiz",
      "Avenida Bolognesi",
      "Calle Juan Cuglievan",
      "Calle Manuel María Izaga",
      "Avenida Sáenz Peña"
    ],
    "Iquitos": [
      "Jirón Próspero",
      "Jirón Putumayo",
      "Malecón Tarapacá",
      "Jirón Napo",
      "Calle Fitzcarrald",
      "Avenida La Marina",
      "Jirón Condamine",
      "Avenida Abelardo Quiñones",
      "Jirón Arica",
      "Calle Raymondi",
      "Jirón Loreto"
    ],
    "Huancayo": [
      "Calle Real",
      "Avenida Giraldez",
      "Jirón Puno",
      "Avenida Huancavelica",
      "Jirón Ancash",
      "Calle Breña",
      "Avenida Ferrocarril",
      "Jirón Arequipa",
      "Jirón Cusco",
      "Avenida Daniel Alcides Carrión",
      "Jirón Lima"
    ],
    "Tacna": [
      "Avenida Bolognesi",
      "Calle San Martín",
      "Avenida Dos de Mayo",
      "Calle Zela",
      "Avenida Coronel Mendoza",
      "Calle Arias Aragüez",
      "Avenida Grau",
      "Calle Alto de Lima",
      "Avenida Jorge Basadre",
      "Calle Deustua",
      "Avenida Industrial"
    ],
    "Pucallpa": [
      "Jirón Ucayali",
      "Avenida Centenario",
      "Jirón Tarapacá",
      "Calle Inmaculada",
      "Jirón 7 de Junio",
      "Avenida Sáenz Peña",
      "Jirón Progreso",
      "Calle Raymondi",
      "Jirón Coronel Portillo",
      "Avenida Yarinacocha"
    ],
    "Chimbote": [
      "Avenida Pardo",
      "Avenida Bolognesi",
      "Jirón Ladislao Espinar",
      "Avenida José Gálvez",
      "Jirón Elías Aguirre",
      "Calle Alfonso Ugarte",
      "Avenida Meiggs",
      "Jirón Leoncio Prado",
      "Avenida Anchoveta",
      "Calle Manuel Ruiz"
    ],
    "Juliaca": [
      "Jirón Moquegua",
      "Avenida Circunvalación",
      "Jirón San Martín",
      "Calle Lambayeque",
      "Jirón Tumbes",
      "Avenida Manuel Núñez Butrón",
      "Jirón Mariano Núñez",
      "Avenida Ferrocarril",
      "Jirón Lima",
      "Calle Piérola"
    ],
    "Huaraz": [
      "Avenida Luzuriaga",
      "Jirón Sucre",
      "Jirón Bolívar",
      "Jirón San Martín",
      "Avenida Fitzcarrald",
      "Jirón Simón Bolívar",
      "Avenida Centenario",
      "Jirón Comercio",
      "Jirón José de la Mar",
      "Calle Juan de la Cruz Romero"
    ],
    "Ica": [
      "Calle Lima",
      "Avenida San Martín",
      "Calle Municipalidad",
      "Avenida Grau",
      "Calle Bolívar",
      "Jirón Cajamarca",
      "Avenida Los Maestros",
      "Calle Cutervo",
      "Avenida Acomayo",
      "Calle Castrovirreyna"
    ],
    "Ayacucho": [
      "Jirón 28 de Julio",
      "Jirón Lima",
      "Portal Constitución",
      "Jirón Asamblea",
      "Jirón Cusco",
      "Jirón San Martín",
      "Avenida Mariscal Cáceres",
      "Jirón Bellido",
      "Jirón Dos de Mayo",
      "Jirón Grau"
    ],
    "Cajamarca": [
      "Jirón Dos de Mayo",
      "Jirón del Comercio",
      "Jirón Amalia Puga",
      "Jirón Cruz de Piedra",
      "Jirón Belén",
      "Jirón Apurímac",
      "Avenida El Maestro",
      "Jirón José Gálvez",
      "Avenida Hoyos Rubio",
      "Jirón Guillermo Urrelo"
    ],
    "Puno": [
      "Jirón Lima",
      "Jirón Deustua",
      "Jirón Arequipa",
      "Avenida El Sol",
      "Jirón Puno",
      "Jirón Lambayeque",
      "Avenida Laykakota",
      "Jirón Moquegua",
      "Avenida Titicaca",
      "Jirón Ilave"
    ],
    "Tumbes": [
      "Calle Bolívar",
      "Avenida Tumbes",
      "Calle Grau",
      "Jirón San Martín",
      "Avenida Benavides",
      "Calle Piura",
      "Jirón Bolognesi",
      "Calle Huáscar",
      "Calle Mayor Bodero",
      "Avenida Fernando Belaúnde Terry"
    ],
    "Huánuco": [
      "Jirón Dos de Mayo",
      "Jirón General Prado",
      "Jirón Huánuco",
      "Avenida Universitaria",
      "Jirón Dámaso Beraún",
      "Jirón 28 de Julio",
      "Jirón Constitución",
      "Jirón Abtao",
      "Jirón Hermilio Valdizán",
      "Calle Huallayco"
    ],
    "Cerro de Pasco": [
      "Jirón Bolognesi",
      "Jirón Lima",
      "Jirón Libertad",
      "Avenida Los Incas",
      "Jirón El Sol",
      "Jirón Junín",
      "Calle Constitución",
      "Jirón San Martín",
      "Avenida Los Próceres",
      "Jirón Daniel Alcides Carrión"
    ],
    "Moyobamba": [
      "Jirón Pedro Canga",
      "Jirón Alonso de Alvarado",
      "Jirón Serafín Filomeno",
      "Jirón 20 de Abril",
      "Jirón San Martín",
      "Jirón Oscar Benavides",
      "Jirón Callao",
      "Jirón Coronel Secada",
      "Avenida Grau",
      "Jirón Dos de Mayo"
    ],
    "Puerto Maldonado": [
      "Jirón Puno",
      "Avenida León Velarde",
      "Jirón Piura",
      "Avenida Fitzcarrald",
      "Jirón Loreto",
      "Avenida Dos de Mayo",
      "Jirón Cusco",
      "Jirón Gonzáles Prada",
      "Jirón Arequipa",
      "Avenida Madre de Dios"
    ],
    "Chachapoyas": [
      "Jirón Amazonas",
      "Jirón Ayacucho",
      "Jirón Grau",
      "Jirón Ortiz Arrieta",
      "Jirón Triunfo",
      "Jirón Dos de Mayo",
      "Jirón Libertad",
      "Jirón Salamanca",
      "Jirón Chincha Alta",
      "Jirón Santo Domingo"
    ],
    "Moquegua": [
      "Calle Moquegua",
      "Calle Piura",
      "Calle Lima",
      "Calle Arequipa",
      "Calle Ancash",
      "Avenida Balta",
      "Calle Tacna",
      "Calle Ayacucho",
      "Calle Junín",
      "Calle Libertad"
    ],
    "Abancay": [
      "Avenida Arenas",
      "Jirón Lima",
      "Avenida Díaz Bárcenas",
      "Jirón Cusco",
      "Jirón Puno",
      "Jirón Junín",
      "Avenida Núñez",
      "Jirón Huancavelica",
      "Jirón Arequipa",
      "Avenida Micaela Bastidas"
    ],
    "Huancavelica": [
      "Jirón Victoria Garma",
      "Jirón Virrey Toledo",
      "Jirón Carabaya",
      "Avenida Manchego Muñoz",
      "Jirón Torre Tagle",
      "Jirón Nicolás de Piérola",
      "Jirón Agustín Gamarra",
      "Jirón Arica",
      "Jirón Ascensión",
      "Calle Razuhuillca"
    ],
    "Sullana": [
      "Calle San Martín",
      "Avenida José de Lama",
      "Calle Bolognesi",
      "Calle Sucre",
      "Transversal Dos de Mayo",
      "Calle Grau",
      "Avenida Champagnat",
      "Calle Piura",
      "Calle Buenos Aires",
      "Avenida Circunvalación"
    ],
    "Tarapoto": [
      "Jirón San Martín",
      "Jirón Moyobamba",
      "Jirón Jiménez Pimentel",
      "Jirón Grau",
      "Jirón Lima",
      "Jirón Rioja",
      "Jirón Alfonso Ugarte",
      "Jirón Orellana",
      "Jirón Leguía",
      "Avenida Vía de Evitamiento"
    ],
    "Tingo María": [
      "Avenida Alameda Perú",
      "Jirón Callao",
      "Avenida Raymondi",
      "Jirón Monzón",
      "Jirón Pucallpa",
      "Jirón Tito Jaime Fernández",
      "Avenida Universitaria",
      "Jirón Huánuco",
      "Jirón Lamas",
      "Avenida Enrique Pimentel"
    ]
  },
  "postcode_format": "#####",
  "address_formats": [
    "{street} {building_number}, {city} {postcode}",
    "{street} {building_number}, {city}, {state}"
  ],
  "country": "Peru",
  "country_code": "PE",
  "phone_area_codes": {
    "Lima": [
      "01"
    ],
    "Arequipa": [
      "054"
    ],
    "Cusco": [
      "084"
    ],
    "Trujillo": [
      "044"
    ],
    "Chiclayo": [
      "074"
    ],
    "Piura": [
      "073"
    ],
    "Iquitos": [
      "065"
    ],
    "Huancayo": [
      "064"
    ]
  },
  "phone_format": "{area_code} ### ####"
}
