{
  "locations": [
    {"city": "Berlin", "state": "Berlin", "state_abbr": "BE", "postcode_prefix": "10"},
    {"city": "Berlin-Mitte", "state": "Berlin", "state_abbr": "BE", "postcode_prefix": "10"},
    {"city": "Berlin-Kreuzberg", "state": "Berlin", "state_abbr": "BE", "postcode_prefix": "10"},
    {"city": "Berlin-Charlottenburg", "state": "Berlin", "state_abbr": "BE", "postcode_prefix": "10"},
    {"city": "Berlin-Spandau", "state": "Berlin", "state_abbr": "BE", "postcode_prefix": "13"},
    {"city": "Berlin-Pankow", "state": "Berlin", "state_abbr": "BE", "postcode_prefix": "13"},
    {"city": "Hamburg", "state": "Hamburg", "state_abbr": "HH", "postcode_prefix": "20"},
    {"city": "Hamburg-Altona", "state": "Hamburg", "state_abbr": "HH", "postcode_prefix": "22"},
    {"city": "Hamburg-Eimsbüttel", "state": "Hamburg", "state_abbr": "HH", "postcode_prefix": "20"},
    {"city": "Hamburg-Wandsbek", "state": "Hamburg", "state_abbr": "HH", "postcode_prefix": "22"},
    {"city": "München", "state": "Bayern", "state_abbr": "BY", "postcode_prefix": "80"},
    {"city": "München-Schwabing", "state": "Bayern", "state_abbr": "BY", "postcode_prefix": "80"},
    {"city": "München-Bogenhausen", "state": "Bayern", "state_abbr": "BY", "postcode_prefix": "81"},
    {"city": "Nürnberg", "state": "Bayern", "state_abbr": "BY", "postcode_prefix": "90"},
    {"city": "Augsburg", "state": "Bayern", "state_abbr": "BY", "postcode_prefix": "86"},
    {"city": "Regensburg", "state": "Bayern", "state_abbr": "BY", "postcode_prefix": "93"},
    {"city": "Würzburg", "state": "Bayern", "state_abbr": "BY", "postcode_prefix": "97"},
    {"city": "Ingolstadt", "state": "Bayern", "state_abbr": "BY", "postcode_prefix": "85"},
    {"city": "Fürth", "state": "Bayern", "state_abbr": "BY", "postcode_prefix": "90"},
    {"city": "Erlangen", "state": "Bayern", "state_abbr": "BY", "postcode_prefix": "91"},
    {"city": "Bamberg", "state": "Bayern", "state_abbr": "BY", "postcode_prefix": "96"},
    {"city": "Bayreuth", "state": "Bayern", "state_abbr": "BY", "postcode_prefix": "95"},
    {"city": "Passau", "state": "Bayern", "state_abbr": "BY", "postcode_prefix": "94"},
    {"city": "Rosenheim", "state": "Bayern", "state_abbr": "BY", "postcode_prefix": "83"},
    {"city": "Köln", "state": "Nordrhein-Westfalen", "state_abbr": "NW", "postcode_prefix": "50"},
    {"city": "Düsseldorf", "state": "Nordrhein-Westfalen", "state_abbr": "NW", "postcode_prefix": "40"},
    {"city": "Dortmund", "state": "Nordrhein-Westfalen", "state_abbr": "NW", "postcode_prefix": "44"},
    {"city": "Essen", "state": "Nordrhein-Westfalen", "state_abbr": "NW", "postcode_prefix": "45"},
    {"city": "Duisburg", "state": "Nordrhein-Westfalen", "state_abbr": "NW", "postcode_prefix": "47"},
    {"city": "Bochum", "state": "Nordrhein-Westfalen", "state_abbr": "NW", "postcode_prefix": "44"},
    {"city": "Wuppertal", "state": "Nordrhein-Westfalen", "state_abbr": "NW", "postcode_prefix": "42"},
    {"city": "Bielefeld", "state": "Nordrhein-Westfalen", "state_abbr": "NW", "postcode_prefix": "33"},
    {"city": "Bonn", "state": "Nordrhein-Westfalen", "state_abbr": "NW", "postcode_prefix": "53"},
    {"city": "Münster", "state": "Nordrhein-Westfalen", "state_abbr": "NW", "postcode_prefix": "48"},
    {"city": "Gelsenkirchen", "state": "Nordrhein-Westfalen", "state_abbr": "NW", "postcode_prefix": "45"},
    {"city": "Mönchengladbach", "state": "Nordrhein-Westfalen", "state_abbr": "NW", "postcode_prefix": "41"},
    {"city": "Aachen", "state": "Nordrhein-Westfalen", "state_abbr": "NW", "postcode_prefix": "52"},
    {"city": "Krefeld", "state": "Nordrhein-Westfalen", "state_abbr": "NW", "postcode_prefix": "47"},
    {"city": "Oberhausen", "state": "Nordrhein-Westfalen", "state_abbr": "NW", "postcode_prefix": "46"},
    {"city": "Hagen", "state": "Nordrhein-Westfalen", "state_abbr": "NW", "postcode_prefix": "58"},
    {"city": "Hamm", "state": "Nordrhein-Westfalen", "state_abbr": "NW", "postcode_prefix": "59"},
    {"city": "Leverkusen", "state": "Nordrhein-Westfalen", "state_abbr": "NW", "postcode_prefix": "51"},
    {"city": "Paderborn", "state": "Nordrhein-Westfalen", "state_abbr": "NW", "postcode_prefix": "33"},
    {"city": "Siegen", "state": "Nordrhein-Westfalen", "state_abbr": "NW", "postcode_prefix": "57"},
    {"city": "Frankfurt am Main", "state": "Hessen", "state_abbr": "HE", "postcode_prefix": "60"},
    {"city": "Wiesbaden", "state": "Hessen", "state_abbr": "HE", "postcode_prefix": "65"},
    {"city": "Kassel", "state": "Hessen", "state_abbr": "HE", "postcode_prefix": "34"},
    {"city": "Darmstadt", "state": "Hessen", "state_abbr": "HE", "postcode_prefix": "64"},
    {"city": "Offenbach am Main", "state": "Hessen", "state_abbr": "HE", "postcode_prefix": "63"},
    {"city": "Hanau", "state": "Hessen", "state_abbr": "HE", "postcode_prefix": "63"},
    {"city": "Gießen", "state": "Hessen", "state_abbr": "HE", "postcode_prefix": "35"},
    {"city": "Marburg", "state": "Hessen", "state_abbr": "HE", "postcode_prefix": "35"},
    {"city": "Fulda", "state": "Hessen", "state_abbr": "HE", "postcode_prefix": "36"},
    {"city": "Stuttgart", "state": "Baden-Württemberg", "state_abbr": "BW", "postcode_prefix": "70"},
    {"city": "Karlsruhe", "state": "Baden-Württemberg", "state_abbr": "BW", "postcode_prefix": "76"},
    {"city": "Mannheim", "state": "Baden-Württemberg", "state_abbr": "BW", "postcode_prefix": "68"},
    {"city": "Freiburg im Breisgau", "state": "Baden-Württemberg", "state_abbr": "BW", "postcode_prefix": "79"},
    {"city": "Heidelberg", "state": "Baden-Württemberg", "state_abbr": "BW", "postcode_prefix": "69"},
    {"city": "Ulm", "state": "Baden-Württemberg", "state_abbr": "BW", "postcode_prefix": "89"},
    {"city": "Heilbronn", "state": "Baden-Württemberg", "state_abbr": "BW", "postcode_prefix": "74"},
    {"city": "Pforzheim", "state": "Baden-Württemberg", "state_abbr": "BW", "postcode_prefix": "75"},
    {"city": "Reutlingen", "state": "Baden-Württemberg", "state_abbr": "BW", "postcode_prefix": "72"},
    {"city": "Esslingen am Neckar", "state": "Baden-Württemberg", "state_abbr": "BW", "postcode_prefix": "73"},
    {"city": "Ludwigsburg", "state": "Baden-Württemberg", "state_abbr": "BW", "postcode_prefix": "71"},
    {"city": "Tübingen", "state": "Baden-Württemberg", "state_abbr": "BW", "postcode_prefix": "72"},
    {"city": "Konstanz", "state": "Baden-Württemberg", "state_abbr": "BW", "postcode_prefix": "78"},
    {"city": "Villingen-Schwenningen", "state": "Baden-Württemberg", "state_abbr": "BW", "postcode_prefix": "78"},
    {"city": "Hannover", "state": "Niedersachsen", "state_abbr": "NI", "postcode_prefix": "30"},
    {"city": "Braunschweig", "state": "Niedersachsen", "state_abbr": "NI", "postcode_prefix": "38"},
    {"city": "Oldenburg", "state": "Niedersachsen", "state_abbr": "NI", "postcode_prefix": "26"},
    {"city": "Osnabrück", "state": "Niedersachsen", "state_abbr": "NI", "postcode_prefix": "49"},
    {"city": "Wolfsburg", "state": "Niedersachsen", "state_abbr": "NI", "postcode_prefix": "38"},
    {"city": "Göttingen", "state": "Niedersachsen", "state_abbr": "NI", "postcode_prefix": "37"},
    {"city": "Salzgitter", "state": "Niedersachsen", "state_abbr": "NI", "postcode_prefix": "38"},
    {"city": "Hildesheim", "state": "Niedersachsen", "state_abbr": "NI", "postcode_prefix": "31"},
    {"city": "Delmenhorst", "state": "Niedersachsen", "state_abbr": "NI", "postcode_prefix": "27"},
    {"city": "Wilhelmshaven", "state": "Niedersachsen", "state_abbr": "NI", "postcode_prefix": "26"},
    {"city": "Celle", "state": "Niedersachsen", "state_abbr": "NI", "postcode_prefix": "29"},
    {"city": "Lüneburg", "state": "Niedersachsen", "state_abbr": "NI", "postcode_prefix": "21"},
    {"city": "Bremen", "state": "Bremen", "state_abbr": "HB", "postcode_prefix": "28"},
    {"city": "Bremerhaven", "state": "Bremen", "state_abbr": "HB", "postcode_prefix": "27"},
    {"city": "Leipzig", "state": "Sachsen", "state_abbr": "SN", "postcode_prefix": "04"},
    {"city": "Dresden", "state": "Sachsen", "state_abbr": "SN", "postcode_prefix": "01"},
    {"city": "Chemnitz", "state": "Sachsen", "state_abbr": "SN", "postcode_prefix": "09"},
    {"city": "Zwickau", "state": "Sachsen", "state_abbr": "SN", "postcode_prefix": "08"},
    {"city": "Plauen", "state": "Sachsen", "state_abbr": "SN", "postcode_prefix": "08"},
    {"city": "Freiberg", "state": "Sachsen", "state_abbr": "SN", "postcode_prefix": "09"},
    {"city": "Bautzen", "state": "Sachsen", "state_abbr": "SN", "postcode_prefix": "02"},
    {"city": "Görlitz", "state": "Sachsen", "state_abbr": "SN", "postcode_prefix": "02"},
    {"city": "Kiel", "state": "Schleswig-Holstein", "state_abbr": "SH", "postcode_prefix": "24"},
    {"city": "Lübeck", "state": "Schleswig-Holstein", "state_abbr": "SH", "postcode_prefix": "23"},
    {"city": "Flensburg", "state": "Schleswig-Holstein", "state_abbr": "SH", "postcode_prefix": "24"},
    {"city": "Neumünster", "state": "Schleswig-Holstein", "state_abbr": "SH", "postcode_prefix": "24"},
    {"city": "Norderstedt", "state": "Schleswig-Holstein", "state_abbr": "SH", "postcode_prefix": "22"},
    {"city": "Potsdam", "state": "Brandenburg", "state_abbr": "BB", "postcode_prefix": "14"},
    {"city": "Cottbus", "state": "Brandenburg", "state_abbr": "BB", "postcode_prefix": "03"},
    {"city": "Brandenburg an der Havel", "state": "Brandenburg", "state_abbr": "BB", "postcode_prefix": "14"},
    {"city": "Frankfurt (Oder)", "state": "Brandenburg", "state_abbr": "BB", "postcode_prefix": "15"},
    {"city": "Oranienburg", "state": "Brandenburg", "state_abbr": "BB", "postcode_prefix": "16"},
    {"city": "Magdeburg", "state": "Sachsen-Anhalt", "state_abbr": "ST", "postcode_prefix": "39"},
    {"city": "Halle (Saale)", "state": "Sachsen-Anhalt", "state_abbr": "ST", "postcode_prefix": "06"},
    {"city": "Dessau-Roßlau", "state": "Sachsen-Anhalt", "state_abbr": "ST", "postcode_prefix": "06"},
    {"city": "Wittenberg", "state": "Sachsen-Anhalt", "state_abbr": "ST", "postcode_prefix": "06"},
    {"city": "Stendal", "state": "Sachsen-Anhalt", "state_abbr": "ST", "postcode_prefix": "39"},
    {"city": "Erfurt", "state": "Thüringen", "state_abbr": "TH", "postcode_prefix": "99"},
    {"city": "Jena", "state": "Thüringen", "state_abbr": "TH", "postcode_prefix": "07"},
    {"city": "Gera", "state": "Thüringen", "state_abbr": "TH", "postcode_prefix": "07"},
    {"city": "Weimar", "state": "Thüringen", "state_abbr": "TH", "postcode_prefix": "99"},
    {"city": "Eisenach", "state": "Thüringen", "state_abbr": "TH", "postcode_prefix": "99"},
    {"city": "Gotha", "state": "Thüringen", "state_abbr": "TH", "postcode_prefix": "99"},
    {"city": "Mainz", "state": "Rheinland-Pfalz", "state_abbr": "RP", "postcode_prefix": "55"},
    {"city": "Ludwigshafen am Rhein", "state": "Rheinland-Pfalz", "state_abbr": "RP", "postcode_prefix": "67"},
    {"city": "Koblenz", "state": "Rheinland-Pfalz", "state_abbr": "RP", "postcode_prefix": "56"},
    {"city": "Trier", "state": "Rheinland-Pfalz", "state_abbr": "RP", "postcode_prefix": "54"},
    {"city": "Kaiserslautern", "state": "Rheinland-Pfalz", "state_abbr": "RP", "postcode_prefix": "67"},
    {"city": "Worms", "state": "Rheinland-Pfalz", "state_abbr": "RP", "postcode_prefix": "67"},
    {"city": "Speyer", "state": "Rheinland-Pfalz", "state_abbr": "RP", "postcode_prefix": "67"},
    {"city": "Saarbrücken", "state": "Saarland", "state_abbr": "SL", "postcode_prefix": "66"},
    {"city": "Neunkirchen", "state": "Saarland", "state_abbr": "SL", "postcode_prefix": "66"},
    {"city": "Homburg", "state": "Saarland", "state_abbr": "SL", "postcode_prefix": "66"},
    {"city": "Völklingen", "state": "Saarland", "state_abbr": "SL", "postcode_prefix": "66"},
    {"city": "Rostock", "state": "Mecklenburg-Vorpommern", "state_abbr": "MV", "postcode_prefix": "18"},
    {"city": "Schwerin", "state": "Mecklenburg-Vorpommern", "state_abbr": "MV", "postcode_prefix": "19"},
    {"city": "Neubrandenburg", "state": "Mecklenburg-Vorpommern", "state_abbr": "MV", "postcode_prefix": "17"},
    {"city": "Stralsund", "state": "Mecklenburg-Vorpommern", "state_abbr": "MV", "postcode_prefix": "18"},
    {"city": "Greifswald", "state": "Mecklenburg-Vorpommern", "state_abbr": "MV", "postcode_prefix": "17"},
    {"city": "Wismar", "state": "Mecklenburg-Vorpommern", "state_abbr": "MV", "postcode_prefix": "23"}
  ],
  "street_names": [
    "Hauptstraße",
    "Bahnhofstraße",
    "Kirchstraße",
    "Gartenstraße",
    "Schulstraße",
    "Berliner Straße",
    "Dorfstraße",
    "Bergstraße",
    "Lindenstraße",
    "Waldstraße",
    "Friedhofstraße",
    "Rosenstraße",
    "Ringstraße",
    "Feldstraße",
    "Bismarckstraße",
    "Goethestraße",
    "Schillerstraße",
    "Mozartstraße",
    "Beethovenstraße",
    "Lessingstraße",
    "Kantstraße",
    "Heinestraße",
    "Fontanestraße",
    "Eichenstraße",
    "Buchenstraße",
    "Ahornstraße",
    "Birkenstraße",
    "Tannenstraße",
    "Fichtenstraße",
    "Mühlenstraße",
    "Brunnenstraße",
    "Schlossstraße",
    "Burgstraße",
    "Rathausstraße",
    "Marktstraße",
    "Steinweg",
    "Sandweg",
    "Am Markt",
    "Am Bahnhof",
    "Am Rathaus",
    "An der Kirche",
    "Industriestraße",
    "Gewerbestraße",
    "Fabrikstraße",
    "Werkstraße",
    "Parkstraße",
    "Seestraße",
    "Uferstraße",
    "Strandstraße",
    "Hafenstraße",
    "Königstraße",
    "Kaiserstraße",
    "Friedrichstraße",
    "Wilhelmstraße",
    "Augustastraße"
  ],
  "postcode_format": "#####",
  "address_formats": [
    "{street_name} {building_number}",
    "{street_name} {building_number}, {postcode} {city}",
    "{street_name} {building_number}, {postcode} {city}, {state}"
  ],
  "country": "Deutschland",
  "country_code": "DE",
  "phone_area_codes": {
    "Berlin": ["030"],
    "Hamburg": ["040"],
    "Bayern": ["089", "0911", "0821", "0941", "0931", "0841", "0911", "09131", "0951", "0921", "0851", "08031"],
    "Nordrhein-Westfalen": ["0221", "0211", "0231", "0201", "0203", "0234", "0202", "0521", "0228", "0251", "0209", "02161", "0241", "02151", "0208", "02331", "02381", "0214", "05251", "0271"],
    "Hessen": ["069", "0611", "0561", "06151", "069", "06181", "0641", "06421", "0661"],
    "Baden-Württemberg": ["0711", "0721", "0621", "0761", "06221", "0731", "07131", "07231", "07121", "0711", "07141", "07071", "07531", "07721"],
    "Niedersachsen": ["0511", "0531", "0441", "0541", "05361", "0551", "05341", "05121", "04221", "04421", "05141", "04131"],
    "Bremen": ["0421", "0471"],
    "Sachsen": ["0341", "0351", "0371", "0375", "03741", "03731", "03591", "03581"],
    "Schleswig-Holstein": ["0431", "0451", "0461", "04321", "040"],
    "Brandenburg": ["0331", "0355", "03381", "0335", "03301"],
    "Sachsen-Anhalt": ["0391", "0345", "0340", "03491", "03931"],
    "Thüringen": ["0361", "03641", "0365", "03643", "03691", "03621"],
    "Rheinland-Pfalz": ["06131", "0621", "0261", "0651", "0631", "06241", "06232"],
    "Saarland": ["0681", "06821", "06841", "06898"],
    "Mecklenburg-Vorpommern": ["0381", "0385", "0395", "03831", "03834", "03841"]
  }
}
