{
  "locations": {
    "very_common": [
      {
        "city": "Panama City",
        "state": "Panama",
        "state_abbr": "PA",
        "postcode_prefix": "0801",
        "lat_min": 8.95,
        "lat_max": 9.05,
        "lon_min": -79.55,
        "lon_max": -79.48
      },
      {
        "city": "San Miguelito",
        "state": "Panama",
        "state_abbr": "PA",
        "postcode_prefix": "0802",
        "lat_min": 9.03,
        "lat_max": 9.06,
        "lon_min": -79.50,
        "lon_max": -79.47
      },
      {
        "city": "Colon",
        "state": "Colon",
        "state_abbr": "CL",
        "postcode_prefix": "0301",
        "lat_min": 9.35,
        "lat_max": 9.37,
        "lon_min": -79.92,
        "lon_max": -79.88
      },
      {
        "city": "David",
        "state": "Chiriqui",
        "state_abbr": "CH",
        "postcode_prefix": "0401",
        "lat_min": 8.42,
        "lat_max": 8.44,
        "lon_min": -82.44,
        "lon_max": -82.42
      },
      {
        "city": "La Chorrera",
        "state": "Panama Oeste",
        "state_abbr": "PO",
        "postcode_prefix": "1001",
        "lat_min": 8.87,
        "lat_max": 8.89,
        "lon_min": -79.78,
        "lon_max": -79.76
      },
      {
        "city": "Arraijan",
        "state": "Panama Oeste",
        "state_abbr": "PO",
        "postcode_prefix": "1002",
        "lat_min": 8.93,
        "lat_max": 8.96,
        "lon_min": -79.65,
        "lon_max": -79.62
      }
    ],
    "common": [
      {
        "city": "Santiago",
        "state": "Veraguas",
        "state_abbr": "VR",
        "postcode_prefix": "0901",
        "lat_min": 8.10,
        "lat_max": 8.12,
        "lon_min": -80.98,
        "lon_max": -80.96
      },
      {
        "city": "Chitre",
        "state": "Herrera",
        "state_abbr": "HR",
        "postcode_prefix": "0601",
        "lat_min": 7.96,
        "lat_max": 7.98,
        "lon_min": -80.44,
        "lon_max": -80.42
      },
      {
        "city": "Penonome",
        "state": "Cocle",
        "state_abbr": "CC",
        "postcode_prefix": "0201",
        "lat_min": 8.51,
        "lat_max": 8.52,
        "lon_min": -80.37,
        "lon_max": -80.35
      },
      {
        "city": "Las Tablas",
        "state": "Los Santos",
        "state_abbr": "LS",
        "postcode_prefix": "0701",
        "lat_min": 7.76,
        "lat_max": 7.78,
        "lon_min": -80.28,
        "lon_max": -80.26
      },
      {
        "city": "Aguadulce",
        "state": "Cocle",
        "state_abbr": "CC",
        "postcode_prefix": "0202",
        "lat_min": 8.24,
        "lat_max": 8.26,
        "lon_min": -80.56,
        "lon_max": -80.54
      },
      {
        "city": "Boquete",
        "state": "Chiriqui",
        "state_abbr": "CH",
        "postcode_prefix": "0402",
        "lat_min": 8.77,
        "lat_max": 8.79,
        "lon_min": -82.44,
        "lon_max": -82.43
      },
      {
        "city": "Changuinola",
        "state": "Bocas del Toro",
        "state_abbr": "BT",
        "postcode_prefix": "0101",
        "lat_min": 9.42,
        "lat_max": 9.44,
        "lon_min": -82.52,
        "lon_max": -82.50
      },
      {
        "city": "Pacora",
        "state": "Panama",
        "state_abbr": "PA",
        "postcode_prefix": "0803",
        "lat_min": 9.07,
        "lat_max": 9.09,
        "lon_min": -79.28,
        "lon_max": -79.26
      },
      {
        "city": "Chepo",
        "state": "Panama",
        "state_abbr": "PA",
        "postcode_prefix": "0804",
        "lat_min": 9.15,
        "lat_max": 9.17,
        "lon_min": -79.10,
        "lon_max": -79.08
      },
      {
        "city": "Coronado",
        "state": "Panama Oeste",
        "state_abbr": "PO",
        "postcode_prefix": "1003",
        "lat_min": 8.54,
        "lat_max": 8.56,
        "lon_min": -79.93,
        "lon_max": -79.91
      }
    ],
    "uncommon": [
      {
        "city": "Bocas del Toro",
        "state": "Bocas del Toro",
        "state_abbr": "BT",
        "postcode_prefix": "0102",
        "lat_min": 9.33,
        "lat_max": 9.35,
        "lon_min": -82.25,
        "lon_max": -82.23
      },
      {
        "city": "Volcan",
        "state": "Chiriqui",
        "state_abbr": "CH",
        "postcode_prefix": "0403",
        "lat_min": 8.77,
        "lat_max": 8.79,
        "lon_min": -82.63,
        "lon_max": -82.61
      },
      {
        "city": "Pedasi",
        "state": "Los Santos",
        "state_abbr": "LS",
        "postcode_prefix": "0702",
        "lat_min": 7.53,
        "lat_max": 7.55,
        "lon_min": -80.03,
        "lon_max": -80.01
      },
      {
        "city": "Anton",
        "state": "Cocle",
        "state_abbr": "CC",
        "postcode_prefix": "0203",
        "lat_min": 8.40,
        "lat_max": 8.42,
        "lon_min": -80.27,
        "lon_max": -80.25
      },
      {
        "city": "El Valle de Anton",
        "state": "Cocle",
        "state_abbr": "CC",
        "postcode_prefix": "0204",
        "lat_min": 8.60,
        "lat_max": 8.62,
        "lon_min": -80.14,
        "lon_max": -80.12
      },
      {
        "city": "Santa Fe",
        "state": "Veraguas",
        "state_abbr": "VR",
        "postcode_prefix": "0902",
        "lat_min": 8.50,
        "lat_max": 8.52,
        "lon_min": -81.07,
        "lon_max": -81.05
      },
      {
        "city": "Portobelo",
        "state": "Colon",
        "state_abbr": "CL",
        "postcode_prefix": "0302",
        "lat_min": 9.55,
        "lat_max": 9.56,
        "lon_min": -79.65,
        "lon_max": -79.64
      },
      {
        "city": "Gamboa",
        "state": "Panama",
        "state_abbr": "PA",
        "postcode_prefix": "0805",
        "lat_min": 9.12,
        "lat_max": 9.13,
        "lon_min": -79.70,
        "lon_max": -79.69
      }
    ],
    "rare": [
      {
        "city": "Yaviza",
        "state": "Darien",
        "state_abbr": "DR",
        "postcode_prefix": "0501",
        "lat_min": 8.15,
        "lat_max": 8.17,
        "lon_min": -77.68,
        "lon_max": -77.66
      },
      {
        "city": "La Palma",
        "state": "Darien",
        "state_abbr": "DR",
        "postcode_prefix": "0502",
        "lat_min": 8.40,
        "lat_max": 8.42,
        "lon_min": -78.14,
        "lon_max": -78.12
      },
      {
        "city": "Puerto Armuelles",
        "state": "Chiriqui",
        "state_abbr": "CH",
        "postcode_prefix": "0404",
        "lat_min": 8.27,
        "lat_max": 8.28,
        "lon_min": -82.86,
        "lon_max": -82.85
      },
      {
        "city": "Almirante",
        "state": "Bocas del Toro",
        "state_abbr": "BT",
        "postcode_prefix": "0103",
        "lat_min": 9.30,
        "lat_max": 9.31,
        "lon_min": -82.40,
        "lon_max": -82.39
      },
      {
        "city": "Isla Contadora",
        "state": "Panama",
        "state_abbr": "PA",
        "postcode_prefix": "0806",
        "lat_min": 8.63,
        "lat_max": 8.64,
        "lon_min": -79.04,
        "lon_max": -79.03
      }
    ]
  },
  "streets_by_city": {
    "Panama City": [
      "Via España", "Calle 50", "Avenida Balboa", "Via Argentina",
      "Calle Uruguay", "Avenida Federico Boyd", "Via Brasil",
      "Calle Aquilino De La Guardia", "Avenida Central", "Calle Samuel Lewis",
      "Via Transistmica", "Calle Ricardo Arias", "Avenida Justo Arosemena",
      "Calle Abel Bravo", "Via Porras", "Calle Eusebio A. Morales",
      "Avenida Peru", "Calle Colombia", "Via Cincuentenario", "Calle 74"
    ],
    "San Miguelito": [
      "Via Jose Agustin Arango", "Boulevard Omar Torrijos",
      "Avenida Ricardo J. Alfaro", "Via Simon Bolivar", "Calle Principal"
    ],
    "Colon": [
      "Avenida Central", "Calle 11", "Avenida Bolivar",
      "Calle Amador Guerrero", "Paseo Washington"
    ],
    "David": [
      "Avenida Obaldia", "Calle Central", "Avenida 3 de Noviembre",
      "Calle F Sur", "Avenida 1 de Enero"
    ],
    "La Chorrera": [
      "Avenida de las Americas", "Calle Central",
      "Via Panamericana", "Calle 4ta"
    ],
    "Santiago": [
      "Avenida Central", "Calle 2da", "Via Interamericana",
      "Avenida Hernan Porras"
    ],
    "Chitre": [
      "Paseo Enrique Geenzier", "Calle Manuel Maria Correa",
      "Avenida Pérez", "Via Circunvalacion"
    ],
    "Boquete": [
      "Avenida Central", "Calle 1ra Sur", "Via Boquete",
      "Calle Los Naranjos"
    ]
  },
  "postcode_format": "####",
  "address_formats": [
    "{street} {building_number}, {city}, {state}",
    "{street}, Edificio {building_number}, {city} {postcode}"
  ],
  "country": "Panama",
  "country_code": "PA",
  "phone_area_codes": {
    "Panama": ["2"],
    "Panama Oeste": ["2"],
    "Colon": ["4"],
    "Chiriqui": ["7"],
    "Bocas del Toro": ["7"],
    "Veraguas": ["9"],
    "Herrera": ["9"],
    "Cocle": ["9"],
    "Los Santos": ["9"],
    "Darien": ["2"]
  },
  "phone_format": "+507 {area_code}###-####"
}
