{
  "locations": [
    {"city": "東京", "state": "東京都", "state_abbr": "東京", "postcode_prefix": "100"},
    {"city": "新宿", "state": "東京都", "state_abbr": "東京", "postcode_prefix": "160"},
    {"city": "渋谷", "state": "東京都", "state_abbr": "東京", "postcode_prefix": "150"},
    {"city": "品川", "state": "東京都", "state_abbr": "東京", "postcode_prefix": "140"},
    {"city": "池袋", "state": "東京都", "state_abbr": "東京", "postcode_prefix": "171"},
    {"city": "上野", "state": "東京都", "state_abbr": "東京", "postcode_prefix": "110"},
    {"city": "銀座", "state": "東京都", "state_abbr": "東京", "postcode_prefix": "104"},
    {"city": "秋葉原", "state": "東京都", "state_abbr": "東京", "postcode_prefix": "101"},
    {"city": "六本木", "state": "東京都", "state_abbr": "東京", "postcode_prefix": "106"},
    {"city": "中野", "state": "東京都", "state_abbr": "東京", "postcode_prefix": "164"},
    {"city": "吉祥寺", "state": "東京都", "state_abbr": "東京", "postcode_prefix": "180"},
    {"city": "八王子", "state": "東京都", "state_abbr": "東京", "postcode_prefix": "192"},
    {"city": "町田", "state": "東京都", "state_abbr": "東京", "postcode_prefix": "194"},
    {"city": "立川", "state": "東京都", "state_abbr": "東京", "postcode_prefix": "190"},
    {"city": "横浜", "state": "神奈川県", "state_abbr": "神奈川", "postcode_prefix": "220"},
    {"city": "川崎", "state": "神奈川県", "state_abbr": "神奈川", "postcode_prefix": "210"},
    {"city": "相模原", "state": "神奈川県", "state_abbr": "神奈川", "postcode_prefix": "252"},
    {"city": "藤沢", "state": "神奈川県", "state_abbr": "神奈川", "postcode_prefix": "251"},
    {"city": "横須賀", "state": "神奈川県", "state_abbr": "神奈川", "postcode_prefix": "238"},
    {"city": "平塚", "state": "神奈川県", "state_abbr": "神奈川", "postcode_prefix": "254"},
    {"city": "茅ヶ崎", "state": "神奈川県", "state_abbr": "神奈川", "postcode_prefix": "253"},
    {"city": "鎌倉", "state": "神奈川県", "state_abbr": "神奈川", "postcode_prefix": "248"},
    {"city": "大阪", "state": "大阪府", "state_abbr": "大阪", "postcode_prefix": "530"},
    {"city": "梅田", "state": "大阪府", "state_abbr": "大阪", "postcode_prefix": "530"},
    {"city": "難波", "state": "大阪府", "state_abbr": "大阪", "postcode_prefix": "542"},
    {"city": "心斎橋", "state": "大阪府", "state_abbr": "大阪", "postcode_prefix": "542"},
    {"city": "天王寺", "state": "大阪府", "state_abbr": "大阪", "postcode_prefix": "543"},
    {"city": "堺", "state": "大阪府", "state_abbr": "大阪", "postcode_prefix": "590"},
    {"city": "東大阪", "state": "大阪府", "state_abbr": "大阪", "postcode_prefix": "577"},
    {"city": "枚方", "state": "大阪府", "state_abbr": "大阪", "postcode_prefix": "573"},
    {"city": "豊中", "state": "大阪府", "state_abbr": "大阪", "postcode_prefix": "560"},
    {"city": "吹田", "state": "大阪府", "state_abbr": "大阪", "postcode_prefix": "564"},
    {"city": "高槻", "state": "大阪府", "state_abbr": "大阪", "postcode_prefix": "569"},
    {"city": "名古屋", "state": "愛知県", "state_abbr": "愛知", "postcode_prefix": "450"},
    {"city": "栄", "state": "愛知県", "state_abbr": "愛知", "postcode_prefix": "460"},
    {"city": "豊田", "state": "愛知県", "state_abbr": "愛知", "postcode_prefix": "471"},
    {"city": "岡崎", "state": "愛知県", "state_abbr": "愛知", "postcode_prefix": "444"},
    {"city": "一宮", "state": "愛知県", "state_abbr": "愛知", "postcode_prefix": "491"},
    {"city": "豊橋", "state": "愛知県", "state_abbr": "愛知", "postcode_prefix": "440"},
    {"city": "春日井", "state": "愛知県", "state_abbr": "愛知", "postcode_prefix": "486"},
    {"city": "安城", "state": "愛知県", "state_abbr": "愛知", "postcode_prefix": "446"},
    {"city": "札幌", "state": "北海道", "state_abbr": "北海道", "postcode_prefix": "060"},
    {"city": "すすきの", "state": "北海道", "state_abbr": "北海道", "postcode_prefix": "064"},
    {"city": "函館", "state": "北海道", "state_abbr": "北海道", "postcode_prefix": "040"},
    {"city": "旭川", "state": "北海道", "state_abbr": "北海道", "postcode_prefix": "070"},
    {"city": "帯広", "state": "北海道", "state_abbr": "北海道", "postcode_prefix": "080"},
    {"city": "釧路", "state": "北海道", "state_abbr": "北海道", "postcode_prefix": "085"},
    {"city": "小樽", "state": "北海道", "state_abbr": "北海道", "postcode_prefix": "047"},
    {"city": "北見", "state": "北海道", "state_abbr": "北海道", "postcode_prefix": "090"},
    {"city": "苫小牧", "state": "北海道", "state_abbr": "北海道", "postcode_prefix": "053"},
    {"city": "福岡", "state": "福岡県", "state_abbr": "福岡", "postcode_prefix": "810"},
    {"city": "天神", "state": "福岡県", "state_abbr": "福岡", "postcode_prefix": "810"},
    {"city": "博多", "state": "福岡県", "state_abbr": "福岡", "postcode_prefix": "812"},
    {"city": "北九州", "state": "福岡県", "state_abbr": "福岡", "postcode_prefix": "802"},
    {"city": "久留米", "state": "福岡県", "state_abbr": "福岡", "postcode_prefix": "830"},
    {"city": "飯塚", "state": "福岡県", "state_abbr": "福岡", "postcode_prefix": "820"},
    {"city": "大牟田", "state": "福岡県", "state_abbr": "福岡", "postcode_prefix": "836"},
    {"city": "春日", "state": "福岡県", "state_abbr": "福岡", "postcode_prefix": "816"},
    {"city": "京都", "state": "京都府", "state_abbr": "京都", "postcode_prefix": "600"},
    {"city": "祇園", "state": "京都府", "state_abbr": "京都", "postcode_prefix": "605"},
    {"city": "嵐山", "state": "京都府", "state_abbr": "京都", "postcode_prefix": "616"},
    {"city": "宇治", "state": "京都府", "state_abbr": "京都", "postcode_prefix": "611"},
    {"city": "亀岡", "state": "京都府", "state_abbr": "京都", "postcode_prefix": "621"},
    {"city": "舞鶴", "state": "京都府", "state_abbr": "京都", "postcode_prefix": "625"},
    {"city": "福知山", "state": "京都府", "state_abbr": "京都", "postcode_prefix": "620"},
    {"city": "神戸", "state": "兵庫県", "state_abbr": "兵庫", "postcode_prefix": "650"},
    {"city": "三宮", "state": "兵庫県", "state_abbr": "兵庫", "postcode_prefix": "651"},
    {"city": "姫路", "state": "兵庫県", "state_abbr": "兵庫", "postcode_prefix": "670"},
    {"city": "西宮", "state": "兵庫県", "state_abbr": "兵庫", "postcode_prefix": "662"},
    {"city": "尼崎", "state": "兵庫県", "state_abbr": "兵庫", "postcode_prefix": "660"},
    {"city": "明石", "state": "兵庫県", "state_abbr": "兵庫", "postcode_prefix": "673"},
    {"city": "加古川", "state": "兵庫県", "state_abbr": "兵庫", "postcode_prefix": "675"},
    {"city": "宝塚", "state": "兵庫県", "state_abbr": "兵庫", "postcode_prefix": "665"},
    {"city": "広島", "state": "広島県", "state_abbr": "広島", "postcode_prefix": "730"},
    {"city": "福山", "state": "広島県", "state_abbr": "広島", "postcode_prefix": "720"},
    {"city": "呉", "state": "広島県", "state_abbr": "広島", "postcode_prefix": "737"},
    {"city": "東広島", "state": "広島県", "state_abbr": "広島", "postcode_prefix": "739"},
    {"city": "尾道", "state": "広島県", "state_abbr": "広島", "postcode_prefix": "722"},
    {"city": "三原", "state": "広島県", "state_abbr": "広島", "postcode_prefix": "723"},
    {"city": "仙台", "state": "宮城県", "state_abbr": "宮城", "postcode_prefix": "980"},
    {"city": "石巻", "state": "宮城県", "state_abbr": "宮城", "postcode_prefix": "986"},
    {"city": "大崎", "state": "宮城県", "state_abbr": "宮城", "postcode_prefix": "989"},
    {"city": "名取", "state": "宮城県", "state_abbr": "宮城", "postcode_prefix": "981"},
    {"city": "気仙沼", "state": "宮城県", "state_abbr": "宮城", "postcode_prefix": "988"},
    {"city": "さいたま", "state": "埼玉県", "state_abbr": "埼玉", "postcode_prefix": "330"},
    {"city": "川越", "state": "埼玉県", "state_abbr": "埼玉", "postcode_prefix": "350"},
    {"city": "川口", "state": "埼玉県", "state_abbr": "埼玉", "postcode_prefix": "332"},
    {"city": "越谷", "state": "埼玉県", "state_abbr": "埼玉", "postcode_prefix": "343"},
    {"city": "所沢", "state": "埼玉県", "state_abbr": "埼玉", "postcode_prefix": "359"},
    {"city": "春日部", "state": "埼玉県", "state_abbr": "埼玉", "postcode_prefix": "344"},
    {"city": "草加", "state": "埼玉県", "state_abbr": "埼玉", "postcode_prefix": "340"},
    {"city": "熊谷", "state": "埼玉県", "state_abbr": "埼玉", "postcode_prefix": "360"},
    {"city": "千葉", "state": "千葉県", "state_abbr": "千葉", "postcode_prefix": "260"},
    {"city": "船橋", "state": "千葉県", "state_abbr": "千葉", "postcode_prefix": "273"},
    {"city": "松戸", "state": "千葉県", "state_abbr": "千葉", "postcode_prefix": "271"},
    {"city": "市川", "state": "千葉県", "state_abbr": "千葉", "postcode_prefix": "272"},
    {"city": "柏", "state": "千葉県", "state_abbr": "千葉", "postcode_prefix": "277"},
    {"city": "市原", "state": "千葉県", "state_abbr": "千葉", "postcode_prefix": "290"},
    {"city": "浦安", "state": "千葉県", "state_abbr": "千葉", "postcode_prefix": "279"},
    {"city": "習志野", "state": "千葉県", "state_abbr": "千葉", "postcode_prefix": "275"},
    {"city": "新潟", "state": "新潟県", "state_abbr": "新潟", "postcode_prefix": "950"},
    {"city": "長岡", "state": "新潟県", "state_abbr": "新潟", "postcode_prefix": "940"},
    {"city": "上越", "state": "新潟県", "state_abbr": "新潟", "postcode_prefix": "943"},
    {"city": "三条", "state": "新潟県", "state_abbr": "新潟", "postcode_prefix": "955"},
    {"city": "新発田", "state": "新潟県", "state_abbr": "新潟", "postcode_prefix": "957"},
    {"city": "静岡", "state": "静岡県", "state_abbr": "静岡", "postcode_prefix": "420"},
    {"city": "浜松", "state": "静岡県", "state_abbr": "静岡", "postcode_prefix": "430"},
    {"city": "沼津", "state": "静岡県", "state_abbr": "静岡", "postcode_prefix": "410"},
    {"city": "富士", "state": "静岡県", "state_abbr": "静岡", "postcode_prefix": "416"},
    {"city": "磐田", "state": "静岡県", "state_abbr": "静岡", "postcode_prefix": "438"},
    {"city": "焼津", "state": "静岡県", "state_abbr": "静岡", "postcode_prefix": "425"},
    {"city": "岡山", "state": "岡山県", "state_abbr": "岡山", "postcode_prefix": "700"},
    {"city": "倉敷", "state": "岡山県", "state_abbr": "岡山", "postcode_prefix": "710"},
    {"city": "津山", "state": "岡山県", "state_abbr": "岡山", "postcode_prefix": "708"},
    {"city": "総社", "state": "岡山県", "state_abbr": "岡山", "postcode_prefix": "719"},
    {"city": "那覇", "state": "沖縄県", "state_abbr": "沖縄", "postcode_prefix": "900"},
    {"city": "沖縄", "state": "沖縄県", "state_abbr": "沖縄", "postcode_prefix": "904"},
    {"city": "うるま", "state": "沖縄県", "state_abbr": "沖縄", "postcode_prefix": "904"},
    {"city": "浦添", "state": "沖縄県", "state_abbr": "沖縄", "postcode_prefix": "901"},
    {"city": "宜野湾", "state": "沖縄県", "state_abbr": "沖縄", "postcode_prefix": "901"},
    {"city": "金沢", "state": "石川県", "state_abbr": "石川", "postcode_prefix": "920"},
    {"city": "小松", "state": "石川県", "state_abbr": "石川", "postcode_prefix": "923"},
    {"city": "白山", "state": "石川県", "state_abbr": "石川", "postcode_prefix": "924"},
    {"city": "長野", "state": "長野県", "state_abbr": "長野", "postcode_prefix": "380"},
    {"city": "松本", "state": "長野県", "state_abbr": "長野", "postcode_prefix": "390"},
    {"city": "上田", "state": "長野県", "state_abbr": "長野", "postcode_prefix": "386"},
    {"city": "飯田", "state": "長野県", "state_abbr": "長野", "postcode_prefix": "395"},
    {"city": "諏訪", "state": "長野県", "state_abbr": "長野", "postcode_prefix": "392"}
  ],
  "street_names": [
    "中央",
    "本町",
    "栄町",
    "旭町",
    "緑町",
    "幸町",
    "新町",
    "東町",
    "西町",
    "南町",
    "北町",
    "元町",
    "錦町",
    "若葉町",
    "桜町",
    "松原",
    "梅田",
    "富士見",
    "朝日",
    "青葉",
    "若松",
    "大通",
    "銀座",
    "日本橋",
    "神田",
    "丸の内",
    "八重洲",
    "京橋",
    "日比谷",
    "虎ノ門",
    "新橋",
    "浜松町",
    "田町",
    "高輪",
    "品川",
    "大崎",
    "五反田",
    "目黒",
    "恵比寿",
    "広尾",
    "白金",
    "麻布",
    "赤坂",
    "青山",
    "表参道",
    "原宿",
    "代々木",
    "初台",
    "笹塚",
    "下北沢",
    "三軒茶屋",
    "世田谷",
    "二子玉川",
    "自由が丘",
    "中目黒"
  ],
  "postcode_format": "###-####",
  "address_formats": [
    "{postcode} {state}{city}{street_name}{building_number}",
    "{state}{city}{street_name}{building_number}",
    "〒{postcode} {state}{city}{street_name}{building_number}"
  ],
  "country": "日本",
  "country_code": "JP",
  "phone_area_codes": {
    "東京都": ["03"],
    "神奈川県": ["045", "044", "042", "046"],
    "大阪府": ["06"],
    "愛知県": ["052", "0565", "0564", "0586", "0532"],
    "北海道": ["011", "0138", "0166", "0155", "0154", "0134"],
    "福岡県": ["092", "093", "0942"],
    "京都府": ["075", "0774", "0773"],
    "兵庫県": ["078", "079", "0798", "06"],
    "広島県": ["082", "084", "0823", "082"],
    "宮城県": ["022"],
    "埼玉県": ["048", "049", "04"],
    "千葉県": ["043", "047", "04"],
    "新潟県": ["025"],
    "静岡県": ["054", "053", "055"],
    "岡山県": ["086"],
    "沖縄県": ["098"],
    "石川県": ["076"],
    "長野県": ["026", "0263", "0268"]
  }
}
