{
  "locations": [
    {"city": "Mumbai", "state": "Maharashtra", "state_abbr": "MH", "postcode_prefix": "400", "lat_min": 18.96, "lat_max": 19.06, "lon_min": 72.82, "lon_max": 72.92},
    {"city": "Delhi", "state": "Delhi", "state_abbr": "DL", "postcode_prefix": "110", "lat_min": 28.58, "lat_max": 28.68, "lon_min": 77.18, "lon_max": 77.28},
    {"city": "Bengaluru", "state": "Karnataka", "state_abbr": "KA", "postcode_prefix": "560", "lat_min": 12.92, "lat_max": 13.02, "lon_min": 77.56, "lon_max": 77.66},
    {"city": "Hyderabad", "state": "Telangana", "state_abbr": "TG", "postcode_prefix": "500", "lat_min": 17.36, "lat_max": 17.46, "lon_min": 78.44, "lon_max": 78.54},
    {"city": "Chennai", "state": "Tamil Nadu", "state_abbr": "TN", "postcode_prefix": "600", "lat_min": 13.04, "lat_max": 13.14, "lon_min": 80.22, "lon_max": 80.32},
    {"city": "Kolkata", "state": "West Bengal", "state_abbr": "WB", "postcode_prefix": "700", "lat_min": 22.52, "lat_max": 22.62, "lon_min": 88.32, "lon_max": 88.42},
    {"city": "Ahmedabad", "state": "Gujarat", "state_abbr": "GJ", "postcode_prefix": "380", "lat_min": 23.00, "lat_max": 23.10, "lon_min": 72.54, "lon_max": 72.64},
    {"city": "Pune", "state": "Maharashtra", "state_abbr": "MH", "postcode_prefix": "411", "lat_min": 18.50, "lat_max": 18.60, "lon_min": 73.82, "lon_max": 73.92},
    {"city": "Jaipur", "state": "Rajasthan", "state_abbr": "RJ", "postcode_prefix": "302", "lat_min": 26.88, "lat_max": 26.98, "lon_min": 75.76, "lon_max": 75.86},
    {"city": "Lucknow", "state": "Uttar Pradesh", "state_abbr": "UP", "postcode_prefix": "226", "lat_min": 26.82, "lat_max": 26.92, "lon_min": 80.90, "lon_max": 81.00},
    {"city": "Kanpur", "state": "Uttar Pradesh", "state_abbr": "UP", "postcode_prefix": "208", "lat_min": 26.44, "lat_max": 26.54, "lon_min": 80.32, "lon_max": 80.42},
    {"city": "Nagpur", "state": "Maharashtra", "state_abbr": "MH", "postcode_prefix": "440", "lat_min": 21.12, "lat_max": 21.22, "lon_min": 79.04, "lon_max": 79.14},
    {"city": "Indore", "state": "Madhya Pradesh", "state_abbr": "MP", "postcode_prefix": "452", "lat_min": 22.68, "lat_max": 22.78, "lon_min": 75.84, "lon_max": 75.94},
    {"city": "Thane", "state": "Maharashtra", "state_abbr": "MH", "postcode_prefix": "400", "lat_min": 19.18, "lat_max": 19.28, "lon_min": 72.96, "lon_max": 73.06},
    {"city": "Bhopal", "state": "Madhya Pradesh", "state_abbr": "MP", "postcode_prefix": "462", "lat_min": 23.24, "lat_max": 23.34, "lon_min": 77.38, "lon_max": 77.48},
    {"city": "Visakhapatnam", "state": "Andhra Pradesh", "state_abbr": "AP", "postcode_prefix": "530", "lat_min": 17.68, "lat_max": 17.78, "lon_min": 83.20, "lon_max": 83.30},
    {"city": "Patna", "state": "Bihar", "state_abbr": "BR", "postcode_prefix": "800", "lat_min": 25.58, "lat_max": 25.68, "lon_min": 85.10, "lon_max": 85.20},
    {"city": "Vadodara", "state": "Gujarat", "state_abbr": "GJ", "postcode_prefix": "390", "lat_min": 22.28, "lat_max": 22.38, "lon_min": 73.16, "lon_max": 73.26},
    {"city": "Ghaziabad", "state": "Uttar Pradesh", "state_abbr": "UP", "postcode_prefix": "201", "lat_min": 28.64, "lat_max": 28.74, "lon_min": 77.42, "lon_max": 77.52},
    {"city": "Ludhiana", "state": "Punjab", "state_abbr": "PB", "postcode_prefix": "141", "lat_min": 30.86, "lat_max": 30.96, "lon_min": 75.82, "lon_max": 75.92},
    {"city": "Agra", "state": "Uttar Pradesh", "state_abbr": "UP", "postcode_prefix": "282", "lat_min": 27.16, "lat_max": 27.26, "lon_min": 78.00, "lon_max": 78.10},
    {"city": "Nashik", "state": "Maharashtra", "state_abbr": "MH", "postcode_prefix": "422", "lat_min": 19.98, "lat_max": 20.08, "lon_min": 73.76, "lon_max": 73.86},
    {"city": "Surat", "state": "Gujarat", "state_abbr": "GJ", "postcode_prefix": "395", "lat_min": 21.16, "lat_max": 21.26, "lon_min": 72.78, "lon_max": 72.88},
    {"city": "Varanasi", "state": "Uttar Pradesh", "state_abbr": "UP", "postcode_prefix": "221", "lat_min": 25.28, "lat_max": 25.38, "lon_min": 82.98, "lon_max": 83.08},
    {"city": "Chandigarh", "state": "Chandigarh", "state_abbr": "CH", "postcode_prefix": "160", "lat_min": 30.72, "lat_max": 30.82, "lon_min": 76.76, "lon_max": 76.86},
    {"city": "Coimbatore", "state": "Tamil Nadu", "state_abbr": "TN", "postcode_prefix": "641", "lat_min": 11.00, "lat_max": 11.10, "lon_min": 76.94, "lon_max": 77.04},
    {"city": "Kochi", "state": "Kerala", "state_abbr": "KL", "postcode_prefix": "682", "lat_min": 9.94, "lat_max": 10.04, "lon_min": 76.24, "lon_max": 76.34},
    {"city": "Thiruvananthapuram", "state": "Kerala", "state_abbr": "KL", "postcode_prefix": "695", "lat_min": 8.48, "lat_max": 8.58, "lon_min": 76.92, "lon_max": 77.02},
    {"city": "Gurgaon", "state": "Haryana", "state_abbr": "HR", "postcode_prefix": "122", "lat_min": 28.44, "lat_max": 28.54, "lon_min": 77.00, "lon_max": 77.10},
    {"city": "Noida", "state": "Uttar Pradesh", "state_abbr": "UP", "postcode_prefix": "201", "lat_min": 28.54, "lat_max": 28.64, "lon_min": 77.32, "lon_max": 77.42}
  ],
  "streets_by_city": {
    "Mumbai": ["Marine Drive", "Linking Road", "SV Road", "LBS Marg", "Western Express Highway", "Juhu Tara Road", "Hill Road", "Carter Road", "Colaba Causeway", "MG Road", "Pedder Road", "Nepean Sea Road", "Warden Road", "Cadell Road", "Turner Road", "Bandra West Main Road", "Pali Hill Road", "Bandstand Promenade", "Worli Sea Face", "Nariman Point", "Churchgate Street", "Flora Fountain", "Horniman Circle", "Shahid Bhagat Singh Road", "Dr DN Road", "Princess Street", "Lamington Road", "Grant Road", "Sandhurst Road", "VP Road"],
    "Delhi": ["Connaught Place", "Chandni Chowk", "Rajpath", "India Gate", "Karol Bagh", "Lajpat Nagar", "Nehru Place", "Sarojini Nagar", "Greater Kailash", "Defence Colony", "Hauz Khas", "Vasant Kunj", "Dwarka", "Rohini", "Pitampura", "Model Town", "Civil Lines", "Kashmere Gate", "Daryaganj", "ITO", "Pragati Maidan", "Janpath", "Barakhamba Road", "Tolstoy Marg", "Kasturba Gandhi Marg", "Sansad Marg", "Ashoka Road", "Akbar Road", "Aurangzeb Road", "Lodhi Road"],
    "Bengaluru": ["MG Road", "Brigade Road", "Commercial Street", "Indiranagar Main Road", "Koramangala 4th Block", "Whitefield Main Road", "Jayanagar 4th Block", "Malleshwaram Main Road", "Electronic City Phase 1", "Bannerghatta Road", "Outer Ring Road", "Hosur Road", "Mysore Road", "Bellary Road", "Old Airport Road", "HAL Airport Road", "Cunningham Road", "Residency Road", "Vittal Mallya Road", "Lavelle Road", "Church Street", "Rest House Road", "Infantry Road", "Kasturba Road", "Race Course Road", "Palace Road", "Sankey Road", "Sadashivanagar Main Road", "RT Nagar Main Road", "Hennur Main Road"],
    "Hyderabad": ["Banjara Hills Road No 1", "Jubilee Hills Road No 36", "Hitech City Main Road", "Madhapur Main Road", "Secunderabad Parade Ground", "Ameerpet Main Road", "Kukatpally Main Road", "Gachibowli Main Road", "Begumpet Main Road", "Somajiguda Circle", "Abids", "Nampally Station Road", "Tank Bund Road", "Necklace Road", "Hussain Sagar", "Basheerbagh", "Koti Main Road", "Dilsukhnagar Main Road", "LB Nagar Ring Road", "Uppal Main Road", "ECIL Cross Roads", "Malkajgiri Main Road", "Bowenpally Main Road", "Kompally Main Road", "Miyapur Main Road", "Chandanagar Main Road", "Lingampally Main Road", "Manikonda Main Road", "Narsingi Main Road", "Kokapet Main Road"],
    "Chennai": ["Anna Salai", "Mount Road", "T Nagar Main Road", "Adyar Main Road", "Nungambakkam High Road", "OMR Road", "ECR Road", "Mylapore Main Road", "Besant Nagar Beach Road", "Velachery Main Road", "Thiruvanmiyur Main Road", "Kotturpuram Main Road", "Raja Annamalai Puram", "Boat Club Road", "TTK Road", "Dr Radhakrishnan Salai", "Cathedral Road", "Chamiers Road", "Eldams Road", "Harrington Road", "Poonamallee High Road", "EVR Periyar Salai", "NSC Bose Road", "Kamarajar Salai", "Marina Beach Road", "RK Salai", "Gandhi Irwin Road", "Peters Road", "Whites Road", "Greams Road"],
    "Kolkata": ["Park Street", "Camac Street", "AJC Bose Road", "Salt Lake Sector V", "New Town Action Area", "Esplanade", "Gariahat Road", "Ballygunge Circular Road", "Alipore Road", "Howrah Bridge Road", "Chowringhee Road", "Free School Street", "Shakespeare Sarani", "Theatre Road", "Elgin Road", "Ashutosh Mukherjee Road", "Rashbehari Avenue", "SP Mukherjee Road", "EM Bypass", "VIP Road", "Ultadanga Main Road", "Dum Dum Road", "Barrackpore Trunk Road", "BT Road", "Jessore Road", "Diamond Harbour Road", "Tollygunge Main Road", "Prince Anwar Shah Road", "Southern Avenue", "Lake Gardens Main Road"],
    "Ahmedabad": ["CG Road", "SG Highway", "Ashram Road", "Law Garden Road", "Navrangpura Main Road", "Satellite Road", "Prahlad Nagar Main Road", "Vastrapur Main Road", "Ellis Bridge Main Road", "Paldi Main Road", "Maninagar Main Road", "Kalupur Main Road", "Relief Road", "Gandhi Road", "Tilak Road", "Stadium Road", "University Road", "Commerce Six Roads", "Mithakhali Six Roads", "Gurukul Road", "Drive In Road", "Thaltej Cross Road", "Bodakdev Main Road", "Jodhpur Cross Road", "Shivranjani Cross Road", "Nehru Bridge", "Income Tax Circle", "Helmet Circle", "Vijay Cross Road", "Panchwati Circle"],
    "Pune": ["MG Road", "FC Road", "JM Road", "Koregaon Park Main Road", "Hinjewadi Phase 1", "Baner Road", "Kothrud Main Road", "Aundh Main Road", "Shivajinagar Main Road", "Deccan Gymkhana", "Law College Road", "Senapati Bapat Road", "Karve Road", "Prabhat Road", "Bhandarkar Road", "Model Colony Main Road", "Salisbury Park Main Road", "Boat Club Road", "Boat Club Road", "NIBM Road", "Kondhwa Main Road", "Hadapsar Main Road", "Magarpatta Road", "Kharadi Main Road", "Viman Nagar Main Road", "Kalyani Nagar Main Road", "Yerwada Main Road", "Nagar Road", "Ahmednagar Road", "Solapur Road"],
    "Jaipur": ["MI Road", "JLN Marg", "Tonk Road", "Ajmer Road", "C Scheme Main Road", "Malviya Nagar Main Road", "Vaishali Nagar Main Road", "Raja Park Main Road", "Mansarovar Main Road", "Bani Park Main Road", "Civil Lines", "Station Road", "Sindhi Camp", "Sanganeri Gate", "Agra Gate", "Hawa Mahal Road", "Tripolia Bazar", "Johari Bazar", "Bapu Bazar", "Nehru Bazar", "Chaura Rasta", "Kishanpole Bazar", "Chandpole Bazar", "Gopinath Marg", "Sansar Chandra Road", "Ashok Marg", "Sawai Ram Singh Road", "Amber Road", "Delhi Road", "Sikar Road"],
    "Lucknow": ["Hazratganj Main Road", "Aminabad Main Road", "Gomti Nagar Main Road", "Indira Nagar Main Road", "Aliganj Main Road", "Alambagh Main Road", "Mahanagar Main Road", "Charbagh Station Road", "Ashok Marg", "Vidhan Sabha Marg", "Sapru Marg", "Faizabad Road", "Sitapur Road", "Kanpur Road", "Shaheed Path", "Lohia Path", "Atal Path", "Butler Road", "Hewett Road", "Mall Avenue", "Park Road", "Cantonment Road", "MG Road", "Rani Laxmi Bai Marg", "Subhash Marg", "Tilak Marg", "Patel Marg", "Nehru Marg", "Gandhi Marg", "Sardar Patel Marg"],
    "Kanpur": ["Mall Road", "MG Road", "Birhana Road", "Swaroop Nagar Main Road", "Civil Lines", "Kidwai Nagar Main Road", "Govind Nagar Main Road", "Kakadeo Main Road", "Harsh Nagar Main Road", "Naveen Market", "GT Road", "Hamirpur Road", "Kalpi Road", "Jhansi Road", "Lucknow Road", "Kanpur Central Station Road", "Parade Ground", "Phool Bagh", "Meston Road", "The Mall", "Cantonment Road", "Arya Nagar Main Road", "Shastri Nagar Main Road", "Kakadev Main Road", "Rawatpur Main Road", "Panki Main Road", "Vijay Nagar Main Road", "Nirala Nagar Main Road", "Ashok Nagar Main Road", "Tilak Nagar Main Road"],
    "Nagpur": ["Sitabuldi Main Road", "Dharampeth Main Road", "Civil Lines", "Sadar Main Road", "Ramdaspeth Main Road", "Wardha Road", "Hingna Road", "Ganeshpeth Main Road", "Itwari Main Road", "CA Road", "Central Avenue", "Kingsway", "Palm Road", "Temple Road", "North Ambazari Road", "South Ambazari Road", "Law College Square", "Medical Square", "Variety Square", "Cotton Market Road", "Empress Mill Road", "Kasturchand Park", "Laxmi Nagar Main Road", "Pratap Nagar Main Road", "Manewada Road", "Besa Road", "Koradi Road", "Amravati Road", "Kamptee Road", "Umred Road"],
    "Indore": ["MG Road", "Rajwada Main Road", "Sapna Sangeeta Road", "Vijay Nagar Main Road", "Palasia Main Road", "AB Road", "Ring Road", "New Palasia Main Road", "Geeta Bhawan Main Road", "LIG Colony Main Road", "Treasure Island Road", "Race Course Road", "High Court Road", "Khandwa Road", "Bypass Road", "Bombay Hospital Road", "Navlakha Main Road", "Annapurna Road", "Sudama Nagar Main Road", "Scheme No 54", "Scheme No 78", "Scheme No 94", "Bhanwarkuan Main Road", "Bhawarkua Square", "Regal Square", "Chhappan Dukan Road", "56 Shops Road", "Sarafa Bazar", "Rajwada Chowk", "Holkar Stadium Road"],
    "Thane": ["Ghodbunder Road", "Pokhran Road No 1", "Eastern Express Highway", "Teen Hath Naka", "Majiwada Main Road", "Wagle Estate Main Road", "Vartak Nagar Main Road", "Hiranandani Estate Main Road", "Naupada Main Road", "Panchpakhadi Main Road", "Kopri Main Road", "Cadbury Junction", "Manpada Main Road", "Kolshet Road", "Brahmand Main Road", "Vasant Vihar Main Road", "Anand Nagar Main Road", "Balkum Main Road", "Kalwa Main Road", "Mumbra Main Road", "Diva Main Road", "Bhiwandi Road", "Shil Phata Road", "Khopat Main Road", "Ram Maruti Road", "Shivaji Path", "Nehru Road", "Talav Pali Road", "Station Road", "Old Agra Road"],
    "Bhopal": ["MP Nagar Zone 1", "New Market Main Road", "Arera Colony Main Road", "Shahpura Main Road", "Kolar Road", "Hoshangabad Road", "BHEL Main Road", "Habibganj Main Road", "TT Nagar Main Road", "Bairagarh Main Road", "Malviya Nagar Main Road", "Govindpura Main Road", "Karond Main Road", "Ayodhya Bypass", "Raisen Road", "Sehore Road", "Vidisha Road", "Indore Road", "Hamidia Road", "Sultania Road", "Peer Gate Road", "Bittan Market", "Chowk Bazar", "10 Number Market", "DB Mall Road", "Aashima Mall Road", "Danish Kunj", "Katara Hills", "Misrod Main Road", "Mandideep Road"],
    "Visakhapatnam": ["Beach Road", "Dwaraka Nagar Main Road", "MVP Colony Main Road", "Siripuram Main Road", "Waltair Main Road", "Seethammadhara Main Road", "Madhurawada Main Road", "Rushikonda Beach Road", "Gajuwaka Main Road", "NAD Junction", "RK Beach Road", "Ramakrishna Beach", "Lawsons Bay Colony", "Kirlampudi Layout", "Asilmetta Main Road", "Jagadamba Junction", "One Town Main Road", "Maharanipeta Main Road", "Dabagardens Main Road", "Akkayyapalem Main Road", "Kancharapalem Main Road", "Pendurthi Main Road", "Simhachalam Main Road", "Steel Plant Road", "Gopalapatnam Main Road", "Kurmannapalem Main Road", "Malkapuram Main Road", "Old Gajuwaka Road", "Sheela Nagar Main Road", "Kommadi Main Road"],
    "Patna": ["Fraser Road", "Bailey Road", "Boring Road", "Exhibition Road", "Dak Bungalow Road", "Buddha Marg", "Ashok Rajpath", "Kankarbagh Main Road", "Patliputra Colony Main Road", "Rajendra Nagar Main Road", "Shastri Nagar Main Road", "Anisabad Main Road", "Gardanibagh Main Road", "Kidwaipuri Main Road", "Agamkuan Main Road", "Gandhi Maidan", "Danapur Main Road", "Khagaul Main Road", "Phulwari Sharif Road", "Danapur Cantonment Road", "Mahendru Main Road", "Bankipore Main Road", "Adalatganj Main Road", "Chajju Bagh", "Rajapur Main Road", "Mithapur Main Road", "Jakkanpur Main Road", "Saguna More", "Khemni Chak Road", "Bypass Road"],
    "Vadodara": ["Alkapuri Main Road", "Race Course Road", "Sayajigunj Main Road", "Fatehgunj Main Road", "Manjalpur Main Road", "Karelibaug Main Road", "Old Padra Road", "Gotri Road", "Akota Main Road", "Waghodia Road", "Subhanpura Main Road", "Vasna Bhayli Road", "Sama Savli Road", "Harni Road", "Makarpura Road", "GIDC Road", "Refinery Road", "Ajwa Road", "Dabhoi Road", "Airport Road", "Productivity Road", "Dandia Bazar", "Raopura Main Road", "Mandvi Main Road", "Nyay Mandir Road", "Sursagar Lake Road", "Kirti Stambh Road", "Nazarbaug Road", "Tilak Road", "RC Dutt Road"],
    "Ghaziabad": ["Raj Nagar Main Road", "Vaishali Main Road", "Indirapuram Main Road", "Kaushambi Main Road", "Vasundhara Main Road", "Mohan Nagar Main Road", "Nehru Nagar Main Road", "Navyug Market", "GT Road", "NH24", "Lohia Nagar Main Road", "Sahibabad Main Road", "Kavi Nagar Main Road", "Shalimar Garden Main Road", "Rajendra Nagar Main Road", "Shastri Nagar Main Road", "Govindpuram Main Road", "Vijay Nagar Main Road", "Pratap Vihar Main Road", "Nandgram Main Road", "Crossing Republic Main Road", "Hindon Air Force Road", "Wave City Road", "Siddharth Vihar Main Road", "Tronica City Road", "Modi Nagar Road", "Hapur Road", "Meerut Road", "Dasna Road", "Bulandshahr Road"],
    "Ludhiana": ["Ferozepur Road", "Mall Road", "Clock Tower Road", "Pakhowal Road", "Model Town Main Road", "Civil Lines", "Dugri Main Road", "BRS Nagar Main Road", "Sarabha Nagar Main Road", "Rajguru Nagar Main Road", "Kitchlu Nagar Main Road", "Ghumar Mandi", "Chaura Bazar", "Field Ganj", "Gill Road", "Sherpur Chowk", "GT Road", "Hambran Road", "Chandigarh Road", "Jalandhar Road", "Delhi Road", "Malerkotla Road", "Brown Road", "Lawrence Road", "Gujral Nagar Main Road", "Sherpur Main Road", "Haibowal Main Road", "Focal Point Road", "Industrial Area Road", "SAS Nagar Road"],
    "Agra": ["MG Road", "Sanjay Place", "Taj Road", "Fatehabad Road", "Sikandra Main Road", "Civil Lines", "Dayalbagh Main Road", "Kamla Nagar Main Road", "Raja Mandi Main Road", "Shahganj Main Road", "Sadar Bazar", "Rawatpara", "Lohamandi", "Belanganj", "Pratappura", "Wazirpura Main Road", "Shamsabad Road", "Agra Fort Road", "Yamuna Expressway", "NH2", "Mathura Road", "Delhi Road", "Gwalior Road", "Firozabad Road", "Etmadpur Road", "Keetham Lake Road", "Dayal Bagh Road", "Shaheed Nagar Main Road", "Shastripuram Main Road", "Bodla Road"],
    "Nashik": ["College Road", "Gangapur Road", "Trimbak Road", "Mumbai Agra Road", "Canada Corner", "Panchavati Main Road", "Nashik Road", "Satpur MIDC Road", "Cidco Main Road", "Dwarka Main Road", "Pathardi Phata", "Untwadi Road", "Mahatma Nagar Main Road", "Indira Nagar Main Road", "Mhasrul Road", "Ashok Stambh", "Shalimar Main Road", "Rane Nagar Main Road", "Pipeline Road", "Station Road", "Bytco Point", "Sharanpur Road", "Rajiv Gandhi Bhawan Road", "Old Agra Road", "New Agra Road", "Wadala Road", "Gangapur Dam Road", "Govardhan Road", "Jail Road", "Sinnar Road"],
    "Surat": ["Ring Road", "Athwa Gate", "Adajan Main Road", "Vesu Main Road", "Piplod Main Road", "City Light Road", "Varachha Road", "Udhna Main Road", "Dumas Road", "Parle Point Main Road", "Bhatar Road", "Ghod Dod Road", "Magdalla Road", "Pal Main Road", "Althan Main Road", "Canal Road", "Rander Road", "Katargam Main Road", "Sachin GIDC Road", "Hazira Road", "Kim Road", "Navsari Road", "Bardoli Road", "Kosad Road", "Kamrej Road", "Sayan Road", "Jahangirpura Main Road", "LP Savani Road", "VIP Road", "New Civil Road"],
    "Varanasi": ["Godowlia Main Road", "Lanka Main Road", "Sigra Main Road", "Bhelupur Main Road", "Cantonment Main Road", "Assi Ghat Road", "Dashashwamedh Road", "Maldahiya Main Road", "Nadesar Main Road", "Rathyatra Main Road", "Lahurabir Main Road", "Chetganj Main Road", "Kabir Chaura Main Road", "Vishwesharganj", "Gurubagh Road", "Luxa Road", "Sonarpura Road", "Banaras Hindu University Road", "Durgakund Road", "Sankat Mochan Road", "Tulsi Ghat Road", "Hanuman Ghat Road", "Panchganga Ghat Road", "Manikarnika Ghat Road", "Raj Ghat Road", "GT Road", "Sarnath Road", "Varanasi Junction Road", "Mirzamurad Road", "Paharia Road"],
    "Chandigarh": ["Sector 17 Main Market", "Sector 22 Main Market", "Sector 35 Main Road", "Industrial Area Phase 1", "IT Park Main Road", "Madhya Marg", "Dakshin Marg", "Himalaya Marg", "Jan Marg", "Udyog Path", "Purv Marg", "Uttar Marg", "Tribune Chowk", "Matka Chowk", "Shastri Chowk", "Sector 8 Main Road", "Sector 9 Main Road", "Sector 10 Main Road", "Sector 11 Main Road", "Sector 15 Main Road", "Sector 16 Main Road", "Sector 18 Main Road", "Sector 19 Main Road", "Sector 21 Main Road", "Sector 26 Main Road", "Sector 34 Main Road", "Sector 43 Main Road", "Sector 44 Main Road", "Airport Road", "Zirakpur Road"],
    "Coimbatore": ["RS Puram Main Road", "Gandhipuram Main Road", "Race Course Road", "Avinashi Road", "Sathyamangalam Road", "Mettupalayam Road", "Trichy Road", "Saibaba Colony Main Road", "Peelamedu Main Road", "Singanallur Main Road", "Ukkadam Main Road", "Town Hall Road", "Big Bazaar Street", "Cross Cut Road", "DB Road", "NSR Road", "Bharathi Park Road", "Nanjundapuram Road", "Ramanathapuram Main Road", "Ganapathy Main Road", "Vadavalli Main Road", "Thudiyalur Main Road", "Kalapatti Road", "Goldwins Main Road", "Podanur Main Road", "Kuniyamuthur Main Road", "Kovaipudur Main Road", "Perur Main Road", "Sulur Road", "Pollachi Road"],
    "Kochi": ["MG Road", "Marine Drive", "Banerji Road", "SA Road", "Edappally Main Road", "Kakkanad Main Road", "Panampilly Nagar Main Road", "Kaloor Main Road", "Vytilla Junction", "Fort Kochi Main Road", "Mattancherry Main Road", "Jew Town Road", "Princess Street", "Bazaar Road", "Shanmugham Road", "TD Road", "Broadway Road", "Chittoor Road", "Ravipuram Road", "Kadavanthra Main Road", "Palarivattom Main Road", "Vyttila Main Road", "Thripunithura Main Road", "Maradu Main Road", "Petta Main Road", "Aluva Main Road", "Kalamassery Main Road", "Thrikkakara Main Road", "Infopark Road", "Smart City Road"],
    "Thiruvananthapuram": ["MG Road", "Statue Road", "Kowdiar Main Road", "Vazhuthacaud Main Road", "Pattom Main Road", "Kesavadasapuram Main Road", "Kazhakkoottam Main Road", "Technopark Main Road", "East Fort Main Road", "Palayam Main Road", "Thampanoor Main Road", "Overbridge Road", "Museum Road", "Nanthancode Main Road", "Vellayambalam Main Road", "Sasthamangalam Main Road", "Kanaka Nagar Main Road", "Jagathy Main Road", "Thycaud Main Road", "PMG Junction", "Bakery Junction", "Killippalam Main Road", "Peroorkada Main Road", "Nedumangad Road", "Varkala Road", "Kovalam Road", "Vizhinjam Road", "Airport Road", "Sreekariyam Main Road", "Kazhakoottam IT Road"],
    "Gurgaon": ["MG Road", "Sohna Road", "Golf Course Road", "DLF Phase 1 Main Road", "Cyber City Main Road", "Sector 29 Main Road", "IFFCO Chowk", "Udyog Vihar Main Road", "Huda City Centre", "South City Main Road", "Sector 14 Main Road", "Sector 15 Main Road", "Sector 17 Main Road", "Sector 31 Main Road", "Sector 43 Main Road", "Sector 44 Main Road", "Sector 45 Main Road", "Sector 49 Main Road", "Sector 56 Main Road", "Sector 57 Main Road", "Old Delhi Road", "NH8", "Dwarka Expressway", "SPR Road", "Golf Course Extension Road", "Palam Vihar Main Road", "DLF Phase 5 Main Road", "Nirvana Country Main Road", "Malibu Town Main Road", "Ardee City Main Road"],
    "Noida": ["Sector 18 Main Road", "Sector 62 Main Road", "Sector 63 Main Road", "Film City Road", "Greater Noida Expressway", "Sector 15 Main Road", "Sector 16 Main Road", "Atta Market Road", "Botanical Garden Road", "Electronic City Main Road", "Sector 12 Main Road", "Sector 25 Main Road", "Sector 27 Main Road", "Sector 32 Main Road", "Sector 37 Main Road", "Sector 44 Main Road", "Sector 50 Main Road", "Sector 51 Main Road", "Sector 52 Main Road", "Sector 61 Main Road", "Sector 73 Main Road", "Sector 74 Main Road", "Sector 75 Main Road", "Sector 76 Main Road", "Sector 93 Main Road", "Sector 104 Main Road", "Sector 127 Main Road", "Sector 128 Main Road", "Sector 137 Main Road", "Sector 143 Main Road"]
  },
  "postcode_format": "######",
  "address_formats": [
    "{building_number}, {street}, {city} - {postcode}",
    "Flat {unit}, {building_number}, {street}, {city} - {postcode}",
    "{building_number}/{unit}, {street}, {city}, {state_abbr} - {postcode}"
  ],
  "country": "India",
  "country_code": "IN",
  "phone_area_codes": {
    "Maharashtra": ["22", "20"],
    "Delhi": ["11"],
    "Karnataka": ["80"],
    "Telangana": ["40"],
    "Tamil Nadu": ["44", "422"],
    "West Bengal": ["33"],
    "Gujarat": ["79", "265"],
    "Rajasthan": ["141"],
    "Uttar Pradesh": ["522", "512", "562", "542"],
    "Madhya Pradesh": ["731", "755"],
    "Andhra Pradesh": ["891"],
    "Bihar": ["612"],
    "Punjab": ["161"],
    "Chandigarh": ["172"],
    "Kerala": ["484", "471"],
    "Haryana": ["124"]
  }
}
