{
  "locations": {
    "very_common": [
      {
        "city": "Kampala",
        "state": "Central",
        "state_abbr": "C",
        "postcode_prefix": "256",
        "lat_min": 0.29,
        "lat_max": 0.35,
        "lon_min": 32.55,
        "lon_max": 32.63
      },
      {
        "city": "Wakiso",
        "state": "Central",
        "state_abbr": "C",
        "postcode_prefix": "256",
        "lat_min": 0.37,
        "lat_max": 0.42,
        "lon_min": 32.44,
        "lon_max": 32.52
      },
      {
        "city": "Mukono",
        "state": "Central",
        "state_abbr": "C",
        "postcode_prefix": "256",
        "lat_min": 0.34,
        "lat_max": 0.37,
        "lon_min": 32.74,
        "lon_max": 32.78
      }
    ],
    "common": [
      {
        "city": "Gulu",
        "state": "Northern",
        "state_abbr": "N",
        "postcode_prefix": "256",
        "lat_min": 2.76,
        "lat_max": 2.79,
        "lon_min": 32.28,
        "lon_max": 32.31
      },
      {
        "city": "Lira",
        "state": "Northern",
        "state_abbr": "N",
        "postcode_prefix": "256",
        "lat_min": 2.24,
        "lat_max": 2.26,
        "lon_min": 32.53,
        "lon_max": 32.55
      },
      {
        "city": "Mbarara",
        "state": "Western",
        "state_abbr": "W",
        "postcode_prefix": "256",
        "lat_min": -0.61,
        "lat_max": -0.59,
        "lon_min": 30.64,
        "lon_max": 30.67
      },
      {
        "city": "Jinja",
        "state": "Eastern",
        "state_abbr": "E",
        "postcode_prefix": "256",
        "lat_min": 0.42,
        "lat_max": 0.45,
        "lon_min": 33.18,
        "lon_max": 33.22
      },
      {
        "city": "Entebbe",
        "state": "Central",
        "state_abbr": "C",
        "postcode_prefix": "256",
        "lat_min": 0.04,
        "lat_max": 0.07,
        "lon_min": 32.44,
        "lon_max": 32.48
      },
      {
        "city": "Mbale",
        "state": "Eastern",
        "state_abbr": "E",
        "postcode_prefix": "256",
        "lat_min": 1.07,
        "lat_max": 1.09,
        "lon_min": 34.17,
        "lon_max": 34.19
      }
    ],
    "uncommon": [
      {
        "city": "Fort Portal",
        "state": "Western",
        "state_abbr": "W",
        "postcode_prefix": "256",
        "lat_min": 0.65,
        "lat_max": 0.67,
        "lon_min": 30.27,
        "lon_max": 30.29
      },
      {
        "city": "Masaka",
        "state": "Central",
        "state_abbr": "C",
        "postcode_prefix": "256",
        "lat_min": -0.35,
        "lat_max": -0.33,
        "lon_min": 31.73,
        "lon_max": 31.75
      },
      {
        "city": "Kasese",
        "state": "Western",
        "state_abbr": "W",
        "postcode_prefix": "256",
        "lat_min": 0.18,
        "lat_max": 0.20,
        "lon_min": 30.08,
        "lon_max": 30.10
      },
      {
        "city": "Soroti",
        "state": "Eastern",
        "state_abbr": "E",
        "postcode_prefix": "256",
        "lat_min": 1.71,
        "lat_max": 1.73,
        "lon_min": 33.61,
        "lon_max": 33.63
      },
      {
        "city": "Arua",
        "state": "Northern",
        "state_abbr": "N",
        "postcode_prefix": "256",
        "lat_min": 3.02,
        "lat_max": 3.04,
        "lon_min": 30.90,
        "lon_max": 30.92
      },
      {
        "city": "Kabale",
        "state": "Western",
        "state_abbr": "W",
        "postcode_prefix": "256",
        "lat_min": -1.25,
        "lat_max": -1.23,
        "lon_min": 29.98,
        "lon_max": 30.00
      },
      {
        "city": "Tororo",
        "state": "Eastern",
        "state_abbr": "E",
        "postcode_prefix": "256",
        "lat_min": 0.69,
        "lat_max": 0.71,
        "lon_min": 34.17,
        "lon_max": 34.19
      },
      {
        "city": "Iganga",
        "state": "Eastern",
        "state_abbr": "E",
        "postcode_prefix": "256",
        "lat_min": 0.60,
        "lat_max": 0.62,
        "lon_min": 33.48,
        "lon_max": 33.50
      },
      {
        "city": "Hoima",
        "state": "Western",
        "state_abbr": "W",
        "postcode_prefix": "256",
        "lat_min": 1.43,
        "lat_max": 1.45,
        "lon_min": 31.35,
        "lon_max": 31.37
      }
    ],
    "rare": [
      {
        "city": "Mityana",
        "state": "Central",
        "state_abbr": "C",
        "postcode_prefix": "256",
        "lat_min": 0.40,
        "lat_max": 0.42,
        "lon_min": 32.02,
        "lon_max": 32.04
      },
      {
        "city": "Masindi",
        "state": "Western",
        "state_abbr": "W",
        "postcode_prefix": "256",
        "lat_min": 1.68,
        "lat_max": 1.70,
        "lon_min": 31.70,
        "lon_max": 31.72
      },
      {
        "city": "Kitgum",
        "state": "Northern",
        "state_abbr": "N",
        "postcode_prefix": "256",
        "lat_min": 3.28,
        "lat_max": 3.30,
        "lon_min": 32.88,
        "lon_max": 32.90
      },
      {
        "city": "Moroto",
        "state": "Northern",
        "state_abbr": "N",
        "postcode_prefix": "256",
        "lat_min": 2.53,
        "lat_max": 2.55,
        "lon_min": 34.66,
        "lon_max": 34.68
      },
      {
        "city": "Bushenyi",
        "state": "Western",
        "state_abbr": "W",
        "postcode_prefix": "256",
        "lat_min": -0.55,
        "lat_max": -0.53,
        "lon_min": 30.18,
        "lon_max": 30.20
      },
      {
        "city": "Ntungamo",
        "state": "Western",
        "state_abbr": "W",
        "postcode_prefix": "256",
        "lat_min": -0.88,
        "lat_max": -0.86,
        "lon_min": 30.26,
        "lon_max": 30.28
      },
      {
        "city": "Rukungiri",
        "state": "Western",
        "state_abbr": "W",
        "postcode_prefix": "256",
        "lat_min": -0.79,
        "lat_max": -0.77,
        "lon_min": 29.94,
        "lon_max": 29.96
      },
      {
        "city": "Busia",
        "state": "Eastern",
        "state_abbr": "E",
        "postcode_prefix": "256",
        "lat_min": 0.45,
        "lat_max": 0.47,
        "lon_min": 34.08,
        "lon_max": 34.10
      },
      {
        "city": "Nebbi",
        "state": "Northern",
        "state_abbr": "N",
        "postcode_prefix": "256",
        "lat_min": 2.47,
        "lat_max": 2.49,
        "lon_min": 31.08,
        "lon_max": 31.10
      },
      {
        "city": "Mubende",
        "state": "Central",
        "state_abbr": "C",
        "postcode_prefix": "256",
        "lat_min": 0.55,
        "lat_max": 0.57,
        "lon_min": 31.38,
        "lon_max": 31.40
      },
      {
        "city": "Kayunga",
        "state": "Central",
        "state_abbr": "C",
        "postcode_prefix": "256",
        "lat_min": 0.70,
        "lat_max": 0.72,
        "lon_min": 32.88,
        "lon_max": 32.90
      },
      {
        "city": "Kisoro",
        "state": "Western",
        "state_abbr": "W",
        "postcode_prefix": "256",
        "lat_min": -1.29,
        "lat_max": -1.27,
        "lon_min": 29.68,
        "lon_max": 29.70
      }
    ]
  },
  "streets_by_city": {
    "Kampala": [
      "Kampala Road", "Jinja Road", "Entebbe Road", "Parliament Avenue",
      "Bombo Road", "Sir Apollo Kaggwa Road", "Nile Avenue", "Kira Road",
      "Makerere Hill Road", "Luwum Street", "Ben Kiwanuka Street", "Market Street",
      "Burton Street", "Dewinton Road", "Nakasero Road", "Buganda Road",
      "Speke Road", "Kimathi Avenue", "Portal Avenue", "Clement Hill Road",
      "Sezibwa Road", "Windsor Crescent", "Acacia Avenue", "Spring Road",
      "Tank Hill Road", "Mawanda Road", "Gayaza Road", "Ntinda Road",
      "Bukoto Street", "Naguru Road"
    ],
    "Wakiso": [
      "Hoima Road", "Mityana Road", "Gayaza Road", "Bombo Road",
      "Nansana Road", "Buloba Road", "Matugga Road", "Kakiri Road",
      "Mpererwe Road", "Bweyogerere Road"
    ],
    "Mukono": [
      "Jinja Road", "Kayunga Road", "Spring Road", "Wantoni Road",
      "Seeta Road", "Namanve Road", "Industrial Road", "Station Road"
    ],
    "Gulu": [
      "Acholi Road", "Obote Avenue", "Churchill Road", "Market Road",
      "Hospital Road", "Lacor Road", "Stadium Road", "Railway Road",
      "Coronation Road", "Awach Road"
    ],
    "Lira": [
      "Soroti Road", "Gulu Road", "Market Road", "Station Road",
      "Hospital Road", "Ogwang Road", "Commerce Road", "Barracks Road"
    ],
    "Mbarara": [
      "High Street", "Masaka Road", "Kabale Road", "Hospital Road",
      "Bishop Stuart Road", "Bananuka Drive", "University Road", "Market Road",
      "Stadium Road", "Buremba Road"
    ],
    "Jinja": [
      "Main Street", "Bridge Street", "Clive Road", "Nile Crescent",
      "Bell Avenue", "Gabula Road", "Nalufenya Road", "Ripon Road",
      "Kiira Road", "Owen Falls Road"
    ],
    "Entebbe": [
      "Airport Road", "Lugard Avenue", "Portal Road", "Church Road",
      "Circular Road", "Victoria Road", "Botanical Road", "Kitoro Road"
    ],
    "Mbale": [
      "Republic Street", "Cathedral Avenue", "Pallisa Road", "Market Road",
      "Naboa Road", "Hospital Road", "Malukhu Road", "Wanale Road"
    ],
    "Fort Portal": [
      "Lugard Road", "Balya Road", "Bwamba Road", "Hospital Road",
      "Market Road", "Kasese Road", "Link Road", "Rwenzori Road"
    ],
    "Masaka": [
      "Kampala Road", "Mbarara Road", "Victoria Road", "Hospital Road",
      "Market Road", "Edward Avenue", "Broadway Road", "Laston Road"
    ],
    "Kasese": [
      "Stanley Road", "Alexander Road", "Rwenzori Road", "Market Road",
      "Kilembe Road", "Hospital Road", "Fort Portal Road", "Hima Road"
    ],
    "Soroti": [
      "Gweri Road", "Kumi Road", "Market Road", "Hospital Road",
      "Stadium Road", "Teso Road", "Lira Road", "Station Road"
    ],
    "Arua": [
      "Avenue Road", "Market Road", "Hospital Road", "Rhino Camp Road",
      "Pakwach Road", "Congo Road", "Adumi Road", "Ediofe Road"
    ],
    "Kabale": [
      "Kabale Road", "Market Road", "Hospital Road", "Kisoro Road",
      "Katuna Road", "Stadium Road", "Lake Road", "University Road"
    ],
    "Tororo": [
      "Jinja Road", "Market Road", "Hospital Road", "Mbale Road",
      "Station Road", "Osukuru Road", "Rock Road", "Nagongera Road"
    ],
    "Iganga": [
      "Jinja Road", "Market Road", "Hospital Road", "Kaliro Road",
      "Bugweri Road", "Namutumba Road", "Station Road", "Main Street"
    ],
    "Hoima": [
      "Fort Portal Road", "Masindi Road", "Market Road", "Hospital Road",
      "Palace Road", "Bujumbura Road", "Duhaga Road", "Biseruka Road"
    ],
    "Mityana": [
      "Kampala Road", "Fort Portal Road", "Market Road", "Hospital Road",
      "Mubende Road", "Station Road"
    ],
    "Masindi": [
      "Port Road", "Market Road", "Hospital Road", "Hoima Road",
      "Kinyara Road", "Budongo Road"
    ],
    "Kitgum": [
      "Gulu Road", "Market Road", "Hospital Road", "Lamwo Road",
      "Padibe Road", "Stadium Road"
    ],
    "Moroto": [
      "Market Road", "Hospital Road", "Soroti Road", "Nakapiripirit Road",
      "Kotido Road", "Barracks Road"
    ],
    "Bushenyi": [
      "Mbarara Road", "Market Road", "Hospital Road", "Ishaka Road",
      "Stadium Road", "University Road"
    ],
    "Ntungamo": [
      "Mbarara Road", "Market Road", "Hospital Road", "Kabale Road",
      "Rubare Road", "Stadium Road"
    ],
    "Rukungiri": [
      "Kabale Road", "Market Road", "Hospital Road", "Kanungu Road",
      "Stadium Road", "Bwambara Road"
    ],
    "Busia": [
      "Custom Road", "Market Road", "Hospital Road", "Tororo Road",
      "Border Road", "Dabani Road"
    ],
    "Nebbi": [
      "Arua Road", "Market Road", "Hospital Road", "Pakwach Road",
      "Lake Albert Road", "Paidha Road"
    ],
    "Mubende": [
      "Kampala Road", "Market Road", "Hospital Road", "Fort Portal Road",
      "Kiboga Road", "Mityana Road"
    ],
    "Kayunga": [
      "Jinja Road", "Market Road", "Hospital Road", "Mukono Road",
      "Kangulumira Road", "Nazigo Road"
    ],
    "Kisoro": [
      "Kabale Road", "Market Road", "Hospital Road", "Bunagana Road",
      "Cyanika Road", "Gorilla Road"
    ]
  },
  "postcode_format": "######",
  "address_formats": [
    "{street}, {city}, {state} Region",
    "P.O. Box ####, {city}"
  ],
  "country": "Uganda",
  "country_code": "UG",
  "phone_area_codes": {
    "Central": "41",
    "Eastern": "45",
    "Northern": "47",
    "Western": "48"
  },
  "phone_format": "+256 {area_code} ### ####"
}
