{
  "locations": [
    {"city": "São Paulo", "state": "São Paulo", "state_abbr": "SP", "postcode_prefix": "01", "lat_min": -23.60, "lat_max": -23.50, "lon_min": -46.70, "lon_max": -46.60},
    {"city": "Rio de Janeiro", "state": "Rio de Janeiro", "state_abbr": "RJ", "postcode_prefix": "20", "lat_min": -22.95, "lat_max": -22.85, "lon_min": -43.25, "lon_max": -43.15},
    {"city": "Brasília", "state": "Distrito Federal", "state_abbr": "DF", "postcode_prefix": "70", "lat_min": -15.85, "lat_max": -15.75, "lon_min": -47.95, "lon_max": -47.85},
    {"city": "Salvador", "state": "Bahia", "state_abbr": "BA", "postcode_prefix": "40", "lat_min": -13.02, "lat_max": -12.92, "lon_min": -38.55, "lon_max": -38.45},
    {"city": "Fortaleza", "state": "Ceará", "state_abbr": "CE", "postcode_prefix": "60", "lat_min": -3.78, "lat_max": -3.68, "lon_min": -38.60, "lon_max": -38.50},
    {"city": "Belo Horizonte", "state": "Minas Gerais", "state_abbr": "MG", "postcode_prefix": "30", "lat_min": -19.98, "lat_max": -19.88, "lon_min": -44.00, "lon_max": -43.90},
    {"city": "Manaus", "state": "Amazonas", "state_abbr": "AM", "postcode_prefix": "69", "lat_min": -3.15, "lat_max": -3.05, "lon_min": -60.05, "lon_max": -59.95},
    {"city": "Curitiba", "state": "Paraná", "state_abbr": "PR", "postcode_prefix": "80", "lat_min": -25.50, "lat_max": -25.40, "lon_min": -49.30, "lon_max": -49.20},
    {"city": "Recife", "state": "Pernambuco", "state_abbr": "PE", "postcode_prefix": "50", "lat_min": -8.10, "lat_max": -8.00, "lon_min": -34.95, "lon_max": -34.85},
    {"city": "Porto Alegre", "state": "Rio Grande do Sul", "state_abbr": "RS", "postcode_prefix": "90", "lat_min": -30.10, "lat_max": -30.00, "lon_min": -51.25, "lon_max": -51.15},
    {"city": "Belém", "state": "Pará", "state_abbr": "PA", "postcode_prefix": "66", "lat_min": -1.50, "lat_max": -1.40, "lon_min": -48.55, "lon_max": -48.45},
    {"city": "Goiânia", "state": "Goiás", "state_abbr": "GO", "postcode_prefix": "74", "lat_min": -16.75, "lat_max": -16.65, "lon_min": -49.30, "lon_max": -49.20},
    {"city": "Guarulhos", "state": "São Paulo", "state_abbr": "SP", "postcode_prefix": "07", "lat_min": -23.50, "lat_max": -23.40, "lon_min": -46.55, "lon_max": -46.45},
    {"city": "Campinas", "state": "São Paulo", "state_abbr": "SP", "postcode_prefix": "13", "lat_min": -22.95, "lat_max": -22.85, "lon_min": -47.10, "lon_max": -47.00},
    {"city": "São Luís", "state": "Maranhão", "state_abbr": "MA", "postcode_prefix": "65", "lat_min": -2.55, "lat_max": -2.45, "lon_min": -44.35, "lon_max": -44.25},
    {"city": "São Gonçalo", "state": "Rio de Janeiro", "state_abbr": "RJ", "postcode_prefix": "24", "lat_min": -22.85, "lat_max": -22.75, "lon_min": -43.10, "lon_max": -43.00},
    {"city": "Maceió", "state": "Alagoas", "state_abbr": "AL", "postcode_prefix": "57", "lat_min": -9.70, "lat_max": -9.60, "lon_min": -35.80, "lon_max": -35.70},
    {"city": "Duque de Caxias", "state": "Rio de Janeiro", "state_abbr": "RJ", "postcode_prefix": "25", "lat_min": -22.80, "lat_max": -22.70, "lon_min": -43.35, "lon_max": -43.25},
    {"city": "Natal", "state": "Rio Grande do Norte", "state_abbr": "RN", "postcode_prefix": "59", "lat_min": -5.85, "lat_max": -5.75, "lon_min": -35.25, "lon_max": -35.15},
    {"city": "Campo Grande", "state": "Mato Grosso do Sul", "state_abbr": "MS", "postcode_prefix": "79", "lat_min": -20.50, "lat_max": -20.40, "lon_min": -54.65, "lon_max": -54.55},
    {"city": "Teresina", "state": "Piauí", "state_abbr": "PI", "postcode_prefix": "64", "lat_min": -5.15, "lat_max": -5.05, "lon_min": -42.85, "lon_max": -42.75},
    {"city": "Florianópolis", "state": "Santa Catarina", "state_abbr": "SC", "postcode_prefix": "88", "lat_min": -27.65, "lat_max": -27.55, "lon_min": -48.60, "lon_max": -48.50},
    {"city": "João Pessoa", "state": "Paraíba", "state_abbr": "PB", "postcode_prefix": "58", "lat_min": -7.15, "lat_max": -7.05, "lon_min": -34.90, "lon_max": -34.80},
    {"city": "Cuiabá", "state": "Mato Grosso", "state_abbr": "MT", "postcode_prefix": "78", "lat_min": -15.65, "lat_max": -15.55, "lon_min": -56.15, "lon_max": -56.05},
    {"city": "Aracaju", "state": "Sergipe", "state_abbr": "SE", "postcode_prefix": "49", "lat_min": -10.95, "lat_max": -10.85, "lon_min": -37.10, "lon_max": -37.00},
    {"city": "Vitória", "state": "Espírito Santo", "state_abbr": "ES", "postcode_prefix": "29", "lat_min": -20.35, "lat_max": -20.25, "lon_min": -40.35, "lon_max": -40.25},
    {"city": "Londrina", "state": "Paraná", "state_abbr": "PR", "postcode_prefix": "86", "lat_min": -23.35, "lat_max": -23.25, "lon_min": -51.20, "lon_max": -51.10},
    {"city": "Joinville", "state": "Santa Catarina", "state_abbr": "SC", "postcode_prefix": "89", "lat_min": -26.35, "lat_max": -26.25, "lon_min": -48.90, "lon_max": -48.80},
    {"city": "Ribeirão Preto", "state": "São Paulo", "state_abbr": "SP", "postcode_prefix": "14", "lat_min": -21.20, "lat_max": -21.10, "lon_min": -47.85, "lon_max": -47.75},
    {"city": "Porto Velho", "state": "Rondônia", "state_abbr": "RO", "postcode_prefix": "76", "lat_min": -8.80, "lat_max": -8.70, "lon_min": -63.95, "lon_max": -63.85}
  ],
  "streets_by_city": {
    "São Paulo": ["Avenida Paulista", "Rua Augusta", "Rua Oscar Freire", "Avenida Brasil", "Rua da Consolação", "Avenida Faria Lima", "Rua Haddock Lobo", "Alameda Santos", "Rua Bela Cintra", "Avenida Rebouças"],
    "Rio de Janeiro": ["Avenida Atlântica", "Rua Visconde de Pirajá", "Avenida Rio Branco", "Rua do Ouvidor", "Avenida Nossa Senhora de Copacabana", "Rua Dias Ferreira", "Avenida Presidente Vargas", "Rua Primeiro de Março", "Rua do Lavradio", "Avenida Vieira Souto"],
    "Brasília": ["Esplanada dos Ministérios", "Eixo Monumental", "W3 Sul", "W3 Norte", "L2 Sul", "L2 Norte", "Setor Comercial Sul", "Setor Comercial Norte", "Setor Bancário Sul", "Setor Bancário Norte"],
    "Salvador": ["Avenida Sete de Setembro", "Rua Chile", "Avenida Oceânica", "Rua Carlos Gomes", "Avenida Tancredo Neves", "Rua da Graça", "Avenida ACM", "Rua Direita da Piedade", "Avenida Centenário", "Rua do Sodré"],
    "Fortaleza": ["Avenida Beira Mar", "Rua Monsenhor Tabosa", "Avenida Desembargador Moreira", "Rua Barão do Rio Branco", "Avenida Abolição", "Rua Pedro Borges", "Avenida Santos Dumont", "Rua Major Facundo", "Avenida Dom Manuel", "Rua Senador Pompeu"],
    "Belo Horizonte": ["Avenida Afonso Pena", "Rua da Bahia", "Avenida Amazonas", "Rua dos Caetés", "Avenida do Contorno", "Rua Curitiba", "Avenida Brasil", "Rua Espírito Santo", "Avenida Cristiano Machado", "Rua Goiás"],
    "Manaus": ["Avenida Eduardo Ribeiro", "Rua Marechal Deodoro", "Avenida Sete de Setembro", "Rua Henrique Martins", "Avenida Getúlio Vargas", "Rua José Clemente", "Avenida Joaquim Nabuco", "Rua Ramos Ferreira", "Avenida Constantino Nery", "Rua Barroso"],
    "Curitiba": ["Rua XV de Novembro", "Avenida Cândido de Abreu", "Rua Marechal Deodoro", "Avenida Sete de Setembro", "Rua Barão do Rio Branco", "Avenida Visconde de Guarapuava", "Rua Comendador Araújo", "Avenida República Argentina", "Rua Voluntários da Pátria", "Avenida Iguaçu"],
    "Recife": ["Avenida Boa Viagem", "Rua da Aurora", "Avenida Conde da Boa Vista", "Rua do Sol", "Avenida Dantas Barreto", "Rua da Imperatriz", "Avenida Agamenon Magalhães", "Rua do Hospício", "Avenida Governador Agamenon Magalhães", "Rua Sete de Setembro"],
    "Porto Alegre": ["Rua dos Andradas", "Avenida Borges de Medeiros", "Rua da Praia", "Avenida Independência", "Rua General Câmara", "Avenida Farrapos", "Rua Duque de Caxias", "Avenida Ipiranga", "Rua Voluntários da Pátria", "Avenida Mauá"],
    "Belém": ["Avenida Presidente Vargas", "Rua João Alfredo", "Avenida Nazaré", "Rua 28 de Setembro", "Avenida Gentil Bittencourt", "Rua Gaspar Viana", "Avenida Governador José Malcher", "Rua Santo Antônio", "Avenida Almirante Barroso", "Rua Padre Eutíquio"],
    "Goiânia": ["Avenida Goiás", "Rua 3", "Avenida Anhanguera", "Rua 4", "Avenida Araguaia", "Rua 7", "Avenida Tocantins", "Rua 8", "Avenida Paranaíba", "Rua 9"],
    "Guarulhos": ["Avenida Paulo Faccini", "Rua Dr. Timóteo Penteado", "Avenida Otávio Braga de Mesquita", "Rua Guilherme Lino dos Santos", "Avenida Salgado Filho", "Rua Capitão Gabriel", "Avenida Papa João Paulo I", "Rua Dona Olímpia", "Avenida Tiradentes", "Rua Barão de Mauá"],
    "Campinas": ["Avenida Francisco Glicério", "Rua Barão de Jaguara", "Avenida Norte-Sul", "Rua 13 de Maio", "Avenida Orosimbo Maia", "Rua General Osório", "Avenida Moraes Sales", "Rua Conceição", "Avenida Benjamin Constant", "Rua Dr. Quirino"],
    "São Luís": ["Avenida Beira Mar", "Rua Grande", "Avenida Colares Moreira", "Rua do Sol", "Avenida Litorânea", "Rua Portugal", "Avenida dos Holandeses", "Rua do Egito", "Avenida Daniel de la Touche", "Rua da Paz"],
    "São Gonçalo": ["Avenida Presidente Kennedy", "Rua Dr. Nilo Peçanha", "Avenida Jornalista Roberto Marinho", "Rua Coronel Moreira César", "Avenida São Gonçalo", "Rua Feliciano Sodré", "Avenida Paiva", "Rua Salvatori", "Avenida Marechal Deodoro", "Rua Dr. Francisco Portela"],
    "Maceió": ["Avenida Fernandes Lima", "Rua do Comércio", "Avenida da Paz", "Rua Barão de Alagoas", "Avenida Juca Sampaio", "Rua do Sol", "Avenida Gustavo Paiva", "Rua Cincinato Pinto", "Avenida Siqueira Campos", "Rua João Pessoa"],
    "Duque de Caxias": ["Avenida Presidente Kennedy", "Rua Governador Leonel de Moura Brizola", "Avenida Brigadeiro Lima e Silva", "Rua José de Alvarenga", "Avenida Nilo Peçanha", "Rua Capitão Chaves", "Avenida Automóvel Clube", "Rua General Gurjão", "Avenida Actura", "Rua Pinto Soares"],
    "Natal": ["Avenida Engenheiro Roberto Freire", "Rua João Pessoa", "Avenida Prudente de Morais", "Rua Princesa Isabel", "Avenida Salgado Filho", "Rua Coronel Cascudo", "Avenida Hermes da Fonseca", "Rua Trairi", "Avenida Rio Branco", "Rua Apodi"],
    "Campo Grande": ["Avenida Afonso Pena", "Rua 14 de Julho", "Avenida Mato Grosso", "Rua Barão do Rio Branco", "Avenida Calógeras", "Rua Dom Aquino", "Avenida Eduardo Elias Zahran", "Rua Maracaju", "Avenida Fernando Corrêa da Costa", "Rua Padre João Crippa"],
    "Teresina": ["Avenida Frei Serafim", "Rua Álvaro Mendes", "Avenida Miguel Rosa", "Rua Coelho de Resende", "Avenida Maranhão", "Rua David Caldas", "Avenida Barão de Gurguéia", "Rua Simplício Mendes", "Avenida João XXIII", "Rua Rui Barbosa"],
    "Florianópolis": ["Avenida Beira Mar Norte", "Rua Felipe Schmidt", "Avenida Mauro Ramos", "Rua Conselheiro Mafra", "Avenida Hercílio Luz", "Rua Tenente Silveira", "Avenida Osmar Cunha", "Rua Trajano", "Avenida Rio Branco", "Rua Artista Bittencourt"],
    "João Pessoa": ["Avenida Epitácio Pessoa", "Rua Duque de Caxias", "Avenida Presidente Epitácio Pessoa", "Rua Visconde de Pelotas", "Avenida Dom Pedro II", "Rua General Osório", "Avenida Rui Barbosa", "Rua Maciel Pinheiro", "Avenida Getúlio Vargas", "Rua das Trincheiras"],
    "Cuiabá": ["Avenida do CPA", "Rua Barão de Melgaço", "Avenida Historiador Rubens de Mendonça", "Rua Comandante Costa", "Avenida Isaac Povoas", "Rua Pedro Celestino", "Avenida Getúlio Vargas", "Rua Cândido Mariano", "Avenida Fernando Corrêa da Costa", "Rua Galdino Pimentel"],
    "Aracaju": ["Avenida Beira Mar", "Rua Laranjeiras", "Avenida Barão de Maruim", "Rua São Cristóvão", "Avenida Ivo do Prado", "Rua Itabaiana", "Avenida Hermes Fontes", "Rua Capela", "Avenida Francisco Porto", "Rua Pacatuba"],
    "Vitória": ["Avenida Nossa Senhora da Penha", "Rua Sete de Setembro", "Avenida Jerônimo Monteiro", "Rua Duque de Caxias", "Avenida Princesa Isabel", "Rua General Osório", "Avenida Marechal Mascarenhas de Moraes", "Rua José de Anchieta", "Avenida Leitão da Silva", "Rua Constante Sodré"],
    "Londrina": ["Avenida Higienópolis", "Rua Sergipe", "Avenida Paraná", "Rua Maranhão", "Avenida São Paulo", "Rua Pernambuco", "Avenida Rio de Janeiro", "Rua Piauí", "Avenida Bandeirantes", "Rua Minas Gerais"],
    "Joinville": ["Rua XV de Novembro", "Avenida Juscelino Kubitschek", "Rua do Príncipe", "Avenida Getúlio Vargas", "Rua Nove de Março", "Avenida Procópio Gomes", "Rua Blumenau", "Avenida Santos Dumont", "Rua São Paulo", "Avenida Beira Rio"],
    "Ribeirão Preto": ["Avenida Presidente Vargas", "Rua General Osório", "Avenida Independência", "Rua Amador Bueno", "Avenida Francisco Junqueira", "Rua Álvares Cabral", "Avenida Nove de Julho", "Rua São Sebastião", "Avenida Caramuru", "Rua Duque de Caxias"],
    "Porto Velho": ["Avenida Sete de Setembro", "Rua José de Alencar", "Avenida Carlos Gomes", "Rua Prudente de Moraes", "Avenida Presidente Dutra", "Rua Júlio de Castilho", "Avenida Rogério Weber", "Rua Dom Pedro II", "Avenida Jorge Teixeira", "Rua Getúlio Vargas"]
  },
  "postcode_format": "#####-###",
  "address_formats": [
    "{street}, {building_number}, {postcode} {city} - {state_abbr}",
    "{street}, {building_number}, Apto {unit}, {postcode} {city} - {state_abbr}"
  ],
  "country": "Brasil",
  "country_code": "BR",
  "phone_area_codes": {
    "São Paulo": ["11", "12", "13", "14", "15", "16", "17", "18", "19"],
    "Rio de Janeiro": ["21", "22", "24"],
    "Distrito Federal": ["61"],
    "Bahia": ["71", "73", "74", "75", "77"],
    "Ceará": ["85", "88"],
    "Minas Gerais": ["31", "32", "33", "34", "35", "37", "38"],
    "Amazonas": ["92", "97"],
    "Paraná": ["41", "42", "43", "44", "45", "46"],
    "Pernambuco": ["81", "87"],
    "Rio Grande do Sul": ["51", "53", "54", "55"],
    "Pará": ["91", "93", "94"],
    "Goiás": ["62", "64"],
    "Maranhão": ["98", "99"],
    "Alagoas": ["82"],
    "Rio Grande do Norte": ["84"],
    "Mato Grosso do Sul": ["67"],
    "Piauí": ["86", "89"],
    "Santa Catarina": ["47", "48", "49"],
    "Paraíba": ["83"],
    "Mato Grosso": ["65", "66"],
    "Sergipe": ["79"],
    "Espírito Santo": ["27", "28"],
    "Rondônia": ["69"]
  }
}
