{
  "locations": [
    {"city": "Paris", "state": "Île-de-France", "state_abbr": "IDF", "postcode_prefix": "75"},
    {"city": "Paris 1er", "state": "Île-de-France", "state_abbr": "IDF", "postcode_prefix": "75001"},
    {"city": "Paris 2e", "state": "Île-de-France", "state_abbr": "IDF", "postcode_prefix": "75002"},
    {"city": "Paris 3e", "state": "Île-de-France", "state_abbr": "IDF", "postcode_prefix": "75003"},
    {"city": "Paris 4e", "state": "Île-de-France", "state_abbr": "IDF", "postcode_prefix": "75004"},
    {"city": "Paris 5e", "state": "Île-de-France", "state_abbr": "IDF", "postcode_prefix": "75005"},
    {"city": "Paris 6e", "state": "Île-de-France", "state_abbr": "IDF", "postcode_prefix": "75006"},
    {"city": "Paris 7e", "state": "Île-de-France", "state_abbr": "IDF", "postcode_prefix": "75007"},
    {"city": "Paris 8e", "state": "Île-de-France", "state_abbr": "IDF", "postcode_prefix": "75008"},
    {"city": "Boulogne-Billancourt", "state": "Île-de-France", "state_abbr": "IDF", "postcode_prefix": "92"},
    {"city": "Saint-Denis", "state": "Île-de-France", "state_abbr": "IDF", "postcode_prefix": "93"},
    {"city": "Argenteuil", "state": "Île-de-France", "state_abbr": "IDF", "postcode_prefix": "95"},
    {"city": "Montreuil", "state": "Île-de-France", "state_abbr": "IDF", "postcode_prefix": "93"},
    {"city": "Nanterre", "state": "Île-de-France", "state_abbr": "IDF", "postcode_prefix": "92"},
    {"city": "Créteil", "state": "Île-de-France", "state_abbr": "IDF", "postcode_prefix": "94"},
    {"city": "Versailles", "state": "Île-de-France", "state_abbr": "IDF", "postcode_prefix": "78"},
    {"city": "Vitry-sur-Seine", "state": "Île-de-France", "state_abbr": "IDF", "postcode_prefix": "94"},
    {"city": "Colombes", "state": "Île-de-France", "state_abbr": "IDF", "postcode_prefix": "92"},
    {"city": "Asnières-sur-Seine", "state": "Île-de-France", "state_abbr": "IDF", "postcode_prefix": "92"},
    {"city": "Courbevoie", "state": "Île-de-France", "state_abbr": "IDF", "postcode_prefix": "92"},
    {"city": "Aubervilliers", "state": "Île-de-France", "state_abbr": "IDF", "postcode_prefix": "93"},
    {"city": "Drancy", "state": "Île-de-France", "state_abbr": "IDF", "postcode_prefix": "93"},
    {"city": "Noisy-le-Grand", "state": "Île-de-France", "state_abbr": "IDF", "postcode_prefix": "93"},
    {"city": "Marseille", "state": "Provence-Alpes-Côte d'Azur", "state_abbr": "PACA", "postcode_prefix": "13"},
    {"city": "Nice", "state": "Provence-Alpes-Côte d'Azur", "state_abbr": "PACA", "postcode_prefix": "06"},
    {"city": "Toulon", "state": "Provence-Alpes-Côte d'Azur", "state_abbr": "PACA", "postcode_prefix": "83"},
    {"city": "Aix-en-Provence", "state": "Provence-Alpes-Côte d'Azur", "state_abbr": "PACA", "postcode_prefix": "13"},
    {"city": "Avignon", "state": "Provence-Alpes-Côte d'Azur", "state_abbr": "PACA", "postcode_prefix": "84"},
    {"city": "Antibes", "state": "Provence-Alpes-Côte d'Azur", "state_abbr": "PACA", "postcode_prefix": "06"},
    {"city": "Cannes", "state": "Provence-Alpes-Côte d'Azur", "state_abbr": "PACA", "postcode_prefix": "06"},
    {"city": "Fréjus", "state": "Provence-Alpes-Côte d'Azur", "state_abbr": "PACA", "postcode_prefix": "83"},
    {"city": "Hyères", "state": "Provence-Alpes-Côte d'Azur", "state_abbr": "PACA", "postcode_prefix": "83"},
    {"city": "Arles", "state": "Provence-Alpes-Côte d'Azur", "state_abbr": "PACA", "postcode_prefix": "13"},
    {"city": "Lyon", "state": "Auvergne-Rhône-Alpes", "state_abbr": "ARA", "postcode_prefix": "69"},
    {"city": "Saint-Étienne", "state": "Auvergne-Rhône-Alpes", "state_abbr": "ARA", "postcode_prefix": "42"},
    {"city": "Grenoble", "state": "Auvergne-Rhône-Alpes", "state_abbr": "ARA", "postcode_prefix": "38"},
    {"city": "Villeurbanne", "state": "Auvergne-Rhône-Alpes", "state_abbr": "ARA", "postcode_prefix": "69"},
    {"city": "Clermont-Ferrand", "state": "Auvergne-Rhône-Alpes", "state_abbr": "ARA", "postcode_prefix": "63"},
    {"city": "Vénissieux", "state": "Auvergne-Rhône-Alpes", "state_abbr": "ARA", "postcode_prefix": "69"},
    {"city": "Valence", "state": "Auvergne-Rhône-Alpes", "state_abbr": "ARA", "postcode_prefix": "26"},
    {"city": "Chambéry", "state": "Auvergne-Rhône-Alpes", "state_abbr": "ARA", "postcode_prefix": "73"},
    {"city": "Annecy", "state": "Auvergne-Rhône-Alpes", "state_abbr": "ARA", "postcode_prefix": "74"},
    {"city": "Bourg-en-Bresse", "state": "Auvergne-Rhône-Alpes", "state_abbr": "ARA", "postcode_prefix": "01"},
    {"city": "Vaulx-en-Velin", "state": "Auvergne-Rhône-Alpes", "state_abbr": "ARA", "postcode_prefix": "69"},
    {"city": "Roanne", "state": "Auvergne-Rhône-Alpes", "state_abbr": "ARA", "postcode_prefix": "42"},
    {"city": "Toulouse", "state": "Occitanie", "state_abbr": "OCC", "postcode_prefix": "31"},
    {"city": "Montpellier", "state": "Occitanie", "state_abbr": "OCC", "postcode_prefix": "34"},
    {"city": "Nîmes", "state": "Occitanie", "state_abbr": "OCC", "postcode_prefix": "30"},
    {"city": "Perpignan", "state": "Occitanie", "state_abbr": "OCC", "postcode_prefix": "66"},
    {"city": "Béziers", "state": "Occitanie", "state_abbr": "OCC", "postcode_prefix": "34"},
    {"city": "Narbonne", "state": "Occitanie", "state_abbr": "OCC", "postcode_prefix": "11"},
    {"city": "Carcassonne", "state": "Occitanie", "state_abbr": "OCC", "postcode_prefix": "11"},
    {"city": "Albi", "state": "Occitanie", "state_abbr": "OCC", "postcode_prefix": "81"},
    {"city": "Tarbes", "state": "Occitanie", "state_abbr": "OCC", "postcode_prefix": "65"},
    {"city": "Castres", "state": "Occitanie", "state_abbr": "OCC", "postcode_prefix": "81"},
    {"city": "Sète", "state": "Occitanie", "state_abbr": "OCC", "postcode_prefix": "34"},
    {"city": "Rodez", "state": "Occitanie", "state_abbr": "OCC", "postcode_prefix": "12"},
    {"city": "Bordeaux", "state": "Nouvelle-Aquitaine", "state_abbr": "NAQ", "postcode_prefix": "33"},
    {"city": "Limoges", "state": "Nouvelle-Aquitaine", "state_abbr": "NAQ", "postcode_prefix": "87"},
    {"city": "Poitiers", "state": "Nouvelle-Aquitaine", "state_abbr": "NAQ", "postcode_prefix": "86"},
    {"city": "Pau", "state": "Nouvelle-Aquitaine", "state_abbr": "NAQ", "postcode_prefix": "64"},
    {"city": "La Rochelle", "state": "Nouvelle-Aquitaine", "state_abbr": "NAQ", "postcode_prefix": "17"},
    {"city": "Mérignac", "state": "Nouvelle-Aquitaine", "state_abbr": "NAQ", "postcode_prefix": "33"},
    {"city": "Pessac", "state": "Nouvelle-Aquitaine", "state_abbr": "NAQ", "postcode_prefix": "33"},
    {"city": "Biarritz", "state": "Nouvelle-Aquitaine", "state_abbr": "NAQ", "postcode_prefix": "64"},
    {"city": "Bayonne", "state": "Nouvelle-Aquitaine", "state_abbr": "NAQ", "postcode_prefix": "64"},
    {"city": "Angoulême", "state": "Nouvelle-Aquitaine", "state_abbr": "NAQ", "postcode_prefix": "16"},
    {"city": "Périgueux", "state": "Nouvelle-Aquitaine", "state_abbr": "NAQ", "postcode_prefix": "24"},
    {"city": "Agen", "state": "Nouvelle-Aquitaine", "state_abbr": "NAQ", "postcode_prefix": "47"},
    {"city": "Nantes", "state": "Pays de la Loire", "state_abbr": "PDL", "postcode_prefix": "44"},
    {"city": "Le Mans", "state": "Pays de la Loire", "state_abbr": "PDL", "postcode_prefix": "72"},
    {"city": "Angers", "state": "Pays de la Loire", "state_abbr": "PDL", "postcode_prefix": "49"},
    {"city": "Saint-Nazaire", "state": "Pays de la Loire", "state_abbr": "PDL", "postcode_prefix": "44"},
    {"city": "La Roche-sur-Yon", "state": "Pays de la Loire", "state_abbr": "PDL", "postcode_prefix": "85"},
    {"city": "Cholet", "state": "Pays de la Loire", "state_abbr": "PDL", "postcode_prefix": "49"},
    {"city": "Laval", "state": "Pays de la Loire", "state_abbr": "PDL", "postcode_prefix": "53"},
    {"city": "Saint-Herblain", "state": "Pays de la Loire", "state_abbr": "PDL", "postcode_prefix": "44"},
    {"city": "Rennes", "state": "Bretagne", "state_abbr": "BRE", "postcode_prefix": "35"},
    {"city": "Brest", "state": "Bretagne", "state_abbr": "BRE", "postcode_prefix": "29"},
    {"city": "Quimper", "state": "Bretagne", "state_abbr": "BRE", "postcode_prefix": "29"},
    {"city": "Lorient", "state": "Bretagne", "state_abbr": "BRE", "postcode_prefix": "56"},
    {"city": "Vannes", "state": "Bretagne", "state_abbr": "BRE", "postcode_prefix": "56"},
    {"city": "Saint-Brieuc", "state": "Bretagne", "state_abbr": "BRE", "postcode_prefix": "22"},
    {"city": "Saint-Malo", "state": "Bretagne", "state_abbr": "BRE", "postcode_prefix": "35"},
    {"city": "Lanester", "state": "Bretagne", "state_abbr": "BRE", "postcode_prefix": "56"},
    {"city": "Lille", "state": "Hauts-de-France", "state_abbr": "HDF", "postcode_prefix": "59"},
    {"city": "Amiens", "state": "Hauts-de-France", "state_abbr": "HDF", "postcode_prefix": "80"},
    {"city": "Roubaix", "state": "Hauts-de-France", "state_abbr": "HDF", "postcode_prefix": "59"},
    {"city": "Tourcoing", "state": "Hauts-de-France", "state_abbr": "HDF", "postcode_prefix": "59"},
    {"city": "Dunkerque", "state": "Hauts-de-France", "state_abbr": "HDF", "postcode_prefix": "59"},
    {"city": "Calais", "state": "Hauts-de-France", "state_abbr": "HDF", "postcode_prefix": "62"},
    {"city": "Villeneuve-d'Ascq", "state": "Hauts-de-France", "state_abbr": "HDF", "postcode_prefix": "59"},
    {"city": "Valenciennes", "state": "Hauts-de-France", "state_abbr": "HDF", "postcode_prefix": "59"},
    {"city": "Lens", "state": "Hauts-de-France", "state_abbr": "HDF", "postcode_prefix": "62"},
    {"city": "Beauvais", "state": "Hauts-de-France", "state_abbr": "HDF", "postcode_prefix": "60"},
    {"city": "Boulogne-sur-Mer", "state": "Hauts-de-France", "state_abbr": "HDF", "postcode_prefix": "62"},
    {"city": "Arras", "state": "Hauts-de-France", "state_abbr": "HDF", "postcode_prefix": "62"},
    {"city": "Douai", "state": "Hauts-de-France", "state_abbr": "HDF", "postcode_prefix": "59"},
    {"city": "Strasbourg", "state": "Grand Est", "state_abbr": "GES", "postcode_prefix": "67"},
    {"city": "Reims", "state": "Grand Est", "state_abbr": "GES", "postcode_prefix": "51"},
    {"city": "Metz", "state": "Grand Est", "state_abbr": "GES", "postcode_prefix": "57"},
    {"city": "Mulhouse", "state": "Grand Est", "state_abbr": "GES", "postcode_prefix": "68"},
    {"city": "Nancy", "state": "Grand Est", "state_abbr": "GES", "postcode_prefix": "54"},
    {"city": "Colmar", "state": "Grand Est", "state_abbr": "GES", "postcode_prefix": "68"},
    {"city": "Troyes", "state": "Grand Est", "state_abbr": "GES", "postcode_prefix": "10"},
    {"city": "Charleville-Mézières", "state": "Grand Est", "state_abbr": "GES", "postcode_prefix": "08"},
    {"city": "Épinal", "state": "Grand Est", "state_abbr": "GES", "postcode_prefix": "88"},
    {"city": "Châlons-en-Champagne", "state": "Grand Est", "state_abbr": "GES", "postcode_prefix": "51"},
    {"city": "Dijon", "state": "Bourgogne-Franche-Comté", "state_abbr": "BFC", "postcode_prefix": "21"},
    {"city": "Besançon", "state": "Bourgogne-Franche-Comté", "state_abbr": "BFC", "postcode_prefix": "25"},
    {"city": "Belfort", "state": "Bourgogne-Franche-Comté", "state_abbr": "BFC", "postcode_prefix": "90"},
    {"city": "Chalon-sur-Saône", "state": "Bourgogne-Franche-Comté", "state_abbr": "BFC", "postcode_prefix": "71"},
    {"city": "Auxerre", "state": "Bourgogne-Franche-Comté", "state_abbr": "BFC", "postcode_prefix": "89"},
    {"city": "Nevers", "state": "Bourgogne-Franche-Comté", "state_abbr": "BFC", "postcode_prefix": "58"},
    {"city": "Mâcon", "state": "Bourgogne-Franche-Comté", "state_abbr": "BFC", "postcode_prefix": "71"},
    {"city": "Sens", "state": "Bourgogne-Franche-Comté", "state_abbr": "BFC", "postcode_prefix": "89"},
    {"city": "Rouen", "state": "Normandie", "state_abbr": "NOR", "postcode_prefix": "76"},
    {"city": "Le Havre", "state": "Normandie", "state_abbr": "NOR", "postcode_prefix": "76"},
    {"city": "Caen", "state": "Normandie", "state_abbr": "NOR", "postcode_prefix": "14"},
    {"city": "Cherbourg-en-Cotentin", "state": "Normandie", "state_abbr": "NOR", "postcode_prefix": "50"},
    {"city": "Évreux", "state": "Normandie", "state_abbr": "NOR", "postcode_prefix": "27"},
    {"city": "Dieppe", "state": "Normandie", "state_abbr": "NOR", "postcode_prefix": "76"},
    {"city": "Alençon", "state": "Normandie", "state_abbr": "NOR", "postcode_prefix": "61"},
    {"city": "Lisieux", "state": "Normandie", "state_abbr": "NOR", "postcode_prefix": "14"},
    {"city": "Orléans", "state": "Centre-Val de Loire", "state_abbr": "CVL", "postcode_prefix": "45"},
    {"city": "Tours", "state": "Centre-Val de Loire", "state_abbr": "CVL", "postcode_prefix": "37"},
    {"city": "Bourges", "state": "Centre-Val de Loire", "state_abbr": "CVL", "postcode_prefix": "18"},
    {"city": "Chartres", "state": "Centre-Val de Loire", "state_abbr": "CVL", "postcode_prefix": "28"},
    {"city": "Blois", "state": "Centre-Val de Loire", "state_abbr": "CVL", "postcode_prefix": "41"},
    {"city": "Châteauroux", "state": "Centre-Val de Loire", "state_abbr": "CVL", "postcode_prefix": "36"},
    {"city": "Dreux", "state": "Centre-Val de Loire", "state_abbr": "CVL", "postcode_prefix": "28"},
    {"city": "Vierzon", "state": "Centre-Val de Loire", "state_abbr": "CVL", "postcode_prefix": "18"},
    {"city": "Ajaccio", "state": "Corse", "state_abbr": "COR", "postcode_prefix": "20"},
    {"city": "Bastia", "state": "Corse", "state_abbr": "COR", "postcode_prefix": "20"},
    {"city": "Porto-Vecchio", "state": "Corse", "state_abbr": "COR", "postcode_prefix": "20"},
    {"city": "Corte", "state": "Corse", "state_abbr": "COR", "postcode_prefix": "20"}
  ],
  "street_names": [
    "rue de la Paix",
    "avenue des Champs-Élysées",
    "boulevard Saint-Germain",
    "rue de Rivoli",
    "place de la République",
    "rue du Faubourg Saint-Honoré",
    "avenue Victor Hugo",
    "boulevard Haussmann",
    "rue de la Liberté",
    "rue Nationale",
    "rue de la Gare",
    "rue de l'Église",
    "rue de la Mairie",
    "rue du Commerce",
    "rue Jean Jaurès",
    "avenue de la Gare",
    "avenue de Verdun",
    "boulevard Gambetta",
    "rue Pasteur",
    "rue Victor Hugo",
    "rue de la République",
    "avenue de la République",
    "rue du Château",
    "rue du Marché",
    "rue des Écoles",
    "rue du Pont",
    "rue de Paris",
    "rue de Lyon",
    "rue de Marseille",
    "rue de Bordeaux",
    "rue de Toulouse",
    "rue de Nantes",
    "rue de Lille",
    "rue de Strasbourg",
    "rue de Nice",
    "rue des Jardins",
    "rue des Fleurs",
    "rue des Roses",
    "rue des Lilas",
    "rue des Tilleuls",
    "rue des Acacias",
    "rue des Peupliers",
    "rue des Chênes",
    "rue du Parc",
    "avenue du Parc",
    "rue de la Fontaine",
    "rue du Moulin",
    "rue de l'Industrie",
    "rue du Port",
    "rue de la Mer",
    "rue de la Plage",
    "quai de la Seine",
    "quai du Rhône",
    "place de l'Hôtel de Ville",
    "place de la Cathédrale"
  ],
  "postcode_format": "#####",
  "address_formats": [
    "{building_number} {street_name}",
    "{building_number} {street_name}, {postcode} {city}",
    "{building_number} {street_name}, {postcode} {city}, {state}"
  ],
  "country": "France",
  "country_code": "FR",
  "phone_area_codes": {
    "Île-de-France": ["01"],
    "Provence-Alpes-Côte d'Azur": ["04"],
    "Auvergne-Rhône-Alpes": ["04"],
    "Occitanie": ["04", "05"],
    "Nouvelle-Aquitaine": ["05"],
    "Pays de la Loire": ["02"],
    "Bretagne": ["02"],
    "Hauts-de-France": ["03"],
    "Grand Est": ["03"],
    "Bourgogne-Franche-Comté": ["03"],
    "Normandie": ["02"],
    "Centre-Val de Loire": ["02"],
    "Corse": ["04"]
  }
}
