{
  "locations": {
    "very_common": [
      {
        "city": "Colombo",
        "state": "Western",
        "state_abbr": "WP",
        "postcode_prefix": "00100",
        "lat_min": 6.89,
        "lat_max": 6.96,
        "lon_min": 79.84,
        "lon_max": 79.88
      },
      {
        "city": "Dehiwala-Mount Lavinia",
        "state": "Western",
        "state_abbr": "WP",
        "postcode_prefix": "10350",
        "lat_min": 6.83,
        "lat_max": 6.86,
        "lon_min": 79.86,
        "lon_max": 79.88
      },
      {
        "city": "Sri Jayawardenepura Kotte",
        "state": "Western",
        "state_abbr": "WP",
        "postcode_prefix": "10100",
        "lat_min": 6.88,
        "lat_max": 6.91,
        "lon_min": 79.89,
        "lon_max": 79.91
      }
    ],
    "common": [
      {
        "city": "Kandy",
        "state": "Central",
        "state_abbr": "CP",
        "postcode_prefix": "20000",
        "lat_min": 7.28,
        "lat_max": 7.31,
        "lon_min": 80.63,
        "lon_max": 80.66
      },
      {
        "city": "Galle",
        "state": "Southern",
        "state_abbr": "SP",
        "postcode_prefix": "80000",
        "lat_min": 6.03,
        "lat_max": 6.05,
        "lon_min": 80.21,
        "lon_max": 80.23
      },
      {
        "city": "Negombo",
        "state": "Western",
        "state_abbr": "WP",
        "postcode_prefix": "11500",
        "lat_min": 7.20,
        "lat_max": 7.22,
        "lon_min": 79.83,
        "lon_max": 79.85
      },
      {
        "city": "Jaffna",
        "state": "Northern",
        "state_abbr": "NP",
        "postcode_prefix": "40000",
        "lat_min": 9.66,
        "lat_max": 9.68,
        "lon_min": 80.00,
        "lon_max": 80.02
      },
      {
        "city": "Batticaloa",
        "state": "Eastern",
        "state_abbr": "EP",
        "postcode_prefix": "30000",
        "lat_min": 7.72,
        "lat_max": 7.74,
        "lon_min": 81.69,
        "lon_max": 81.71
      },
      {
        "city": "Moratuwa",
        "state": "Western",
        "state_abbr": "WP",
        "postcode_prefix": "10400",
        "lat_min": 6.77,
        "lat_max": 6.79,
        "lon_min": 79.87,
        "lon_max": 79.89
      }
    ],
    "uncommon": [
      {
        "city": "Matara",
        "state": "Southern",
        "state_abbr": "SP",
        "postcode_prefix": "81000",
        "lat_min": 5.94,
        "lat_max": 5.96,
        "lon_min": 80.53,
        "lon_max": 80.55
      },
      {
        "city": "Anuradhapura",
        "state": "North Central",
        "state_abbr": "NC",
        "postcode_prefix": "50000",
        "lat_min": 8.33,
        "lat_max": 8.35,
        "lon_min": 80.40,
        "lon_max": 80.42
      },
      {
        "city": "Ratnapura",
        "state": "Sabaragamuwa",
        "state_abbr": "SG",
        "postcode_prefix": "70000",
        "lat_min": 6.68,
        "lat_max": 6.70,
        "lon_min": 80.38,
        "lon_max": 80.40
      },
      {
        "city": "Trincomalee",
        "state": "Eastern",
        "state_abbr": "EP",
        "postcode_prefix": "31000",
        "lat_min": 8.57,
        "lat_max": 8.59,
        "lon_min": 81.23,
        "lon_max": 81.25
      },
      {
        "city": "Kurunegala",
        "state": "North Western",
        "state_abbr": "NW",
        "postcode_prefix": "60000",
        "lat_min": 7.48,
        "lat_max": 7.50,
        "lon_min": 80.36,
        "lon_max": 80.38
      },
      {
        "city": "Badulla",
        "state": "Uva",
        "state_abbr": "UV",
        "postcode_prefix": "90000",
        "lat_min": 6.98,
        "lat_max": 7.00,
        "lon_min": 81.05,
        "lon_max": 81.07
      },
      {
        "city": "Gampaha",
        "state": "Western",
        "state_abbr": "WP",
        "postcode_prefix": "11000",
        "lat_min": 7.08,
        "lat_max": 7.10,
        "lon_min": 79.99,
        "lon_max": 80.01
      },
      {
        "city": "Kalutara",
        "state": "Western",
        "state_abbr": "WP",
        "postcode_prefix": "12000",
        "lat_min": 6.58,
        "lat_max": 6.60,
        "lon_min": 79.95,
        "lon_max": 79.97
      },
      {
        "city": "Nuwara Eliya",
        "state": "Central",
        "state_abbr": "CP",
        "postcode_prefix": "22200",
        "lat_min": 6.97,
        "lat_max": 6.99,
        "lon_min": 80.76,
        "lon_max": 80.78
      }
    ],
    "rare": [
      {
        "city": "Polonnaruwa",
        "state": "North Central",
        "state_abbr": "NC",
        "postcode_prefix": "51000",
        "lat_min": 7.93,
        "lat_max": 7.95,
        "lon_min": 81.00,
        "lon_max": 81.02
      },
      {
        "city": "Dambulla",
        "state": "Central",
        "state_abbr": "CP",
        "postcode_prefix": "21100",
        "lat_min": 7.86,
        "lat_max": 7.88,
        "lon_min": 80.65,
        "lon_max": 80.67
      },
      {
        "city": "Sigiriya",
        "state": "Central",
        "state_abbr": "CP",
        "postcode_prefix": "21120",
        "lat_min": 7.95,
        "lat_max": 7.97,
        "lon_min": 80.75,
        "lon_max": 80.77
      },
      {
        "city": "Hambantota",
        "state": "Southern",
        "state_abbr": "SP",
        "postcode_prefix": "82000",
        "lat_min": 6.12,
        "lat_max": 6.14,
        "lon_min": 81.11,
        "lon_max": 81.13
      },
      {
        "city": "Kilinochchi",
        "state": "Northern",
        "state_abbr": "NP",
        "postcode_prefix": "44000",
        "lat_min": 9.38,
        "lat_max": 9.40,
        "lon_min": 80.37,
        "lon_max": 80.39
      },
      {
        "city": "Vavuniya",
        "state": "Northern",
        "state_abbr": "NP",
        "postcode_prefix": "43000",
        "lat_min": 8.75,
        "lat_max": 8.77,
        "lon_min": 80.49,
        "lon_max": 80.51
      },
      {
        "city": "Mannar",
        "state": "Northern",
        "state_abbr": "NP",
        "postcode_prefix": "41000",
        "lat_min": 8.98,
        "lat_max": 9.00,
        "lon_min": 79.90,
        "lon_max": 79.92
      },
      {
        "city": "Ampara",
        "state": "Eastern",
        "state_abbr": "EP",
        "postcode_prefix": "32000",
        "lat_min": 7.29,
        "lat_max": 7.31,
        "lon_min": 81.67,
        "lon_max": 81.69
      },
      {
        "city": "Kegalle",
        "state": "Sabaragamuwa",
        "state_abbr": "SG",
        "postcode_prefix": "71000",
        "lat_min": 7.25,
        "lat_max": 7.27,
        "lon_min": 80.34,
        "lon_max": 80.36
      },
      {
        "city": "Puttalam",
        "state": "North Western",
        "state_abbr": "NW",
        "postcode_prefix": "61300",
        "lat_min": 8.03,
        "lat_max": 8.05,
        "lon_min": 79.82,
        "lon_max": 79.84
      },
      {
        "city": "Matale",
        "state": "Central",
        "state_abbr": "CP",
        "postcode_prefix": "21000",
        "lat_min": 7.46,
        "lat_max": 7.48,
        "lon_min": 80.62,
        "lon_max": 80.64
      },
      {
        "city": "Ella",
        "state": "Uva",
        "state_abbr": "UV",
        "postcode_prefix": "90090",
        "lat_min": 6.87,
        "lat_max": 6.89,
        "lon_min": 81.04,
        "lon_max": 81.06
      }
    ]
  },
  "streets_by_city": {
    "Colombo": [
      "Galle Road", "Duplication Road", "R.A. De Mel Mawatha", "Bauddhaloka Mawatha",
      "Baseline Road", "D.S. Senanayake Mawatha", "Independence Avenue", "Havelock Road",
      "Ward Place", "Ananda Coomaraswamy Mawatha", "Dharmapala Mawatha",
      "Chatham Street", "York Street", "Main Street", "Dam Street",
      "Hospital Road", "Lotus Road", "Marine Drive", "Maitland Crescent",
      "W.A. Silva Mawatha", "Colombo-Kandy Road", "Kynsey Road", "Station Road",
      "High Level Road", "Kollupitiya Road", "Torrington Avenue",
      "Gregory's Road", "Wijerama Mawatha", "Beira Lake Road", "Park Street"
    ],
    "Dehiwala-Mount Lavinia": [
      "Galle Road", "Station Road", "Hospital Road", "Temple Road",
      "De Soysa Avenue", "Beach Road", "Samudra Mawatha",
      "College Avenue", "Kawdana Road", "Dehiwala Road"
    ],
    "Sri Jayawardenepura Kotte": [
      "Parliament Road", "Denzil Kobbekaduwa Mawatha", "Battaramulla Road",
      "Kotte Road", "Rajagiriya Road", "Nawala Road",
      "Sri Jayawardenepura Mawatha", "Ethul Kotte Road"
    ],
    "Kandy": [
      "Dalada Veediya", "Peradeniya Road", "D.S. Senanayake Veediya",
      "Colombo Street", "King Street", "Trincomalee Street",
      "Ward Street", "Yatinuwara Veediya", "Castle Hill Street",
      "Katugastota Road", "Rajapihilla Mawatha", "Temple Road"
    ],
    "Galle": [
      "Church Street", "Pedlar Street", "Lighthouse Street", "Hospital Street",
      "Leyn Baan Street", "Rampart Street", "Middle Street",
      "Matara Road", "Closenberg Road", "Fort Road"
    ],
    "Negombo": [
      "Lewis Place", "Main Street", "Poruthota Road", "Beach Road",
      "Colombo Road", "Chilaw Road", "Fish Market Road",
      "Hamilton Canal Road", "Fernando Lane", "Station Road"
    ],
    "Jaffna": [
      "Hospital Road", "Main Street", "Stanley Road", "Point Pedro Road",
      "Temple Road", "KKS Road", "Kandy Road",
      "Navalar Road", "Kasturiyar Road", "Manipay Road"
    ],
    "Batticaloa": [
      "Bar Road", "Trincomalee Road", "Lloyds Avenue", "Hospital Road",
      "Main Street", "Bazaar Street", "Station Road", "Lagoon Road"
    ],
    "Moratuwa": [
      "Galle Road", "Station Road", "Rawatawatte Road", "De Soysa Road",
      "Katubedda Road", "University Road", "Beach Road", "Lake Road"
    ],
    "Matara": [
      "Anagarika Dharmapala Mawatha", "Beach Road", "Uyanwatte Road",
      "Wilfred Gunasekara Mawatha", "Galle Road", "Main Street"
    ],
    "Anuradhapura": [
      "Main Street", "Maithripala Senanayake Mawatha", "Mihintale Road",
      "Rowing Club Road", "Dharmapala Mawatha", "Sacred City Road"
    ],
    "Ratnapura": [
      "Main Street", "Colombo Road", "Gem Market Road",
      "Hospital Road", "Pelmadulla Road", "Bandaranayake Mawatha"
    ],
    "Trincomalee": [
      "Main Street", "Fort Frederick Road", "Dockyard Road",
      "Power House Road", "Kandy Road", "Beach Road"
    ],
    "Kurunegala": [
      "Colombo Road", "Kandy Road", "Negombo Road",
      "Puttalam Road", "Dambulla Road", "Maliyadeva Road"
    ],
    "Badulla": [
      "Main Street", "Hali Ela Road", "Bandarawela Road",
      "Hospital Road", "Mahiyangana Road", "Passara Road"
    ],
    "Gampaha": [
      "Colombo Road", "Kandy Road", "Negombo Road",
      "Station Road", "Hospital Road", "Yakkala Road"
    ],
    "Kalutara": [
      "Galle Road", "Main Street", "Hospital Road",
      "Colombo Road", "Pothupitiya Road", "Richmond Hill Road"
    ],
    "Nuwara Eliya": [
      "Grand Hotel Road", "Unique View Road", "Badulla Road",
      "Queen Elizabeth Drive", "Park Road", "Gregory Lake Road"
    ],
    "Polonnaruwa": [
      "Main Street", "Batticaloa Road", "Habarana Road",
      "Museum Road", "Sacred City Road", "Lake Road"
    ],
    "Dambulla": [
      "Main Street", "Kandy Road", "Anuradhapura Road",
      "Sigiriya Road", "Hospital Road", "Cave Temple Road"
    ],
    "Sigiriya": [
      "Sigiriya Road", "Rock Fortress Road", "Museum Road",
      "Habarana Road", "Dambulla Road", "Heritage Road"
    ],
    "Hambantota": [
      "Main Street", "Port Road", "Tangalle Road",
      "Tissamaharama Road", "Beach Road", "Stadium Road"
    ],
    "Kilinochchi": [
      "Main Street", "Kandy Road", "Jaffna Road",
      "Hospital Road", "A9 Highway", "Station Road"
    ],
    "Vavuniya": [
      "Main Street", "Kandy Road", "Jaffna Road",
      "Hospital Road", "Railway Station Road", "Horowpathana Road"
    ],
    "Mannar": [
      "Main Street", "Talaimannar Road", "Causeway Road",
      "Fort Road", "Hospital Road", "Beach Road"
    ],
    "Ampara": [
      "Main Street", "Hospital Road", "Batticaloa Road",
      "Kalmunai Road", "Inginiyagala Road", "D.S. Senanayake Road"
    ],
    "Kegalle": [
      "Main Street", "Colombo Road", "Kandy Road",
      "Hospital Road", "Rambukkana Road", "Pinnawala Road"
    ],
    "Puttalam": [
      "Main Street", "Colombo Road", "Chilaw Road",
      "Kalpitiya Road", "Hospital Road", "Kurunegala Road"
    ],
    "Matale": [
      "Main Street", "Kandy Road", "Dambulla Road",
      "Trincomalee Road", "Hospital Road", "Rattota Road"
    ],
    "Ella": [
      "Main Street", "Passara Road", "Badulla Road",
      "Wellawaya Road", "Ravana Falls Road", "Little Adam's Peak Road"
    ]
  },
  "postcode_format": "#####",
  "address_formats": [
    "{street}, {city}, {state} Province",
    "No. ###, {street}, {city}"
  ],
  "country": "Sri Lanka",
  "country_code": "LK",
  "phone_area_codes": {
    "Western": "11",
    "Central": "81",
    "Southern": "91",
    "Northern": "21",
    "Eastern": "65",
    "North Western": "37",
    "North Central": "25",
    "Uva": "55",
    "Sabaragamuwa": "45"
  },
  "phone_format": "+94 {area_code} ### ####"
}
