{
  "locations": [
    {"city": "Lisboa", "exonym": "Lisbon", "state": "Lisboa", "state_abbr": "LI", "postcode_prefix": "1000", "lat_min": 38.70, "lat_max": 38.80, "lon_min": -9.20, "lon_max": -9.10},
    {"city": "Porto", "state": "Porto", "state_abbr": "PR", "postcode_prefix": "4000", "lat_min": 41.14, "lat_max": 41.18, "lon_min": -8.65, "lon_max": -8.58},
    {"city": "Vila Nova de Gaia", "state": "Porto", "state_abbr": "PR", "postcode_prefix": "4400", "lat_min": 41.10, "lat_max": 41.14, "lon_min": -8.64, "lon_max": -8.58},
    {"city": "Amadora", "state": "Lisboa", "state_abbr": "LI", "postcode_prefix": "2700", "lat_min": 38.74, "lat_max": 38.78, "lon_min": -9.24, "lon_max": -9.20},
    {"city": "Braga", "state": "Braga", "state_abbr": "BR", "postcode_prefix": "4700", "lat_min": 41.54, "lat_max": 41.56, "lon_min": -8.44, "lon_max": -8.40},
    {"city": "Setúbal", "state": "Setúbal", "state_abbr": "SE", "postcode_prefix": "2900", "lat_min": 38.52, "lat_max": 38.54, "lon_min": -8.92, "lon_max": -8.88},
    {"city": "Coimbra", "state": "Coimbra", "state_abbr": "CO", "postcode_prefix": "3000", "lat_min": 40.20, "lat_max": 40.22, "lon_min": -8.44, "lon_max": -8.40},
    {"city": "Funchal", "state": "Madeira", "state_abbr": "MA", "postcode_prefix": "9000", "lat_min": 32.64, "lat_max": 32.66, "lon_min": -16.94, "lon_max": -16.90},
    {"city": "Almada", "state": "Setúbal", "state_abbr": "SE", "postcode_prefix": "2800", "lat_min": 38.66, "lat_max": 38.68, "lon_min": -9.18, "lon_max": -9.14},
    {"city": "Agualva-Cacém", "state": "Lisboa", "state_abbr": "LI", "postcode_prefix": "2735", "lat_min": 38.76, "lat_max": 38.78, "lon_min": -9.30, "lon_max": -9.28},
    {"city": "Queluz", "state": "Lisboa", "state_abbr": "LI", "postcode_prefix": "2745", "lat_min": 38.75, "lat_max": 38.77, "lon_min": -9.26, "lon_max": -9.24},
    {"city": "Leiria", "state": "Leiria", "state_abbr": "LE", "postcode_prefix": "2400", "lat_min": 39.74, "lat_max": 39.76, "lon_min": -8.82, "lon_max": -8.80},
    {"city": "Aveiro", "state": "Aveiro", "state_abbr": "AV", "postcode_prefix": "3800", "lat_min": 40.64, "lat_max": 40.66, "lon_min": -8.66, "lon_max": -8.64},
    {"city": "Évora", "state": "Évora", "state_abbr": "EV", "postcode_prefix": "7000", "lat_min": 38.56, "lat_max": 38.58, "lon_min": -7.92, "lon_max": -7.90},
    {"city": "Faro", "state": "Faro", "state_abbr": "FA", "postcode_prefix": "8000", "lat_min": 37.02, "lat_max": 37.04, "lon_min": -7.94, "lon_max": -7.92},
    {"city": "Guimarães", "state": "Braga", "state_abbr": "BR", "postcode_prefix": "4800", "lat_min": 41.44, "lat_max": 41.46, "lon_min": -8.30, "lon_max": -8.28},
    {"city": "Viseu", "state": "Viseu", "state_abbr": "VI", "postcode_prefix": "3500", "lat_min": 40.66, "lat_max": 40.68, "lon_min": -7.92, "lon_max": -7.90},
    {"city": "Viana do Castelo", "state": "Viana do Castelo", "state_abbr": "VC", "postcode_prefix": "4900", "lat_min": 41.69, "lat_max": 41.71, "lon_min": -8.84, "lon_max": -8.82},
    {"city": "Matosinhos", "state": "Porto", "state_abbr": "PR", "postcode_prefix": "4450", "lat_min": 41.18, "lat_max": 41.20, "lon_min": -8.70, "lon_max": -8.68},
    {"city": "Gondomar", "state": "Porto", "state_abbr": "PR", "postcode_prefix": "4420", "lat_min": 41.14, "lat_max": 41.16, "lon_min": -8.54, "lon_max": -8.52},
    {"city": "Santa Maria da Feira", "state": "Aveiro", "state_abbr": "AV", "postcode_prefix": "4520", "lat_min": 40.92, "lat_max": 40.94, "lon_min": -8.56, "lon_max": -8.54},
    {"city": "Maia", "state": "Porto", "state_abbr": "PR", "postcode_prefix": "4470", "lat_min": 41.23, "lat_max": 41.25, "lon_min": -8.62, "lon_max": -8.60},
    {"city": "Barcelos", "state": "Braga", "state_abbr": "BR", "postcode_prefix": "4750", "lat_min": 41.53, "lat_max": 41.55, "lon_min": -8.62, "lon_max": -8.60},
    {"city": "Portimão", "state": "Faro", "state_abbr": "FA", "postcode_prefix": "8500", "lat_min": 37.13, "lat_max": 37.15, "lon_min": -8.54, "lon_max": -8.52},
    {"city": "Cascais", "state": "Lisboa", "state_abbr": "LI", "postcode_prefix": "2750", "lat_min": 38.69, "lat_max": 38.71, "lon_min": -9.42, "lon_max": -9.40},
    {"city": "Loures", "state": "Lisboa", "state_abbr": "LI", "postcode_prefix": "2670", "lat_min": 38.83, "lat_max": 38.85, "lon_min": -9.18, "lon_max": -9.16},
    {"city": "Sintra", "state": "Lisboa", "state_abbr": "LI", "postcode_prefix": "2710", "lat_min": 38.80, "lat_max": 38.82, "lon_min": -9.38, "lon_max": -9.36},
    {"city": "Vila Real", "state": "Vila Real", "state_abbr": "VR", "postcode_prefix": "5000", "lat_min": 41.30, "lat_max": 41.32, "lon_min": -7.76, "lon_max": -7.74},
    {"city": "Bragança", "state": "Bragança", "state_abbr": "BG", "postcode_prefix": "5300", "lat_min": 41.80, "lat_max": 41.82, "lon_min": -6.76, "lon_max": -6.74},
    {"city": "Ponta Delgada", "state": "Açores", "state_abbr": "AC", "postcode_prefix": "9500", "lat_min": 37.74, "lat_max": 37.76, "lon_min": -25.68, "lon_max": -25.66}
  ],
  "streets_by_city": {
    "Lisboa": ["Rua Augusta", "Avenida da Liberdade", "Rua do Ouro", "Rua da Prata", "Rua Garrett", "Rua do Carmo", "Avenida Almirante Reis", "Rua de Santa Justa", "Avenida da República", "Rua dos Fanqueiros"],
    "Porto": ["Rua de Santa Catarina", "Avenida dos Aliados", "Rua das Flores", "Rua de Cedofeita", "Rua Mouzinho da Silveira", "Rua Sá da Bandeira", "Rua de Fernandes Tomás", "Rua do Almada", "Rua de Passos Manuel", "Avenida da Boavista"],
    "Vila Nova de Gaia": ["Avenida da República", "Rua Cândido dos Reis", "Rua Conselheiro Veloso da Cruz", "Rua Serpa Pinto", "Rua de França", "Rua Ramos Pinto", "Avenida Diogo Leite", "Rua Barão de Forrester", "Rua Guilherme Gomes Fernandes", "Rua General Torres"],
    "Amadora": ["Avenida Gago Coutinho", "Rua Elias Garcia", "Avenida Dom José I", "Rua da República", "Avenida 25 de Abril", "Rua Miguel Bombarda", "Rua Almirante Gago Coutinho", "Avenida Comandante Gilberto Duarte e Duarte", "Rua Alexandre Herculano", "Rua Dr. Francisco Sá Carneiro"],
    "Braga": ["Avenida Central", "Rua do Souto", "Avenida da Liberdade", "Rua Dom Diogo de Sousa", "Rua de São Marcos", "Rua dos Capelistas", "Rua Dom Frei Caetano Brandão", "Praça da República", "Rua Andrade Corvo", "Rua do Raio"],
    "Setúbal": ["Avenida Luísa Todi", "Rua Major Afonso Pala", "Avenida 22 de Dezembro", "Rua Augusto Cardoso", "Rua Serpa Pinto", "Praça de Bocage", "Rua Álvaro Castelões", "Rua Arronches Junqueiro", "Rua Dr. Paula Borba", "Rua Frei Gaspar"],
    "Coimbra": ["Rua Ferreira Borges", "Rua Visconde da Luz", "Avenida Sá da Bandeira", "Rua da Sofia", "Avenida Fernão de Magalhães", "Rua Olímpio Nicolau Rui Fernandes", "Rua Direita", "Rua do Corpo de Deus", "Rua Padre António Vieira", "Rua João de Ruão"],
    "Funchal": ["Avenida Arriaga", "Rua da Carreira", "Avenida do Mar", "Rua Fernão de Ornelas", "Rua Dr. Brito Câmara", "Rua dos Ferreiros", "Avenida Zarco", "Rua do Aljube", "Rua da Alfândega", "Rua de Santa Maria"],
    "Almada": ["Avenida Dom Nuno Álvares Pereira", "Rua Capitão Leitão", "Avenida 25 de Abril", "Rua Comandante António Feio", "Rua Bernardo Francisco da Costa", "Rua António José Gomes", "Rua Dr. Manuel de Arriaga", "Rua da Liberdade", "Rua Marquês de Pombal", "Praça Gil Vicente"],
    "Agualva-Cacém": ["Avenida dos Bons Amigos", "Rua Elias Garcia", "Avenida da Liberdade", "Rua Dr. Francisco Sá Carneiro", "Rua de Angola", "Rua de Moçambique", "Avenida do Ultramar", "Rua 28 de Maio", "Rua Óscar Monteiro Torres", "Rua Luís de Camões"],
    "Queluz": ["Avenida da República", "Rua Direita", "Rua Almirante Reis", "Avenida dos Combatentes", "Rua Miguel Bombarda", "Rua Padre Cruz", "Avenida António Ennes", "Rua Dr. Teófilo Braga", "Rua Alexandre Herculano", "Rua Guerra Junqueiro"],
    "Leiria": ["Rua Direita", "Avenida Heróis de Angola", "Rua Barão de Viamonte", "Rua de São Pedro", "Rua Tenente Valadim", "Rua Machado dos Santos", "Praça Rodrigues Lobo", "Rua Dr. Correia Mateus", "Avenida Cidade de Maringá", "Rua das Olhalvas"],
    "Aveiro": ["Avenida Dr. Lourenço Peixinho", "Rua de Coimbra", "Rua Direita", "Rua José Estevão", "Rua dos Mercadores", "Rua João Mendonça", "Rua Gustavo Ferreira Pinto Basto", "Avenida Santa Joana", "Rua de Viseu", "Rua do Gravito"],
    "Évora": ["Rua 5 de Outubro", "Praça do Giraldo", "Rua de Serpa Pinto", "Rua João de Deus", "Rua da República", "Rua de Machede", "Rua Miguel Bombarda", "Largo da Porta de Moura", "Rua do Raimundo", "Rua Diogo Cão"],
    "Faro": ["Rua de Santo António", "Rua Conselheiro Bívar", "Avenida da República", "Rua Dr. Francisco Gomes", "Rua Vasco da Gama", "Rua de Portugal", "Rua Infante Dom Henrique", "Rua do Prior", "Praça Dom Francisco Gomes", "Rua Batista Lopes"],
    "Guimarães": ["Largo da Oliveira", "Rua de Santa Maria", "Rua Gil Vicente", "Avenida Dom Afonso Henriques", "Rua de Camões", "Rua do Serralho", "Rua Paio Galvão", "Rua Conde Dom Henrique", "Rua de Santo António", "Rua de São Gonçalo"],
    "Viseu": ["Rua Direita", "Rua Formosa", "Avenida Emídio Navarro", "Rua do Comércio", "Rua Dr. Luís Ferreira", "Praça da República", "Rua Augusto Hilário", "Avenida Capitão Homem Ribeiro", "Rua dos Andrades", "Rua Dom Duarte"],
    "Viana do Castelo": ["Rua Manuel Espregueira", "Avenida dos Combatentes da Grande Guerra", "Rua Grande", "Rua do Hospital Velho", "Praça da República", "Rua de São Pedro", "Rua da Bandeira", "Rua do Poço", "Rua Gago Coutinho", "Avenida do Atlântico"],
    "Matosinhos": ["Rua Brito Capelo", "Avenida da República", "Rua Roberto Ivens", "Rua de França", "Rua Alfredo Cunha", "Avenida Menéres", "Rua Sousa Aroso", "Rua do Godinho", "Rua Heróis de França", "Avenida Dom Afonso Henriques"],
    "Gondomar": ["Rua Direita", "Avenida Dr. Marco Figueiredo", "Rua Dr. Joaquim de Almeida", "Rua de São Cosme", "Rua da Alegria", "Rua da Igreja", "Avenida da República", "Rua 5 de Outubro", "Rua António Ferreira Gomes", "Rua Padre Américo"],
    "Santa Maria da Feira": ["Rua dos Descobrimentos", "Avenida Dr. Belchior Cardoso da Costa", "Rua da Misericórdia", "Rua do Castelo", "Rua Dr. Roberto Alves", "Praça da República", "Rua do Outeiro", "Rua Dr. Vitorino Nemésio", "Rua de Santo António", "Avenida da Índia"],
    "Maia": ["Rua Dr. Carlos Felgueiras", "Avenida Visconde de Barreiros", "Rua Nova da Maia", "Rua Dr. Carlos Felgueiras", "Avenida Dr. Vieira de Carvalho", "Rua do Lidador", "Rua 5 de Outubro", "Rua Dr. Alberto Faria", "Rua do Padrão", "Avenida Santos Dumont"],
    "Barcelos": ["Rua Direita", "Avenida da Liberdade", "Rua Duques de Bragança", "Largo da Porta Nova", "Rua Dom António Barroso", "Rua Fernando Magalhães", "Rua Cónego Joaquim Gaiolas", "Rua de Santo André", "Rua de São Bento", "Praça do Município"],
    "Portimão": ["Rua Direita", "Avenida São João de Deus", "Rua 5 de Outubro", "Rua Serpa Pinto", "Rua do Comércio", "Largo 1º de Dezembro", "Rua Infante Dom Henrique", "Rua Dr. João de Deus", "Rua Teófilo Braga", "Avenida Miguel Bombarda"],
    "Cascais": ["Rua Frederico Arouca", "Avenida Valbom", "Rua da Misericórdia", "Avenida Marginal", "Rua Afonso Sanches", "Rua Visconde da Luz", "Rua de São Sebastião", "Rua das Flores", "Avenida 25 de Abril", "Largo Luís de Camões"],
    "Loures": ["Avenida da República", "Rua da Liberdade", "Rua de Lisboa", "Avenida do Brasil", "Rua Dr. Manuel de Arriaga", "Rua 5 de Outubro", "Rua Duque de Palmela", "Rua Alexandre Herculano", "Rua Cândido dos Reis", "Praça da República"],
    "Sintra": ["Rua das Padarias", "Volta do Duche", "Rua da Ferraria", "Rua Visconde de Monserrate", "Rua Gil Vicente", "Praça da República", "Rua Conselheiro Pedro Víctor da Costa Sequeira", "Avenida do Atlântico", "Rua Dr. Alfredo Costa", "Rua João de Deus"],
    "Vila Real": ["Rua Direita", "Avenida Carvalho Araújo", "Rua Central", "Rua Miguel Bombarda", "Rua Dr. Manuel Cardona", "Rua Serpa Pinto", "Avenida 1º de Maio", "Rua Marquês de Pombal", "Rua Alexandre Herculano", "Praça Luís de Camões"],
    "Bragança": ["Rua Direita", "Avenida João da Cruz", "Rua Almirante Reis", "Rua Emídio Navarro", "Rua do Loreto", "Praça da Sé", "Rua Alexandre Herculano", "Rua Abílio Beça", "Rua dos Combatentes da Grande Guerra", "Avenida Sá Carneiro"],
    "Ponta Delgada": ["Rua Machado dos Santos", "Avenida Infante Dom Henrique", "Rua do Contador", "Rua José do Canto", "Rua Carvalho Araújo", "Avenida Príncipe do Mónaco", "Rua Conselheiro Dr. Luís Bettencourt de Medeiros e Câmara", "Praça Gonçalo Velho Cabral", "Rua Marquês da Praia e Monforte", "Rua de São Pedro"]
  },
  "postcode_format": "####-###",
  "address_formats": [
    "{street} {building_number}, {postcode} {city}",
    "{street} {building_number}, {unit}º, {postcode} {city}"
  ],
  "country": "Portugal",
  "country_code": "PT",
  "phone_area_codes": {
    "Lisboa": ["21"],
    "Porto": ["22"],
    "Braga": ["253"],
    "Setúbal": ["265"],
    "Coimbra": ["239"],
    "Madeira": ["291"],
    "Aveiro": ["234"],
    "Évora": ["266"],
    "Faro": ["289"],
    "Viseu": ["232"],
    "Viana do Castelo": ["258"],
    "Leiria": ["244"],
    "Vila Real": ["259"],
    "Bragança": ["273"],
    "Açores": ["296"]
  }
}
