{
  "locations": {
    "very_common": [
      {
        "city": "Accra",
        "state": "Greater Accra",
        "state_abbr": "GA",
        "postcode_prefix": "GA",
        "lat_min": 5.52,
        "lat_max": 5.67,
        "lon_min": -0.3,
        "lon_max": -0.1
      },
      {
        "city": "Kumasi",
        "state": "Ashanti",
        "state_abbr": "AH",
        "postcode_prefix": "AK",
        "lat_min": 6.65,
        "lat_max": 6.75,
        "lon_min": -1.68,
        "lon_max": -1.55
      },
      {
        "city": "Tamale",
        "state": "Northern",
        "state_abbr": "NR",
        "postcode_prefix": "TL",
        "lat_min": 9.38,
        "lat_max": 9.45,
        "lon_min": -0.87,
        "lon_max": -0.8
      }
    ],
    "common": [
      {
        "city": "Takoradi",
        "state": "Western",
        "state_abbr": "WR",
        "postcode_prefix": "WS",
        "lat_min": 4.88,
        "lat_max": 4.95,
        "lon_min": -1.78,
        "lon_max": -1.72
      },
      {
        "city": "Cape Coast",
        "state": "Central",
        "state_abbr": "CR",
        "postcode_prefix": "CC",
        "lat_min": 5.09,
        "lat_max": 5.14,
        "lon_min": -1.27,
        "lon_max": -1.21
      },
      {
        "city": "Tema",
        "state": "Greater Accra",
        "state_abbr": "GA",
        "postcode_prefix": "TE",
        "lat_min": 5.63,
        "lat_max": 5.69,
        "lon_min": -0.02,
        "lon_max": 0.05
      },
      {
        "city": "Koforidua",
        "state": "Eastern",
        "state_abbr": "ER",
        "postcode_prefix": "EK",
        "lat_min": 6.08,
        "lat_max": 6.12,
        "lon_min": -0.28,
        "lon_max": -0.23
      },
      {
        "city": "Sunyani",
        "state": "Bono",
        "state_abbr": "BO",
        "postcode_prefix": "SY",
        "lat_min": 7.33,
        "lat_max": 7.38,
        "lon_min": -2.35,
        "lon_max": -2.3
      },
      {
        "city": "Ho",
        "state": "Volta",
        "state_abbr": "VR",
        "postcode_prefix": "VH",
        "lat_min": 6.59,
        "lat_max": 6.62,
        "lon_min": 0.46,
        "lon_max": 0.49
      }
    ],
    "uncommon": [
      {
        "city": "Obuasi",
        "state": "Ashanti",
        "state_abbr": "AH",
        "postcode_prefix": "AO",
        "lat_min": 6.18,
        "lat_max": 6.22,
        "lon_min": -1.69,
        "lon_max": -1.64
      },
      {
        "city": "Teshie",
        "state": "Greater Accra",
        "state_abbr": "GA",
        "postcode_prefix": "GT",
        "lat_min": 5.58,
        "lat_max": 5.6,
        "lon_min": -0.11,
        "lon_max": -0.08
      },
      {
        "city": "Wa",
        "state": "Upper West",
        "state_abbr": "UW",
        "postcode_prefix": "UW",
        "lat_min": 10.05,
        "lat_max": 10.08,
        "lon_min": -2.52,
        "lon_max": -2.48
      },
      {
        "city": "Bolgatanga",
        "state": "Upper East",
        "state_abbr": "UE",
        "postcode_prefix": "UE",
        "lat_min": 10.78,
        "lat_max": 10.8,
        "lon_min": -0.86,
        "lon_max": -0.83
      },
      {
        "city": "Winneba",
        "state": "Central",
        "state_abbr": "CR",
        "postcode_prefix": "CW",
        "lat_min": 5.34,
        "lat_max": 5.36,
        "lon_min": -0.64,
        "lon_max": -0.61
      },
      {
        "city": "Nkawkaw",
        "state": "Eastern",
        "state_abbr": "ER",
        "postcode_prefix": "EN",
        "lat_min": 6.53,
        "lat_max": 6.56,
        "lon_min": -0.78,
        "lon_max": -0.75
      },
      {
        "city": "Techiman",
        "state": "Bono East",
        "state_abbr": "BE",
        "postcode_prefix": "BT",
        "lat_min": 7.58,
        "lat_max": 7.6,
        "lon_min": -1.94,
        "lon_max": -1.92
      },
      {
        "city": "Hohoe",
        "state": "Volta",
        "state_abbr": "VR",
        "postcode_prefix": "VK",
        "lat_min": 7.14,
        "lat_max": 7.16,
        "lon_min": 0.47,
        "lon_max": 0.49
      },
      {
        "city": "Aflao",
        "state": "Volta",
        "state_abbr": "VR",
        "postcode_prefix": "VA",
        "lat_min": 6.09,
        "lat_max": 6.12,
        "lon_min": 1.17,
        "lon_max": 1.2
      }
    ],
    "rare": [
      {
        "city": "Axim",
        "state": "Western",
        "state_abbr": "WR",
        "postcode_prefix": "WX",
        "lat_min": 4.86,
        "lat_max": 4.88,
        "lon_min": -2.24,
        "lon_max": -2.22
      },
      {
        "city": "Saltpond",
        "state": "Central",
        "state_abbr": "CR",
        "postcode_prefix": "CS",
        "lat_min": 5.2,
        "lat_max": 5.22,
        "lon_min": -1.07,
        "lon_max": -1.05
      },
      {
        "city": "Keta",
        "state": "Volta",
        "state_abbr": "VR",
        "postcode_prefix": "VK",
        "lat_min": 5.91,
        "lat_max": 5.93,
        "lon_min": 0.98,
        "lon_max": 1.0
      },
      {
        "city": "Bawku",
        "state": "Upper East",
        "state_abbr": "UE",
        "postcode_prefix": "UB",
        "lat_min": 11.04,
        "lat_max": 11.07,
        "lon_min": -0.24,
        "lon_max": -0.22
      },
      {
        "city": "Nsawam",
        "state": "Eastern",
        "state_abbr": "ER",
        "postcode_prefix": "ES",
        "lat_min": 5.8,
        "lat_max": 5.82,
        "lon_min": -0.36,
        "lon_max": -0.34
      },
      {
        "city": "Konongo",
        "state": "Ashanti",
        "state_abbr": "AH",
        "postcode_prefix": "AK",
        "lat_min": 6.61,
        "lat_max": 6.63,
        "lon_min": -1.22,
        "lon_max": -1.2
      },
      {
        "city": "Yendi",
        "state": "Northern",
        "state_abbr": "NR",
        "postcode_prefix": "NY",
        "lat_min": 9.43,
        "lat_max": 9.45,
        "lon_min": -0.01,
        "lon_max": 0.01
      },
      {
        "city": "Berekum",
        "state": "Bono",
        "state_abbr": "BO",
        "postcode_prefix": "BB",
        "lat_min": 7.44,
        "lat_max": 7.46,
        "lon_min": -2.6,
        "lon_max": -2.58
      },
      {
        "city": "Dambai",
        "state": "Oti",
        "state_abbr": "OT",
        "postcode_prefix": "OD",
        "lat_min": 8.06,
        "lat_max": 8.08,
        "lon_min": -0.18,
        "lon_max": -0.16
      },
      {
        "city": "Nalerigu",
        "state": "North East",
        "state_abbr": "NE",
        "postcode_prefix": "NL",
        "lat_min": 10.52,
        "lat_max": 10.54,
        "lon_min": -0.37,
        "lon_max": -0.35
      },
      {
        "city": "Goaso",
        "state": "Ahafo",
        "state_abbr": "AF",
        "postcode_prefix": "AG",
        "lat_min": 6.8,
        "lat_max": 6.82,
        "lon_min": -2.52,
        "lon_max": -2.5
      },
      {
        "city": "Sefwi Wiawso",
        "state": "Western North",
        "state_abbr": "WN",
        "postcode_prefix": "WW",
        "lat_min": 6.2,
        "lat_max": 6.22,
        "lon_min": -2.49,
        "lon_max": -2.47
      }
    ]
  },
  "streets_by_city": {
    "Accra": [
      "Independence Avenue",
      "Oxford Street",
      "Kojo Thompson Road",
      "High Street",
      "Ring Road Central",
      "Liberation Road",
      "Castle Road",
      "Barnes Road",
      "Farrar Avenue",
      "Cantonments Road",
      "Gifford Road",
      "Switchback Lane",
      "Fifth Avenue",
      "Sixth Avenue",
      "Ambassadorial Enclave",
      "Jungle Road",
      "Airport Bypass Road",
      "Spintex Road",
      "Tetteh Quarshie Interchange",
      "Graphic Road",
      "Kinbu Road",
      "Kanda Highway",
      "Patrice Lumumba Road",
      "Starlets 91 Road",
      "Kwame Nkrumah Avenue",
      "George Walker Bush Highway",
      "John Evans Atta Mills High Street",
      "Gamel Abdel Nasser Avenue",
      "Stadium Road",
      "Boundary Road",
      "Tema Motorway",
      "Tetteh Quarshie Road",
      "Nii Lante Vanderpuije Road",
      "Ako Adjei Interchange Road",
      "Ring Road West",
      "Ring Road East",
      "Achimota Road",
      "University of Ghana Road",
      "Legon Bypass Road",
      "East Legon Road",
      "Adjiringanor Road",
      "Madina Road",
      "Atomic Road",
      "Haatso Road",
      "Dome Road",
      "Pokuase Road",
      "Mallam Road",
      "Mamprobi Road",
      "Dansoman Road",
      "Kaneshie Road",
      "Odorkor Road",
      "Tesano Road",
      "North Dzorwulu Road",
      "Ambassadorial Road",
      "Senchi Street",
      "Josif Tito Road",
      "Osu Badu Street",
      "Cantonments Close",
      "Rangoon Lane",
      "Labone Crescent",
      "First Osu Road",
      "Danquah Circle Road",
      "Osu Oxford Drive",
      "Labadi Beach Road",
      "La Road",
      "Teshie Road",
      "Burma Camp Road",
      "37 Military Hospital Road",
      "Ridge Roundabout Road",
      "Castle Drive",
      "Osu Cemetery Road",
      "Pig Farm Road",
      "Asylum Down Road",
      "Abeka Road",
      "Lapaz Road",
      "Awudome Road",
      "Circle Bypass Road",
      "Darkuman Road",
      "Mambi Road",
      "Miller Road",
      "Kokomlemle Road",
      "Kanda Estates Road",
      "North Ridge Road",
      "Tudu Road",
      "Makola Market Road",
      "James Town Road",
      "Ga Mashie Road",
      "Ussher Town Road",
      "Bubuashie Road",
      "Caprice Road",
      "Abbosey Okai Road",
      "Agbogbloshie Road",
      "Korle Bu Road",
      "Ring Road Bypass",
      "New Achimota Road",
      "Botanical Gardens Road",
      "CSIR Road",
      "Atomic Junction Road",
      "Shiashie Road",
      "Roman Ridge Road"
    ],
    "Kumasi": [
      "Harper Road",
      "Prempeh II Street",
      "Bekwai Road",
      "Lake Road",
      "Maxwell Road",
      "Southern Bypass",
      "Asafo Market Road",
      "Bantama High Street",
      "Adum Road",
      "Fuller Road",
      "Kejetia Road",
      "Manhyia Road",
      "Suame Roundabout Road",
      "Old Bekwai Road",
      "Sofoline Road",
      "Danyame Road",
      "Ahodwo Road",
      "Ridge Road",
      "Asokwa Road",
      "Ejisu Road",
      "Afful Nkwanta Road",
      "Magazine Road",
      "Oforikrom Road",
      "Ayigya Road"
    ],
    "Tamale": [
      "Hospital Road",
      "Bolgatanga Road",
      "Salaga Road",
      "Education Ridge Road",
      "Bank Road",
      "Market Road",
      "Cemetery Road",
      "Airport Road",
      "Nyohini Road",
      "Jisonayili Road",
      "Lamashegu Road",
      "Kalpohin Road",
      "Ward K Road",
      "Sakasaka Road",
      "Changli Road",
      "Kukuo Road"
    ],
    "Takoradi": [
      "Market Circle Road",
      "John Sarbah Road",
      "Chapel Hill Road",
      "Axim Road",
      "Liberation Road",
      "Beach Road",
      "Harbour Road",
      "European Town Road",
      "Amanful Road",
      "Kwame Nkrumah Road",
      "Airport Ridge Road",
      "Fijai Road"
    ],
    "Cape Coast": [
      "Commercial Street",
      "Jackson Street",
      "Tantri Road",
      "Aboom Wells Road",
      "Residential Area Road",
      "University Road",
      "Pedu Road",
      "Abura Road",
      "Kotokuraba Market Road",
      "London Bridge Road",
      "Bakaano Road",
      "Victoria Road"
    ],
    "Tema": [
      "Harbour Road",
      "Community One Road",
      "Motorway Extension",
      "High Street",
      "Meridian Road",
      "Sakumono Road",
      "Ashaiman Road",
      "Community Two Road",
      "Fishing Harbour Road",
      "Oil Refinery Road",
      "Valco Road",
      "Smelter Road"
    ],
    "Koforidua": [
      "Adweso Road",
      "Hospital Road",
      "Jackson Park Road",
      "Market Street",
      "Nsukwao Road",
      "Old Estate Road",
      "Ada Road",
      "Betom Road",
      "GN Bank Road",
      "Asokore Road"
    ],
    "Sunyani": [
      "Berekum Road",
      "Dormaa Road",
      "Market Road",
      "Hospital Road",
      "Residency Road",
      "Atronie Road",
      "Baakoniaba Road",
      "Nkwabeng Road",
      "Bono Regional Coordinating Council Road",
      "Chiraa Road"
    ],
    "Ho": [
      "Civic Centre Road",
      "Hospital Road",
      "Market Road",
      "Ho-Kpando Road",
      "University Road",
      "Bankoe Road",
      "Stadium Road",
      "Mawuli Road",
      "SOS Road",
      "Ho Polytechnic Road"
    ],
    "Obuasi": [
      "Market Road",
      "Station Road",
      "Hospital Road",
      "Adansi Road",
      "Miners Avenue",
      "Gausu Road",
      "Anyinam Road",
      "Tutuka Road",
      "Sam Jonah Road",
      "Bogobiri Road"
    ],
    "Teshie": [
      "Teshie-Nungua Road",
      "Lascala Road",
      "Greda Estate Road",
      "Community Road",
      "Teshie Link Road",
      "Tsuibleoo Road",
      "Okpotse Road",
      "Manna Mission Road"
    ],
    "Wa": [
      "Wa-Kumasi Road",
      "Hospital Road",
      "High Street",
      "SSNIT Road",
      "Wa Polytechnic Road",
      "Kambali Road",
      "Limanyiri Road",
      "Dondoli Road"
    ],
    "Bolgatanga": [
      "Commercial Street",
      "Hospital Road",
      "Navrongo Road",
      "Zuarungu Road",
      "Market Road",
      "Bazaar Road",
      "SSNIT Road",
      "Tindonmoligo Road"
    ],
    "Winneba": [
      "Swedru Road",
      "High Street",
      "University Road",
      "Market Road",
      "Hospital Road",
      "Fishing Harbour Road",
      "North Road",
      "Lagoon Road"
    ],
    "Nkawkaw": [
      "Accra Road",
      "Market Road",
      "Hospital Road",
      "Kwahu Ridge Road",
      "Asuom Road",
      "Nkawkaw-Kumasi Road",
      "Obomeng Road",
      "Station Road"
    ],
    "Techiman": [
      "Market Road",
      "Hospital Road",
      "Wenchi Road",
      "Kintampo Road",
      "Nkoranza Road",
      "Tuobodom Road",
      "Offuman Road",
      "Tano Road"
    ],
    "Hohoe": [
      "Market Road",
      "Hospital Road",
      "Jasikan Road",
      "Kpando Road",
      "GES Road",
      "Gbi Bla Road",
      "Alavanyo Road",
      "Lolobi Road"
    ],
    "Aflao": [
      "Boundary Road",
      "Market Road",
      "Customs Road",
      "Denu Road",
      "Agbozume Road",
      "Klikor Road",
      "Adina Road",
      "Beach Road"
    ],
    "Axim": [
      "Beach Road",
      "Fort Road",
      "Market Road",
      "Hospital Road",
      "Nkroful Road",
      "Gwira Road"
    ],
    "Saltpond": [
      "Market Road",
      "Beach Road",
      "Hospital Road",
      "Anomabu Road",
      "Mankessim Road",
      "Fort Road"
    ],
    "Keta": [
      "Lagoon Road",
      "Beach Road",
      "Market Road",
      "Anloga Road",
      "Dzelukope Road",
      "Kedzi Road"
    ],
    "Bawku": [
      "Market Road",
      "Bolgatanga Road",
      "Hospital Road",
      "Customs Road",
      "Garu Road",
      "Zebilla Road"
    ],
    "Nsawam": [
      "Accra Road",
      "Market Road",
      "Hospital Road",
      "Aburi Road",
      "Suhum Road",
      "Adoagyiri Road"
    ],
    "Konongo": [
      "Market Road",
      "Hospital Road",
      "Odumase Road",
      "Juaben Road",
      "Kumasi Road",
      "Patriensa Road"
    ],
    "Yendi": [
      "Tamale Road",
      "Market Road",
      "Hospital Road",
      "Palace Road",
      "Bimbilla Road",
      "Zabzugu Road"
    ],
    "Berekum": [
      "Market Road",
      "Hospital Road",
      "Sunyani Road",
      "Dormaa Road",
      "Jinijini Road",
      "Sampa Road"
    ],
    "Dambai": [
      "Market Road",
      "Lakeside Road",
      "Hospital Road",
      "Kete Krachi Road",
      "Nkwanta Road",
      "Ferry Road"
    ],
    "Nalerigu": [
      "Gambaga Road",
      "Hospital Road",
      "Market Road",
      "Palace Road",
      "Walewale Road",
      "Bunkpurugu Road"
    ],
    "Goaso": [
      "Market Road",
      "Hospital Road",
      "Sunyani Road",
      "Hwidiem Road",
      "Kenyasi Road",
      "Asumura Road"
    ],
    "Sefwi Wiawso": [
      "Market Road",
      "Hospital Road",
      "Bibiani Road",
      "Juaboso Road",
      "Asawinso Road",
      "Bodi Road"
    ]
  },
  "postcode_format": "??-###-####",
  "address_formats": [
    "{street}, {city}, {state}",
    "P.O. Box ###, {city}, {state}"
  ],
  "country": "Ghana",
  "country_code": "GH",
  "phone_area_codes": {
    "Greater Accra": "30",
    "Ashanti": "32",
    "Western": "31",
    "Central": "33",
    "Eastern": "34",
    "Volta": "36",
    "Northern": "37",
    "Upper East": "38",
    "Upper West": "39",
    "Bono": "35",
    "Bono East": "35",
    "Ahafo": "35",
    "Oti": "36",
    "North East": "37",
    "Savannah": "37",
    "Western North": "31"
  },
  "phone_format": "+233 {area_code} ### ####"
}