{
  "locations": [
    {"city": "Bruxelles", "exonym": "Brussels", "state": "Bruxelles-Capitale", "state_abbr": "BRU", "postcode_prefix": "1000", "lat_min": 50.80, "lat_max": 50.90, "lon_min": 4.30, "lon_max": 4.45},
    {"city": "Antwerp", "state": "Antwerp", "state_abbr": "ANT", "postcode_prefix": "2000", "lat_min": 51.18, "lat_max": 51.26, "lon_min": 4.36, "lon_max": 4.46},
    {"city": "Ghent", "state": "East Flanders", "state_abbr": "OVL", "postcode_prefix": "9000", "lat_min": 51.02, "lat_max": 51.08, "lon_min": 3.68, "lon_max": 3.78},
    {"city": "Charleroi", "state": "Hainaut", "state_abbr": "HAI", "postcode_prefix": "6000", "lat_min": 50.38, "lat_max": 50.44, "lon_min": 4.40, "lon_max": 4.50},
    {"city": "Liège", "state": "Liège", "state_abbr": "LIE", "postcode_prefix": "4000", "lat_min": 50.60, "lat_max": 50.68, "lon_min": 5.52, "lon_max": 5.62},
    {"city": "Bruges", "state": "West Flanders", "state_abbr": "WVL", "postcode_prefix": "8000", "lat_min": 51.18, "lat_max": 51.24, "lon_min": 3.20, "lon_max": 3.28},
    {"city": "Namur", "state": "Namur", "state_abbr": "NAM", "postcode_prefix": "5000", "lat_min": 50.44, "lat_max": 50.50, "lon_min": 4.82, "lon_max": 4.92},
    {"city": "Leuven", "state": "Flemish Brabant", "state_abbr": "VBR", "postcode_prefix": "3000", "lat_min": 50.86, "lat_max": 50.92, "lon_min": 4.68, "lon_max": 4.74},
    {"city": "Mons", "state": "Hainaut", "state_abbr": "HAI", "postcode_prefix": "7000", "lat_min": 50.44, "lat_max": 50.48, "lon_min": 3.92, "lon_max": 4.00},
    {"city": "Mechelen", "state": "Antwerp", "state_abbr": "ANT", "postcode_prefix": "2800", "lat_min": 51.02, "lat_max": 51.06, "lon_min": 4.46, "lon_max": 4.52},
    {"city": "Aalst", "state": "East Flanders", "state_abbr": "OVL", "postcode_prefix": "9300", "lat_min": 50.92, "lat_max": 50.96, "lon_min": 4.02, "lon_max": 4.08},
    {"city": "Hasselt", "state": "Limburg", "state_abbr": "LIM", "postcode_prefix": "3500", "lat_min": 50.92, "lat_max": 50.96, "lon_min": 5.32, "lon_max": 5.38},
    {"city": "Kortrijk", "state": "West Flanders", "state_abbr": "WVL", "postcode_prefix": "8500", "lat_min": 50.82, "lat_max": 50.86, "lon_min": 3.26, "lon_max": 3.32},
    {"city": "Sint-Niklaas", "state": "East Flanders", "state_abbr": "OVL", "postcode_prefix": "9100", "lat_min": 51.14, "lat_max": 51.18, "lon_min": 4.12, "lon_max": 4.18},
    {"city": "Ostend", "state": "West Flanders", "state_abbr": "WVL", "postcode_prefix": "8400", "lat_min": 51.20, "lat_max": 51.24, "lon_min": 2.88, "lon_max": 2.94},
    {"city": "Tournai", "state": "Hainaut", "state_abbr": "HAI", "postcode_prefix": "7500", "lat_min": 50.60, "lat_max": 50.64, "lon_min": 3.38, "lon_max": 3.44},
    {"city": "Genk", "state": "Limburg", "state_abbr": "LIM", "postcode_prefix": "3600", "lat_min": 50.96, "lat_max": 51.00, "lon_min": 5.48, "lon_max": 5.54},
    {"city": "Seraing", "state": "Liège", "state_abbr": "LIE", "postcode_prefix": "4100", "lat_min": 50.58, "lat_max": 50.62, "lon_min": 5.48, "lon_max": 5.54},
    {"city": "Roeselare", "state": "West Flanders", "state_abbr": "WVL", "postcode_prefix": "8800", "lat_min": 50.94, "lat_max": 50.98, "lon_min": 3.12, "lon_max": 3.18},
    {"city": "Verviers", "state": "Liège", "state_abbr": "LIE", "postcode_prefix": "4800", "lat_min": 50.58, "lat_max": 50.62, "lon_min": 5.84, "lon_max": 5.90},
    {"city": "Mouscron", "state": "Hainaut", "state_abbr": "HAI", "postcode_prefix": "7700", "lat_min": 50.72, "lat_max": 50.76, "lon_min": 3.20, "lon_max": 3.26},
    {"city": "Beveren", "state": "East Flanders", "state_abbr": "OVL", "postcode_prefix": "9120", "lat_min": 51.20, "lat_max": 51.24, "lon_min": 4.24, "lon_max": 4.30},
    {"city": "Dendermonde", "state": "East Flanders", "state_abbr": "OVL", "postcode_prefix": "9200", "lat_min": 51.02, "lat_max": 51.06, "lon_min": 4.08, "lon_max": 4.14},
    {"city": "Beringen", "state": "Limburg", "state_abbr": "LIM", "postcode_prefix": "3580", "lat_min": 51.04, "lat_max": 51.08, "lon_min": 5.20, "lon_max": 5.26},
    {"city": "Turnhout", "state": "Antwerp", "state_abbr": "ANT", "postcode_prefix": "2300", "lat_min": 51.30, "lat_max": 51.34, "lon_min": 4.94, "lon_max": 5.00},
    {"city": "Arlon", "state": "Luxembourg", "state_abbr": "LUX", "postcode_prefix": "6700", "lat_min": 49.68, "lat_max": 49.72, "lon_min": 5.80, "lon_max": 5.86},
    {"city": "Wavre", "state": "Walloon Brabant", "state_abbr": "WBR", "postcode_prefix": "1300", "lat_min": 50.70, "lat_max": 50.74, "lon_min": 4.58, "lon_max": 4.64},
    {"city": "Ypres", "state": "West Flanders", "state_abbr": "WVL", "postcode_prefix": "8900", "lat_min": 50.84, "lat_max": 50.88, "lon_min": 2.86, "lon_max": 2.92},
    {"city": "Binche", "state": "Hainaut", "state_abbr": "HAI", "postcode_prefix": "7130", "lat_min": 50.40, "lat_max": 50.44, "lon_min": 4.14, "lon_max": 4.20},
    {"city": "Eupen", "state": "Liège", "state_abbr": "LIE", "postcode_prefix": "4700", "lat_min": 50.62, "lat_max": 50.66, "lon_min": 6.02, "lon_max": 6.08}
  ],
  "streets_by_city": {
    "Bruxelles": [
      "Rue de la Loi", "Avenue Louise", "Boulevard Anspach", "Rue Neuve", "Grand-Place",
      "Rue du Marché aux Herbes", "Rue Royale", "Boulevard du Jardin Botanique", "Rue de Flandre",
      "Rue Antoine Dansaert", "Avenue de la Toison d'Or", "Rue du Midi", "Place Rogier",
      "Rue des Colonies", "Boulevard du Régent", "Rue Haute", "Rue Blaes", "Rue de Namur",
      "Chaussée de Wavre", "Avenue de Tervueren"
    ],
    "Antwerp": [
      "Meir", "Grote Markt", "Groenplaats", "Nationalestraat", "Schuttershofstraat",
      "Kammenstraat", "Huidevettersstraat", "Kloosterstraat", "Leopoldstraat", "Frankrijklei",
      "Keyserlei", "De Keyserlei", "Lange Nieuwstraat", "Korte Gasthuisstraat", "Hopland",
      "Sint-Katelijnevest", "Amerikalei", "Britselei", "Italiëlei", "Turnhoutsebaan"
    ],
    "Ghent": [
      "Korenmarkt", "Veldstraat", "Sint-Baafsplein", "Graslei", "Korenlei",
      "Vrijdagmarkt", "Sint-Pietersnieuwstraat", "Overpoortstraat", "Coupure", "Kouter",
      "Nederkouter", "Vlaanderenstraat", "Brabantdam", "Vogelmarkt", "Groentenmarkt",
      "Sleepstraat", "Dendermondsesteenweg", "Brugsesteenweg", "Antwerpsesteenweg", "Land van Waaslaan"
    ],
    "Charleroi": [
      "Boulevard Tirou", "Rue de la Montagne", "Place Charles II", "Rue de Marcinelle",
      "Boulevard Audent", "Rue du Collège", "Boulevard Jacques Bertrand", "Rue de Dampremy",
      "Boulevard Defontaine", "Rue de la Station", "Rue de Marchienne", "Place du Manège",
      "Rue du Grand Central", "Boulevard Joseph II", "Rue Léon Bernus"
    ],
    "Liège": [
      "Place Saint-Lambert", "Rue Féronstrée", "Rue Pont d'Avroy", "Rue de la Cathédrale",
      "Boulevard d'Avroy", "Rue Saint-Gilles", "Quai de la Batte", "Rue Hors-Château",
      "Place du Marché", "Rue Vinâve d'Île", "Boulevard de la Sauvenière", "Rue Léopold",
      "Rue de l'Université", "Quai sur Meuse", "Rue des Guillemins"
    ],
    "Bruges": [
      "Markt", "Burg", "Steenstraat", "Noordzandstraat", "Zuidzandstraat",
      "Vlamingstraat", "Langestraat", "Smedenstraat", "Katelijnestraat", "Sint-Jakobsstraat",
      "Wollestraat", "Breidelstraat", "Philipstockstraat", "Hoogstraat", "Ezelstraat",
      "Gentpoortstraat", "Kruisvest", "Langerei", "Predikherenrei", "Rozenhoedkaai"
    ],
    "Namur": [
      "Rue de Fer", "Place d'Armes", "Rue de l'Ange", "Rue de Bruxelles", "Rue Saint-Jacques",
      "Boulevard Mélot", "Place de la Station", "Rue de Marchovelette", "Rue Godefroid",
      "Place du Théâtre", "Rue Émile Cuvelier", "Rue de la Croix", "Avenue de la Gare",
      "Chaussée de Louvain", "Rue du Collège"
    ],
    "Leuven": [
      "Grote Markt", "Bondgenotenlaan", "Diestsestraat", "Naamsestraat", "Tiensestraat",
      "Brusselsestraat", "Parkstraat", "Vaartstraat", "Schapenstraat", "Parijsstraat",
      "Mechelsestraat", "Vismarkt", "Oude Markt", "Margarethaplein", "Sint-Michielsstraat",
      "Savoyestraat", "Blijde Inkomststraat", "Minderbroedersstraat", "Krakenstraat", "Muntstraat"
    ],
    "Mons": [
      "Grand-Place", "Rue de la Chaussée", "Rue de Nimy", "Rue d'Havré", "Rue des Clercs",
      "Rue de la Coupe", "Boulevard Dolez", "Rue des Fripiers", "Place du Parc",
      "Rue du Hautbois", "Boulevard Charles Quint", "Rue de la Grande Triperie", "Rue du Miroir",
      "Rue Neuve", "Rue des Telliers"
    ],
    "Mechelen": [
      "Grote Markt", "IJzerenleen", "Bruul", "Hoogstraat", "Befferstraat",
      "Onze-Lieve-Vrouwestraat", "Korenmarkt", "Graaf van Egmontstraat", "Keizerstraat",
      "Frederik de Merodestraat", "Hanswijkstraat", "Goswin de Stassartstraat", "Veemarkt",
      "Haverwerf", "Guldenstraat"
    ],
    "Aalst": [
      "Grote Markt", "Nieuwstraat", "Kerkstraat", "Kattestraat", "Molenstraat",
      "Stationsstraat", "Albert Liénartstraat", "Parklaan", "Gentsesteenweg", "Brusselsesteenweg",
      "Ledebaan", "Esplanadeplein", "Vredeplein", "Arbeidstraat", "Korte Zoutstraat"
    ],
    "Hasselt": [
      "Grote Markt", "Hoogstraat", "Maastrichterstraat", "Aldestraat", "Kapelstraat",
      "Demerstraat", "Havermarkt", "Fruitmarkt", "Badderijstraat", "Zuivelmarkt",
      "Koning Albertstraat", "Leopoldplein", "Kolonel Dusartplein", "Kuringersteenweg", "Genkersteenweg"
    ],
    "Kortrijk": [
      "Grote Markt", "Lange Steenstraat", "Korte Steenstraat", "Voorstraat", "Rijselsestraat",
      "Doorniksestraat", "Leiestraat", "Veemarkt", "Sint-Jansstraat", "Budastraat",
      "Groeningestraat", "Begijnhofstraat", "Kapucijnenstraat", "Graanmarkt", "Dam"
    ],
    "Sint-Niklaas": [
      "Grote Markt", "Stationsstraat", "Ankerstraat", "Nieuwstraat", "Houtbriel",
      "Parkstraat", "Kokkelbeekstraat", "Driekoningenstraat", "Hospitaalstraat", "Truweelstraat",
      "Mercatorstraat", "Prins Albertstraat", "Parklaan", "Plezantstraat", "Vijfstraten"
    ],
    "Ostend": [
      "Kapellestraat", "Adolf Buylstraat", "Langestraat", "Vlaanderenstraat", "Alfons Pieterslaan",
      "Leopold II-laan", "Albert I-promenade", "Visserskaai", "Vindictivelaan", "Torhoutsesteenweg",
      "Nieuwpoortsesteenweg", "Koningstraat", "Christinastraat", "Van Iseghemlaan", "Hendrik Serruyslaan"
    ],
    "Tournai": [
      "Grand-Place", "Rue Royale", "Rue des Chapeliers", "Rue Saint-Martin", "Rue de la Tête d'Or",
      "Quai Dumon", "Rue de Marvis", "Rue Perdue", "Place Crombez", "Rue Gallait",
      "Rue de Courtrai", "Vieux Marché aux Poteries", "Rue de la Wallonie", "Rue des Maux",
      "Rue du Cygne"
    ],
    "Genk": [
      "Stationsstraat", "Europalaan", "Rootenstraat", "Vennestraat", "Hoevenzavellaan",
      "Weg naar As", "André Dumontlaan", "Grotestraat", "Hasseltweg", "Nieuwstraat",
      "C-Mine", "Bochtlaan", "Collegelaan", "Zonneweeldelaan", "Jaarbeurslaan"
    ],
    "Seraing": [
      "Rue Cockerill", "Rue de la Boverie", "Rue Ferrer", "Avenue du Centenaire",
      "Rue de l'Industrie", "Rue Jean Jaurès", "Quai Sadoine", "Rue de la Province",
      "Rue Puits-Marie", "Rue du Chêne", "Rue de Boncelles", "Boulevard Pasteur",
      "Rue du Val", "Rue Haute", "Rue Large"
    ],
    "Roeselare": [
      "Grote Markt", "Ooststraat", "Sint-Amandsstraat", "Noordstraat", "Zuidstraat",
      "Manestraat", "Botermarkt", "Hendrik Consciencestraat", "Ardooisesteenweg", "Brugsesteenweg",
      "Meensesteenweg", "Koning Albert I-laan", "Mandellaan", "Beversesteenweg", "Iepersestraat"
    ],
    "Verviers": [
      "Place Verte", "Rue de la Concorde", "Rue Crapaurue", "Rue du Brou", "Rue Xhavée",
      "Rue de la Station", "Rue Spintay", "Rue du Collège", "Place du Martyr", "Rue de Hodimont",
      "Rue de Dison", "Rue Haut-Pont", "Rue de Limbourg", "Rue de Stembert", "Rue Saucy"
    ],
    "Mouscron": [
      "Grand-Place", "Rue de la Station", "Rue du Château", "Rue de Tourcoing", "Rue du Gaz",
      "Rue de Courtrai", "Avenue Royale", "Rue de Lille", "Rue du Nouveau Monde",
      "Boulevard des Alliés", "Rue Saint-Pierre", "Rue du Commerce", "Place du Beffroi",
      "Rue de la Marlière", "Rue de Menin"
    ],
    "Beveren": [
      "Grote Markt", "Kerkstraat", "Gravenplein", "Stationsstraat", "Gentseweg",
      "Vrasenestraat", "Doornstraat", "Nieuwstraat", "Oude Zandstraat", "Hoogstraat",
      "Molenstraat", "Heirweg", "Vleeshouwersstraat", "Donkvijverstraat", "Scheldekant"
    ],
    "Dendermonde": [
      "Grote Markt", "Kerkstraat", "Vlasmarkt", "Brusselsestraat", "Bogaerdstraat",
      "Leopoldlaan", "Oude Vest", "Noordlaan", "Sint-Gillislaan", "Gentsesteenweg",
      "Mechelsesteenweg", "Dijkstraat", "Oude Dender", "Franz Courtensstraat", "Lindanusstraat"
    ],
    "Beringen": [
      "Markt", "Koolmijnlaan", "Stationsstraat", "Hasseltsesteenweg", "Paalsesteenweg",
      "Koerselsesteenweg", "Beverlosteenweg", "Diestersteenweg", "Scheigoorstraat", "Pastorijstraat",
      "Kerkstraat", "Schoolstraat", "Berkenlaan", "Mijnwerkerslaan", "Koerselsedijk"
    ],
    "Turnhout": [
      "Grote Markt", "Gasthuisstraat", "Mermansstraat", "Herentalsstraat", "Korte Gasthuisstraat",
      "Otterstraat", "Patersstraat", "Warandestraat", "Steenweg op Gierle", "Steenweg op Zevendonk",
      "Parklaan", "De Merodelei", "Rubensstraat", "Begijnenstraat", "Victorieplein"
    ],
    "Arlon": [
      "Grand-Place", "Rue de la Gare", "Rue des Faubourgs", "Rue Paul Reuter", "Rue de Diekirch",
      "Avenue de la Gare", "Rue de Bastogne", "Rue Godefroid Kurth", "Place Léopold",
      "Rue des Martyrs", "Rue de Mersch", "Grand-Rue", "Rue de Neufchâteau", "Rue du Palais de Justice",
      "Avenue de Longwy"
    ],
    "Wavre": [
      "Place Cardinal Bentick", "Rue de Bruxelles", "Rue de Namur", "Rue du Commerce",
      "Rue du Pont du Christ", "Place Bosch", "Rue de l'Ermitage", "Rue Haute",
      "Rue de la Station", "Boulevard de l'Europe", "Chaussée de Louvain", "Rue des Fontaines",
      "Rue Charles Sambon", "Rue de Nivelles", "Avenue Einstein"
    ],
    "Ypres": [
      "Grote Markt", "Rijselstraat", "Boterstraat", "Diksmuidestraat", "Tempelstraat",
      "Meensestraat", "Kauwekijnstraat", "Elverdingestraat", "Lange Torhoutstraat",
      "Korte Torhoutstraat", "Surmont de Volsbergestraat", "Menenstraat", "Boomgaardstraat",
      "D'Hondtstraat", "Rijselseweg"
    ],
    "Binche": [
      "Grand-Place", "Rue de Mons", "Rue Saint-Jacques", "Rue de Robiano", "Rue de Bruxelles",
      "Avenue Charles Deliège", "Rue du Pont de Pierre", "Rue de la Triperie",
      "Avenue Marie-José", "Rue de la Station", "Rue de l'Indépendance", "Rue de Charleroi",
      "Rue des Pastures", "Rue du Moulin", "Rue du Cerisier"
    ],
    "Eupen": [
      "Marktplatz", "Klötzerbahn", "Haasstraße", "Gospertstraße", "Bergstraße",
      "Aachener Straße", "Vervierser Straße", "Hookstraße", "Rathausplatz", "Neustraße",
      "Kaperberg", "Rotenberg", "Judenstraße", "Kirchstraße", "Werthplatz"
    ]
  },
  "postcode_format": "####",
  "address_formats": [
    "{street} {building_number}, {postcode} {city}",
    "{street} {building_number}, bus {unit}, {postcode} {city}",
    "{street} {building_number}, {postcode} {city}, {state}"
  ],
  "country": "Belgium",
  "country_code": "BE",
  "phone_area_codes": {
    "Bruxelles-Capitale": ["02"],
    "Antwerp": ["03"],
    "East Flanders": ["09"],
    "Hainaut": ["064", "065", "067", "069", "071"],
    "Liège": ["04"],
    "West Flanders": ["050", "051", "056", "057", "058", "059"],
    "Namur": ["081", "082", "083", "084", "085"],
    "Flemish Brabant": ["010", "011", "012", "013", "014", "015", "016"],
    "Limburg": ["011", "012", "013", "089"],
    "Luxembourg": ["061", "063", "084", "086"],
    "Walloon Brabant": ["010", "067"]
  }
}
