{
  "locations": {
    "very_common": [
      {
        "city": "San Jose",
        "state": "San Jose",
        "state_abbr": "SJ",
        "postcode_prefix": "10101",
        "lat_min": 9.92,
        "lat_max": 9.96,
        "lon_min": -84.10,
        "lon_max": -84.06
      },
      {
        "city": "Alajuela",
        "state": "Alajuela",
        "state_abbr": "AL",
        "postcode_prefix": "20101",
        "lat_min": 10.01,
        "lat_max": 10.04,
        "lon_min": -84.23,
        "lon_max": -84.20
      },
      {
        "city": "Heredia",
        "state": "Heredia",
        "state_abbr": "HE",
        "postcode_prefix": "40101",
        "lat_min": 9.99,
        "lat_max": 10.02,
        "lon_min": -84.12,
        "lon_max": -84.10
      }
    ],
    "common": [
      {
        "city": "Cartago",
        "state": "Cartago",
        "state_abbr": "CA",
        "postcode_prefix": "30101",
        "lat_min": 9.85,
        "lat_max": 9.88,
        "lon_min": -83.93,
        "lon_max": -83.90
      },
      {
        "city": "Liberia",
        "state": "Guanacaste",
        "state_abbr": "GU",
        "postcode_prefix": "50101",
        "lat_min": 10.63,
        "lat_max": 10.65,
        "lon_min": -85.45,
        "lon_max": -85.43
      },
      {
        "city": "Puntarenas",
        "state": "Puntarenas",
        "state_abbr": "PU",
        "postcode_prefix": "60101",
        "lat_min": 9.97,
        "lat_max": 9.99,
        "lon_min": -84.84,
        "lon_max": -84.82
      },
      {
        "city": "Limon",
        "state": "Limon",
        "state_abbr": "LI",
        "postcode_prefix": "70101",
        "lat_min": 9.99,
        "lat_max": 10.01,
        "lon_min": -83.04,
        "lon_max": -83.02
      },
      {
        "city": "Desamparados",
        "state": "San Jose",
        "state_abbr": "SJ",
        "postcode_prefix": "10301",
        "lat_min": 9.89,
        "lat_max": 9.91,
        "lon_min": -84.07,
        "lon_max": -84.05
      },
      {
        "city": "San Carlos",
        "state": "Alajuela",
        "state_abbr": "AL",
        "postcode_prefix": "21001",
        "lat_min": 10.33,
        "lat_max": 10.36,
        "lon_min": -84.43,
        "lon_max": -84.40
      }
    ],
    "uncommon": [
      {
        "city": "Escazu",
        "state": "San Jose",
        "state_abbr": "SJ",
        "postcode_prefix": "10201",
        "lat_min": 9.92,
        "lat_max": 9.94,
        "lon_min": -84.14,
        "lon_max": -84.12
      },
      {
        "city": "Santa Ana",
        "state": "San Jose",
        "state_abbr": "SJ",
        "postcode_prefix": "10901",
        "lat_min": 9.93,
        "lat_max": 9.95,
        "lon_min": -84.19,
        "lon_max": -84.17
      },
      {
        "city": "Curridabat",
        "state": "San Jose",
        "state_abbr": "SJ",
        "postcode_prefix": "11801",
        "lat_min": 9.91,
        "lat_max": 9.93,
        "lon_min": -84.04,
        "lon_max": -84.02
      },
      {
        "city": "San Ramon",
        "state": "Alajuela",
        "state_abbr": "AL",
        "postcode_prefix": "20201",
        "lat_min": 10.08,
        "lat_max": 10.10,
        "lon_min": -84.48,
        "lon_max": -84.46
      },
      {
        "city": "Nicoya",
        "state": "Guanacaste",
        "state_abbr": "GU",
        "postcode_prefix": "50201",
        "lat_min": 10.14,
        "lat_max": 10.16,
        "lon_min": -85.46,
        "lon_max": -85.44
      },
      {
        "city": "Perez Zeledon",
        "state": "San Jose",
        "state_abbr": "SJ",
        "postcode_prefix": "11901",
        "lat_min": 9.35,
        "lat_max": 9.37,
        "lon_min": -83.70,
        "lon_max": -83.68
      },
      {
        "city": "Turrialba",
        "state": "Cartago",
        "state_abbr": "CA",
        "postcode_prefix": "30501",
        "lat_min": 9.90,
        "lat_max": 9.92,
        "lon_min": -83.69,
        "lon_max": -83.67
      },
      {
        "city": "Grecia",
        "state": "Alajuela",
        "state_abbr": "AL",
        "postcode_prefix": "20301",
        "lat_min": 10.07,
        "lat_max": 10.09,
        "lon_min": -84.31,
        "lon_max": -84.29
      },
      {
        "city": "Santa Cruz",
        "state": "Guanacaste",
        "state_abbr": "GU",
        "postcode_prefix": "50301",
        "lat_min": 10.26,
        "lat_max": 10.28,
        "lon_min": -85.59,
        "lon_max": -85.57
      }
    ],
    "rare": [
      {
        "city": "Quepos",
        "state": "Puntarenas",
        "state_abbr": "PU",
        "postcode_prefix": "60601",
        "lat_min": 9.43,
        "lat_max": 9.45,
        "lon_min": -84.16,
        "lon_max": -84.14
      },
      {
        "city": "Tilaran",
        "state": "Guanacaste",
        "state_abbr": "GU",
        "postcode_prefix": "50601",
        "lat_min": 10.46,
        "lat_max": 10.48,
        "lon_min": -84.97,
        "lon_max": -84.95
      },
      {
        "city": "La Fortuna",
        "state": "Alajuela",
        "state_abbr": "AL",
        "postcode_prefix": "21007",
        "lat_min": 10.46,
        "lat_max": 10.48,
        "lon_min": -84.65,
        "lon_max": -84.63
      },
      {
        "city": "Tamarindo",
        "state": "Guanacaste",
        "state_abbr": "GU",
        "postcode_prefix": "50309",
        "lat_min": 10.29,
        "lat_max": 10.31,
        "lon_min": -85.84,
        "lon_max": -85.82
      },
      {
        "city": "Jaco",
        "state": "Puntarenas",
        "state_abbr": "PU",
        "postcode_prefix": "61101",
        "lat_min": 9.61,
        "lat_max": 9.63,
        "lon_min": -84.63,
        "lon_max": -84.61
      },
      {
        "city": "Puerto Viejo",
        "state": "Limon",
        "state_abbr": "LI",
        "postcode_prefix": "70301",
        "lat_min": 9.65,
        "lat_max": 9.67,
        "lon_min": -82.76,
        "lon_max": -82.74
      },
      {
        "city": "Nosara",
        "state": "Guanacaste",
        "state_abbr": "GU",
        "postcode_prefix": "50206",
        "lat_min": 9.97,
        "lat_max": 9.99,
        "lon_min": -85.66,
        "lon_max": -85.64
      },
      {
        "city": "Monteverde",
        "state": "Puntarenas",
        "state_abbr": "PU",
        "postcode_prefix": "60109",
        "lat_min": 10.30,
        "lat_max": 10.32,
        "lon_min": -84.83,
        "lon_max": -84.81
      },
      {
        "city": "Cahuita",
        "state": "Limon",
        "state_abbr": "LI",
        "postcode_prefix": "70401",
        "lat_min": 9.74,
        "lat_max": 9.76,
        "lon_min": -82.84,
        "lon_max": -82.82
      },
      {
        "city": "Guapiles",
        "state": "Limon",
        "state_abbr": "LI",
        "postcode_prefix": "70201",
        "lat_min": 10.21,
        "lat_max": 10.23,
        "lon_min": -83.79,
        "lon_max": -83.77
      },
      {
        "city": "Siquirres",
        "state": "Limon",
        "state_abbr": "LI",
        "postcode_prefix": "70301",
        "lat_min": 10.09,
        "lat_max": 10.11,
        "lon_min": -83.51,
        "lon_max": -83.49
      },
      {
        "city": "Atenas",
        "state": "Alajuela",
        "state_abbr": "AL",
        "postcode_prefix": "20501",
        "lat_min": 9.97,
        "lat_max": 9.99,
        "lon_min": -84.39,
        "lon_max": -84.37
      }
    ]
  },
  "streets_by_city": {
    "San Jose": [
      "Avenida Central", "Avenida Segunda", "Calle Central", "Paseo Colon",
      "Boulevard de los Heroes", "Avenida Primera", "Calle 1", "Calle 3",
      "Avenida 10", "Calle 7", "Avenida de las Americas",
      "Boulevard Juan Pablo II", "Calle 11", "Avenida 4", "Calle 15",
      "Avenida 8", "Calle 21", "Avenida 12", "Boulevard Dent",
      "Calle de la Amargura", "Avenida Escazu", "Calle Blancos",
      "Carretera Interamericana", "Autopista General Cañas",
      "Ruta 2", "Calle 42", "Avenida 14", "Boulevard Los Yoses",
      "Calle 33", "Avenida 6"
    ],
    "Alajuela": [
      "Avenida Central", "Calle Ancha", "Avenida 1", "Calle 2",
      "Calle Central", "Avenida 3", "Boulevard del Aeropuerto",
      "Calle 4", "Avenida 5", "Ruta Nacional 1",
      "Calle 6", "Carretera a Grecia"
    ],
    "Heredia": [
      "Avenida Central", "Calle Central", "Avenida 1", "Calle 2",
      "Avenida de las Flores", "Calle 4", "Avenida 3",
      "Calle 7", "Boulevard de Heredia", "Calle 9",
      "Avenida 14", "Carretera a Barva"
    ],
    "Cartago": [
      "Avenida Central", "Calle Central", "Avenida 1", "Calle 1",
      "Avenida de la Basilica", "Calle 4", "Avenida 3",
      "Calle 8", "Boulevard de Cartago", "Calle 15",
      "Ruta a Paraiso", "Ruta a Turrialba"
    ],
    "Liberia": [
      "Calle Real", "Avenida Central", "Calle Central", "Avenida 1",
      "Calle 25 de Julio", "Boulevard de Liberia", "Ruta Interamericana",
      "Calle 4", "Avenida 3", "Carretera al Aeropuerto"
    ],
    "Puntarenas": [
      "Paseo de los Turistas", "Avenida Central", "Calle Central",
      "Avenida 1", "Calle del Puerto", "Boulevard de Puntarenas",
      "Carretera Costanera", "Calle 3", "Avenida 3", "Ruta al Ferry"
    ],
    "Limon": [
      "Avenida Central", "Calle Central", "Avenida 1", "Calle del Mercado",
      "Boulevard de Limón", "Calle 3", "Avenida 3", "Ruta al Muelle"
    ],
    "Desamparados": [
      "Avenida Central", "Calle Central", "Calle 1", "Avenida 1",
      "Boulevard de Desamparados", "Calle 3", "Carretera a Aserri", "Ruta 209"
    ],
    "San Carlos": [
      "Calle Central", "Avenida Central", "Boulevard Ciudad Quesada",
      "Calle 1", "Avenida 1", "Ruta a La Fortuna",
      "Calle del Mercado", "Carretera a Arenal"
    ],
    "Escazu": [
      "Calle de la Paco", "Avenida Escazu", "Boulevard Multiplaza",
      "Calle Vieja", "Avenida Central", "Ruta a Santa Ana",
      "Calle Real", "Boulevard de Escazu"
    ],
    "Santa Ana": [
      "Calle Real", "Avenida Central", "Boulevard Lindora",
      "Calle del Forum", "Avenida 1", "Ruta a Escazu",
      "Boulevard de Santa Ana", "Calle del Mercado"
    ],
    "Curridabat": [
      "Calle de la Carpintera", "Avenida Central", "Boulevard de Curridabat",
      "Calle Pista", "Avenida 1", "Ruta a Tres Rios"
    ],
    "San Ramon": [
      "Avenida Central", "Calle Central", "Calle 1", "Avenida 1",
      "Boulevard de San Ramón", "Ruta a Palmares"
    ],
    "Nicoya": [
      "Calle Central", "Avenida Central", "Calle del Parque",
      "Avenida 1", "Ruta a Samara", "Boulevard de Nicoya"
    ],
    "Perez Zeledon": [
      "Calle Central", "Avenida Central", "Calle del Mercado",
      "Avenida 1", "Ruta Interamericana", "Boulevard Municipal"
    ],
    "Turrialba": [
      "Avenida Central", "Calle Central", "Avenida 1",
      "Ruta a Siquirres", "Calle del Mercado", "Boulevard de Turrialba"
    ],
    "Grecia": [
      "Avenida Central", "Calle Central", "Avenida 1",
      "Calle del Mercado", "Ruta a Sarchi", "Boulevard de Grecia"
    ],
    "Santa Cruz": [
      "Calle Central", "Avenida Central", "Calle del Parque",
      "Avenida 1", "Ruta a Tamarindo", "Boulevard de Santa Cruz"
    ],
    "Quepos": [
      "Avenida Central", "Calle del Mercado", "Ruta al Manuel Antonio",
      "Boulevard de Quepos", "Calle del Puerto", "Avenida 1"
    ],
    "Tilaran": [
      "Calle Central", "Avenida Central", "Ruta al Arenal",
      "Calle del Parque", "Avenida 1", "Boulevard de Tilarán"
    ],
    "La Fortuna": [
      "Calle Central", "Avenida del Volcán", "Ruta al Arenal",
      "Calle de las Aguas Termales", "Avenida 1", "Boulevard Turístico"
    ],
    "Tamarindo": [
      "Calle Central", "Avenida de la Playa", "Boulevard de Tamarindo",
      "Calle del Surf", "Ruta a Santa Cruz", "Avenida 1"
    ],
    "Jaco": [
      "Calle del Pastor Díaz", "Avenida de la Playa", "Boulevard de Jacó",
      "Calle del Bohio", "Ruta a Herradura", "Avenida 1"
    ],
    "Puerto Viejo": [
      "Calle Principal", "Avenida de la Playa", "Calle del Muelle",
      "Boulevard Caribeño", "Ruta a Manzanillo", "Calle del Mercado"
    ],
    "Nosara": [
      "Calle del Surf", "Avenida de la Playa", "Ruta a Guiones",
      "Boulevard de Nosara", "Calle de Pelada", "Calle Principal"
    ],
    "Monteverde": [
      "Calle de la Reserva", "Avenida Central", "Ruta a Santa Elena",
      "Calle del Bosque Nuboso", "Boulevard Ecológico", "Calle Principal"
    ],
    "Cahuita": [
      "Calle Principal", "Avenida de la Playa", "Ruta al Parque Nacional",
      "Calle del Muelle", "Boulevard Caribeño", "Calle del Mercado"
    ],
    "Guapiles": [
      "Calle Central", "Avenida Central", "Ruta a Siquirres",
      "Calle del Mercado", "Boulevard de Guápiles", "Avenida 1"
    ],
    "Siquirres": [
      "Calle Central", "Avenida Central", "Ruta a Limón",
      "Calle del Mercado", "Boulevard de Siquirres", "Avenida 1"
    ],
    "Atenas": [
      "Calle Central", "Avenida Central", "Ruta a San José",
      "Calle del Mercado", "Boulevard de Atenas", "Avenida 1"
    ]
  },
  "postcode_format": "#####",
  "address_formats": [
    "{street}, {city}, {state}",
    "Apartado ####-####, {city}"
  ],
  "country": "Costa Rica",
  "country_code": "CR",
  "phone_area_codes": {
    "San Jose": "2",
    "Alajuela": "2",
    "Heredia": "2",
    "Cartago": "2",
    "Guanacaste": "2",
    "Puntarenas": "2",
    "Limon": "2"
  },
  "phone_format": "+506 {area_code}### ####"
}
