{
  "locations": [
    {"city": "Buenos Aires", "state": "Ciudad Autónoma de Buenos Aires", "state_abbr": "CABA", "postcode_prefix": "C1", "lat_min": -34.65, "lat_max": -34.55, "lon_min": -58.50, "lon_max": -58.35},
    {"city": "Córdoba", "state": "Córdoba", "state_abbr": "CBA", "postcode_prefix": "X5", "lat_min": -31.45, "lat_max": -31.38, "lon_min": -64.22, "lon_max": -64.15},
    {"city": "Rosario", "state": "Santa Fe", "state_abbr": "SF", "postcode_prefix": "S2", "lat_min": -32.98, "lat_max": -32.90, "lon_min": -60.70, "lon_max": -60.62},
    {"city": "Mendoza", "state": "Mendoza", "state_abbr": "MZA", "postcode_prefix": "M5", "lat_min": -32.92, "lat_max": -32.86, "lon_min": -68.88, "lon_max": -68.80},
    {"city": "San Miguel de Tucumán", "state": "Tucumán", "state_abbr": "TUC", "postcode_prefix": "T4", "lat_min": -26.85, "lat_max": -26.80, "lon_min": -65.25, "lon_max": -65.18},
    {"city": "La Plata", "state": "Buenos Aires", "state_abbr": "BA", "postcode_prefix": "B1", "lat_min": -34.95, "lat_max": -34.88, "lon_min": -57.98, "lon_max": -57.92},
    {"city": "Mar del Plata", "state": "Buenos Aires", "state_abbr": "BA", "postcode_prefix": "B7", "lat_min": -38.05, "lat_max": -37.98, "lon_min": -57.58, "lon_max": -57.52},
    {"city": "Salta", "state": "Salta", "state_abbr": "SAL", "postcode_prefix": "A4", "lat_min": -24.82, "lat_max": -24.76, "lon_min": -65.45, "lon_max": -65.38},
    {"city": "Santa Fe", "state": "Santa Fe", "state_abbr": "SF", "postcode_prefix": "S3", "lat_min": -31.68, "lat_max": -31.60, "lon_min": -60.75, "lon_max": -60.68},
    {"city": "San Juan", "state": "San Juan", "state_abbr": "SJ", "postcode_prefix": "J5", "lat_min": -31.55, "lat_max": -31.50, "lon_min": -68.55, "lon_max": -68.50},
    {"city": "Resistencia", "state": "Chaco", "state_abbr": "CHA", "postcode_prefix": "H3", "lat_min": -27.48, "lat_max": -27.42, "lon_min": -59.02, "lon_max": -58.96},
    {"city": "Neuquén", "state": "Neuquén", "state_abbr": "NQN", "postcode_prefix": "Q8", "lat_min": -38.98, "lat_max": -38.92, "lon_min": -68.10, "lon_max": -68.02},
    {"city": "Corrientes", "state": "Corrientes", "state_abbr": "COR", "postcode_prefix": "W3", "lat_min": -27.50, "lat_max": -27.44, "lon_min": -58.86, "lon_max": -58.80},
    {"city": "Posadas", "state": "Misiones", "state_abbr": "MIS", "postcode_prefix": "N3", "lat_min": -27.40, "lat_max": -27.34, "lon_min": -55.92, "lon_max": -55.86},
    {"city": "San Salvador de Jujuy", "state": "Jujuy", "state_abbr": "JUJ", "postcode_prefix": "Y4", "lat_min": -24.20, "lat_max": -24.16, "lon_min": -65.32, "lon_max": -65.28},
    {"city": "Paraná", "state": "Entre Ríos", "state_abbr": "ER", "postcode_prefix": "E3", "lat_min": -31.78, "lat_max": -31.72, "lon_min": -60.55, "lon_max": -60.48},
    {"city": "Formosa", "state": "Formosa", "state_abbr": "FOR", "postcode_prefix": "P3", "lat_min": -26.20, "lat_max": -26.16, "lon_min": -58.20, "lon_max": -58.14},
    {"city": "San Luis", "state": "San Luis", "state_abbr": "SL", "postcode_prefix": "D5", "lat_min": -33.32, "lat_max": -33.28, "lon_min": -66.38, "lon_max": -66.32},
    {"city": "Santiago del Estero", "state": "Santiago del Estero", "state_abbr": "SGO", "postcode_prefix": "G4", "lat_min": -27.82, "lat_max": -27.76, "lon_min": -64.28, "lon_max": -64.22},
    {"city": "Bahía Blanca", "state": "Buenos Aires", "state_abbr": "BA", "postcode_prefix": "B8", "lat_min": -38.75, "lat_max": -38.68, "lon_min": -62.30, "lon_max": -62.22}
  ],
  "streets_by_city": {
    "Buenos Aires": ["Avenida 9 de Julio", "Avenida Corrientes", "Avenida Santa Fe", "Calle Florida", "Avenida de Mayo", "Avenida Rivadavia", "Avenida Callao", "Defensa", "San Martín", "Lavalle", "Sarmiento", "Belgrano", "Reconquista", "25 de Mayo", "Balcarce", "Bolívar", "Perú", "Chacabuco", "Piedras", "Tacuarí"],
    "Córdoba": ["Avenida Colón", "Avenida General Paz", "Boulevard San Juan", "Calle Obispo Trejo", "Avenida Vélez Sársfield", "San Martín", "Dean Funes", "Rivera Indarte", "27 de Abril", "Caseros", "Chacabuco", "Buenos Aires", "Entre Ríos", "Santa Rosa", "Belgrano", "Duarte Quirós", "Rosario de Santa Fe", "Ituzaingó", "La Rioja", "Corrientes"],
    "Rosario": ["Calle Córdoba", "Boulevard Oroño", "Avenida Pellegrini", "San Lorenzo", "San Martín", "Santa Fe", "Entre Ríos", "Corrientes", "Mitre", "Sarmiento", "Maipú", "Mendoza", "Rioja", "San Juan", "Tucumán", "Paraguay", "Urquiza", "San Luis", "Buenos Aires", "Presidente Roca"],
    "Mendoza": ["Avenida San Martín", "Calle Sarmiento", "Las Heras", "Avenida Colón", "San Juan", "9 de Julio", "Gutiérrez", "Patricias Mendocinas", "España", "Chile", "Perú", "Montevideo", "Lavalle", "Rivadavia", "Necochea", "Garibaldi", "Godoy Cruz", "Belgrano", "San Lorenzo", "Mitre"],
    "San Miguel de Tucumán": ["Calle San Martín", "24 de Septiembre", "Avenida Mate de Luna", "Mendoza", "Maipú", "Muñecas", "Las Piedras", "Congreso", "Junín", "Santiago", "Córdoba", "Entre Ríos", "Buenos Aires", "Crisóstomo Álvarez", "San Juan", "Rivadavia", "Laprida", "Lamadrid", "General Paz", "Corrientes"],
    "La Plata": ["Avenida 7", "Calle 50", "Diagonal 73", "Avenida 13", "Calle 47", "Avenida 44", "Calle 8", "Avenida 1", "Diagonal 74", "Calle 12", "Avenida 53", "Calle 6", "Avenida 60", "Calle 4", "Avenida 51", "Calle 10", "Avenida 32", "Diagonal 80", "Calle 48", "Avenida 38"],
    "Mar del Plata": ["Avenida Colón", "San Martín", "Avenida Luro", "Rivadavia", "Córdoba", "Corrientes", "Buenos Aires", "Independencia", "Mitre", "Belgrano", "La Rioja", "Entre Ríos", "Catamarca", "San Luis", "Moreno", "Brown", "Santa Fe", "Rawson", "Güemes", "Salta"],
    "Salta": ["Calle Caseros", "Avenida San Martín", "Balcarce", "España", "Buenos Aires", "Mitre", "Alvarado", "Zuviría", "Florida", "Córdoba", "Mendoza", "Dean Funes", "Urquiza", "Necochea", "San Juan", "Entre Ríos", "Santa Fe", "Rivadavia", "Belgrano", "Güemes"],
    "Santa Fe": ["San Martín", "25 de Mayo", "San Jerónimo", "Avenida Freyre", "Rivadavia", "Tucumán", "Mendoza", "San Luis", "Crespo", "Primera Junta", "General López", "Salta", "9 de Julio", "Obispo Gelabert", "Urquiza", "San Juan", "Entre Ríos", "Corrientes", "Catamarca", "La Rioja"],
    "San Juan": ["Avenida José Ignacio de la Roza", "Calle Mendoza", "Avenida Libertador", "General Acha", "Rivadavia", "Entre Ríos", "Mitre", "San Luis", "Tucumán", "Catamarca", "Sarmiento", "25 de Mayo", "Laprida", "San Martín", "España", "Chile", "Córdoba", "Santa Fe", "Caseros", "Rawson"],
    "Resistencia": ["Avenida 9 de Julio", "Avenida 25 de Mayo", "Juan B. Justo", "Arturo Illia", "San Martín", "Colón", "Sarmiento", "Perón", "Mitre", "Necochea", "Belgrano", "Güemes", "French", "Brown", "Santa Fe", "Córdoba", "Corrientes", "Mendoza", "Santiago del Estero", "Tucumán"],
    "Neuquén": ["Avenida Argentina", "San Martín", "Avenida Olascoaga", "Roca", "Santa Fe", "Rivadavia", "Alderete", "Alberdi", "Sarmiento", "Mitre", "Córdoba", "Tucumán", "Entre Ríos", "Corrientes", "Mendoza", "Jujuy", "Catamarca", "San Luis", "La Rioja", "Santiago del Estero"],
    "Corrientes": ["Junín", "9 de Julio", "San Juan", "Avenida Costanera", "Mendoza", "Córdoba", "Catamarca", "Entre Ríos", "San Martín", "Salta", "La Rioja", "Pellegrini", "Placido Martínez", "Fray José de la Quintana", "Carlos Pellegrini", "Hipólito Yrigoyen", "Buenos Aires", "Santa Fe", "Tucumán", "San Luis"],
    "Posadas": ["Calle Bolívar", "San Martín", "Avenida Roque Sáenz Peña", "Félix de Azara", "Colón", "Junín", "San Lorenzo", "Ayacucho", "Buenos Aires", "Córdoba", "Entre Ríos", "Corrientes", "Rivadavia", "La Rioja", "Santa Fe", "Tucumán", "Salta", "Catamarca", "Mendoza", "San Juan"],
    "San Salvador de Jujuy": ["Belgrano", "Avenida El Éxodo", "Balcarce", "Gorriti", "Lavalle", "San Martín", "Necochea", "Lamadrid", "Güemes", "Alvear", "Otero", "Independencia", "Sarmiento", "Mitre", "Alem", "Senador Pérez", "Patricias Argentinas", "19 de Abril", "Ramirez de Velazco", "Ascasubi"],
    "Paraná": ["San Martín", "25 de Mayo", "Urquiza", "San Juan", "Corrientes", "Buenos Aires", "Monte Caseros", "Cervantes", "España", "Gualeguaychú", "Entre Ríos", "La Paz", "Victoria", "Villaguay", "Diamante", "Gualeguay", "Nogoyá", "Concordia", "Colón", "Uruguay"],
    "Formosa": ["Avenida 25 de Mayo", "San Martín", "Belgrano", "Padre Patiño", "Saavedra", "Moreno", "Brandsen", "Fotheringham", "España", "San Luis", "Córdoba", "Rivadavia", "Mitre", "Güemes", "Dean Funes", "Pringles", "Tucumán", "Santa Fe", "Entre Ríos", "Corrientes"],
    "San Luis": ["Avenida Illia", "San Martín", "Rivadavia", "Colón", "Bolívar", "Belgrano", "Pringles", "Chacabuco", "Junín", "9 de Julio", "Ayacucho", "Falucho", "Pedernera", "Lavalle", "San Lorenzo", "25 de Mayo", "España", "Tomás Jofré", "Caseros", "General Paz"],
    "Santiago del Estero": ["Avenida Belgrano", "Libertad", "24 de Septiembre", "Independencia", "Buenos Aires", "Tucumán", "Mitre", "Sarmiento", "Moreno", "San Martín", "Rivadavia", "Alsina", "Roca", "Pellegrini", "Entre Ríos", "Córdoba", "Corrientes", "Mendoza", "San Juan", "Santa Fe"],
    "Bahía Blanca": ["Avenida Colón", "San Martín", "Alsina", "O'Higgins", "Chiclana", "Brown", "Estomba", "Sarmiento", "Moreno", "Zelarrayán", "Mitre", "Belgrano", "Soler", "Rodríguez", "Dorrego", "Vieytes", "Lavalle", "Rondeau", "España", "19 de Mayo"]
  },
  "postcode_format": "####",
  "address_formats": [
    "{street} {building_number}, {city}, {state_abbr} {postcode}",
    "{street} {building_number}, {postcode} {city}",
    "{city}, {street} {building_number}"
  ],
  "country": "Argentina",
  "country_code": "AR",
  "phone_area_codes": {
    "Ciudad Autónoma de Buenos Aires": ["11"],
    "Córdoba": ["351"],
    "Santa Fe": ["341", "342"],
    "Mendoza": ["261"],
    "Tucumán": ["381"],
    "Buenos Aires": ["221", "223"],
    "Salta": ["387"],
    "San Juan": ["264"],
    "Chaco": ["362"],
    "Neuquén": ["299"],
    "Corrientes": ["379"],
    "Misiones": ["376"],
    "Jujuy": ["388"],
    "Entre Ríos": ["343"],
    "Formosa": ["370"],
    "San Luis": ["266"],
    "Santiago del Estero": ["385"]
  }
}
