{
  "locations": {
    "very_common": [
      {
        "city": "Karachi",
        "state": "Sindh",
        "state_abbr": "SD",
        "postcode_prefix": "74",
        "lat_min": 24.85,
        "lat_max": 24.95,
        "lon_min": 66.95,
        "lon_max": 67.1
      },
      {
        "city": "Lahore",
        "state": "Punjab",
        "state_abbr": "PB",
        "postcode_prefix": "54",
        "lat_min": 31.5,
        "lat_max": 31.6,
        "lon_min": 74.3,
        "lon_max": 74.4
      },
      {
        "city": "Islamabad",
        "state": "Islamabad Capital Territory",
        "state_abbr": "ICT",
        "postcode_prefix": "44",
        "lat_min": 33.68,
        "lat_max": 33.73,
        "lon_min": 73.0,
        "lon_max": 73.1
      }
    ],
    "common": [
      {
        "city": "Faisalabad",
        "state": "Punjab",
        "state_abbr": "PB",
        "postcode_prefix": "38",
        "lat_min": 31.4,
        "lat_max": 31.45,
        "lon_min": 73.06,
        "lon_max": 73.12
      },
      {
        "city": "Rawalpindi",
        "state": "Punjab",
        "state_abbr": "PB",
        "postcode_prefix": "46",
        "lat_min": 33.58,
        "lat_max": 33.63,
        "lon_min": 73.04,
        "lon_max": 73.09
      },
      {
        "city": "Multan",
        "state": "Punjab",
        "state_abbr": "PB",
        "postcode_prefix": "60",
        "lat_min": 30.18,
        "lat_max": 30.22,
        "lon_min": 71.45,
        "lon_max": 71.5
      },
      {
        "city": "Peshawar",
        "state": "Khyber Pakhtunkhwa",
        "state_abbr": "KP",
        "postcode_prefix": "25",
        "lat_min": 34.0,
        "lat_max": 34.05,
        "lon_min": 71.55,
        "lon_max": 71.6
      },
      {
        "city": "Quetta",
        "state": "Balochistan",
        "state_abbr": "BA",
        "postcode_prefix": "87",
        "lat_min": 30.18,
        "lat_max": 30.22,
        "lon_min": 66.98,
        "lon_max": 67.02
      },
      {
        "city": "Hyderabad",
        "state": "Sindh",
        "state_abbr": "SD",
        "postcode_prefix": "71",
        "lat_min": 25.36,
        "lat_max": 25.4,
        "lon_min": 68.35,
        "lon_max": 68.4
      }
    ],
    "uncommon": [
      {
        "city": "Gujranwala",
        "state": "Punjab",
        "state_abbr": "PB",
        "postcode_prefix": "52",
        "lat_min": 32.15,
        "lat_max": 32.2,
        "lon_min": 74.18,
        "lon_max": 74.22
      },
      {
        "city": "Sialkot",
        "state": "Punjab",
        "state_abbr": "PB",
        "postcode_prefix": "51",
        "lat_min": 32.48,
        "lat_max": 32.52,
        "lon_min": 74.52,
        "lon_max": 74.55
      },
      {
        "city": "Bahawalpur",
        "state": "Punjab",
        "state_abbr": "PB",
        "postcode_prefix": "63",
        "lat_min": 29.38,
        "lat_max": 29.42,
        "lon_min": 71.67,
        "lon_max": 71.7
      },
      {
        "city": "Sargodha",
        "state": "Punjab",
        "state_abbr": "PB",
        "postcode_prefix": "40",
        "lat_min": 32.07,
        "lat_max": 32.1,
        "lon_min": 72.67,
        "lon_max": 72.7
      },
      {
        "city": "Sukkur",
        "state": "Sindh",
        "state_abbr": "SD",
        "postcode_prefix": "65",
        "lat_min": 27.69,
        "lat_max": 27.72,
        "lon_min": 68.85,
        "lon_max": 68.88
      },
      {
        "city": "Abbottabad",
        "state": "Khyber Pakhtunkhwa",
        "state_abbr": "KP",
        "postcode_prefix": "22",
        "lat_min": 34.14,
        "lat_max": 34.17,
        "lon_min": 73.2,
        "lon_max": 73.23
      },
      {
        "city": "Mardan",
        "state": "Khyber Pakhtunkhwa",
        "state_abbr": "KP",
        "postcode_prefix": "23",
        "lat_min": 34.19,
        "lat_max": 34.21,
        "lon_min": 72.04,
        "lon_max": 72.06
      },
      {
        "city": "Larkana",
        "state": "Sindh",
        "state_abbr": "SD",
        "postcode_prefix": "77",
        "lat_min": 27.55,
        "lat_max": 27.58,
        "lon_min": 68.09,
        "lon_max": 68.12
      },
      {
        "city": "Sahiwal",
        "state": "Punjab",
        "state_abbr": "PB",
        "postcode_prefix": "57",
        "lat_min": 30.66,
        "lat_max": 30.68,
        "lon_min": 73.1,
        "lon_max": 73.12
      }
    ],
    "rare": [
      {
        "city": "Dera Ghazi Khan",
        "state": "Punjab",
        "state_abbr": "PB",
        "postcode_prefix": "32",
        "lat_min": 30.04,
        "lat_max": 30.07,
        "lon_min": 70.63,
        "lon_max": 70.66
      },
      {
        "city": "Mirpur Khas",
        "state": "Sindh",
        "state_abbr": "SD",
        "postcode_prefix": "69",
        "lat_min": 25.52,
        "lat_max": 25.54,
        "lon_min": 69.0,
        "lon_max": 69.02
      },
      {
        "city": "Nawabshah",
        "state": "Sindh",
        "state_abbr": "SD",
        "postcode_prefix": "67",
        "lat_min": 26.24,
        "lat_max": 26.26,
        "lon_min": 68.4,
        "lon_max": 68.42
      },
      {
        "city": "Mingora",
        "state": "Khyber Pakhtunkhwa",
        "state_abbr": "KP",
        "postcode_prefix": "19",
        "lat_min": 34.77,
        "lat_max": 34.79,
        "lon_min": 72.35,
        "lon_max": 72.37
      },
      {
        "city": "Rahim Yar Khan",
        "state": "Punjab",
        "state_abbr": "PB",
        "postcode_prefix": "64",
        "lat_min": 28.41,
        "lat_max": 28.43,
        "lon_min": 70.3,
        "lon_max": 70.32
      },
      {
        "city": "Chiniot",
        "state": "Punjab",
        "state_abbr": "PB",
        "postcode_prefix": "35",
        "lat_min": 31.72,
        "lat_max": 31.74,
        "lon_min": 72.97,
        "lon_max": 72.99
      },
      {
        "city": "Turbat",
        "state": "Balochistan",
        "state_abbr": "BA",
        "postcode_prefix": "92",
        "lat_min": 26.0,
        "lat_max": 26.02,
        "lon_min": 63.04,
        "lon_max": 63.06
      },
      {
        "city": "Gwadar",
        "state": "Balochistan",
        "state_abbr": "BA",
        "postcode_prefix": "91",
        "lat_min": 25.12,
        "lat_max": 25.14,
        "lon_min": 62.32,
        "lon_max": 62.34
      },
      {
        "city": "Kasur",
        "state": "Punjab",
        "state_abbr": "PB",
        "postcode_prefix": "55",
        "lat_min": 31.11,
        "lat_max": 31.13,
        "lon_min": 74.45,
        "lon_max": 74.47
      },
      {
        "city": "Jhelum",
        "state": "Punjab",
        "state_abbr": "PB",
        "postcode_prefix": "49",
        "lat_min": 32.93,
        "lat_max": 32.95,
        "lon_min": 73.72,
        "lon_max": 73.74
      },
      {
        "city": "Kohat",
        "state": "Khyber Pakhtunkhwa",
        "state_abbr": "KP",
        "postcode_prefix": "26",
        "lat_min": 33.58,
        "lat_max": 33.6,
        "lon_min": 71.44,
        "lon_max": 71.46
      },
      {
        "city": "Zhob",
        "state": "Balochistan",
        "state_abbr": "BA",
        "postcode_prefix": "85",
        "lat_min": 31.34,
        "lat_max": 31.36,
        "lon_min": 69.44,
        "lon_max": 69.46
      }
    ]
  },
  "streets_by_city": {
    "Karachi": [
      "Shahrah-e-Faisal",
      "II Chundrigar Road",
      "Tariq Road",
      "Shahrah-e-Quaideen",
      "Rashid Minhas Road",
      "University Road",
      "M.A. Jinnah Road",
      "Sharae Liaquat",
      "Korangi Road",
      "Hub River Road",
      "Drigh Road",
      "Nishtar Road",
      "PECHS Block 6",
      "Clifton Block 5",
      "Defence Phase 5",
      "Gulshan-e-Iqbal Block 13",
      "North Nazimabad Block H",
      "Saddar",
      "Burns Garden",
      "Guru Mandir",
      "Bahadurabad",
      "Gulistan-e-Jauhar Block 12",
      "Malir Cantt",
      "Korangi Industrial Area",
      "SITE Area",
      "Federal B Area Block 7",
      "Nazimabad No. 4",
      "Liaquatabad",
      "Garden East",
      "North Karachi Sector 11-C",
      "Surjani Town Sector 4",
      "Orangi Town Sector 5",
      "Shah Faisal Colony",
      "Landhi",
      "Quaidabad",
      "Gulzar-e-Hijri",
      "Scheme 33",
      "Shaheed-e-Millat Road",
      "Karsaz",
      "Sir Shah Suleman Road"
    ],
    "Lahore": [
      "Mall Road",
      "Shahrah-e-Quaid-e-Azam",
      "Gulberg Main Boulevard",
      "Ferozepur Road",
      "Multan Road",
      "GT Road",
      "Canal Road",
      "Davis Road",
      "Jail Road",
      "McLeod Road",
      "Empress Road",
      "Egerton Road",
      "Lawrence Road",
      "Temple Road",
      "Cooper Road",
      "Queens Road",
      "Mozang Road",
      "Nisbet Road",
      "Beadon Road",
      "Circular Road",
      "Anarkali",
      "Lakshmi Chowk",
      "Hall Road",
      "Brandreth Road",
      "Railway Road",
      "Abbott Road",
      "Allama Iqbal Road",
      "College Road",
      "Defence Main Boulevard",
      "Cavalry Ground",
      "Johar Town Main Boulevard",
      "Model Town Link Road",
      "Garden Town",
      "Township",
      "Thokar Niaz Baig",
      "Wahdat Road",
      "Bedian Road",
      "Barki Road",
      "Raiwind Road",
      "Bahria Town Lahore"
    ],
    "Islamabad": [
      "Jinnah Avenue",
      "Constitution Avenue",
      "Faisal Avenue",
      "Margalla Road",
      "Ataturk Avenue",
      "Kashmir Highway",
      "Islamabad Expressway",
      "Srinagar Highway",
      "Khayaban-e-Suhrwardy",
      "Khayaban-e-Iqbal",
      "Nazim-ud-Din Road",
      "College Road",
      "Agha Khan Road",
      "Hill Road",
      "Service Road East",
      "Service Road West",
      "Street 1 F-6",
      "Street 27 F-7",
      "Street 89 G-6",
      "Blue Area",
      "Melody Market",
      "Aabpara Market",
      "Super Market F-6",
      "Jinnah Super F-7",
      "Centaurus Mall Road",
      "Park Road",
      "Murree Road",
      "Lehtrar Road",
      "Simly Dam Road",
      "Bani Gala Road",
      "Rawal Dam Road",
      "Shakarparian Road",
      "Bahria Enclave Road",
      "DHA Phase II",
      "PWD Housing Scheme",
      "E-11 Main Road",
      "I-8 Markaz",
      "G-9 Markaz",
      "F-10 Markaz",
      "Kohsar Market F-6/3"
    ],
    "Faisalabad": [
      "Jaranwala Road",
      "Satiana Road",
      "Jhang Road",
      "Sargodha Road",
      "Susan Road",
      "Narwala Road",
      "Canal Road",
      "East Canal Road",
      "Club Road",
      "Civil Lines",
      "D Ground",
      "Peoples Colony",
      "Madina Town",
      "Gulberg",
      "Samanabad",
      "Batala Colony",
      "Ghulam Muhammad Abad",
      "Millat Town",
      "Eden Valley",
      "Faisal Town"
    ],
    "Rawalpindi": [
      "Mall Road",
      "Murree Road",
      "Peshawar Road",
      "Liaquat Road",
      "Bank Road",
      "Kashmir Road",
      "Committee Chowk",
      "Saddar",
      "Commercial Market",
      "Satellite Town",
      "Chaklala Scheme III",
      "Westridge",
      "Adiala Road",
      "Airport Road",
      "GT Road",
      "College Road",
      "Tipu Road",
      "Circular Road",
      "Race Course Road",
      "Benazir Bhutto Road"
    ],
    "Multan": [
      "Nishtar Road",
      "Kutchery Road",
      "LMQ Road",
      "Bosan Road",
      "Vehari Road",
      "Sher Shah Road",
      "Abdali Road",
      "Khan Bahadur Road",
      "Chungi No. 6",
      "Gulgasht Colony",
      "Shah Rukn-e-Alam",
      "Cantt",
      "Model Town",
      "Wapda Town",
      "Garden Town",
      "Basti Malook",
      "Suraj Miani",
      "Northern Bypass",
      "Southern Bypass",
      "New Multan"
    ],
    "Peshawar": [
      "Saddar Road",
      "University Road",
      "GT Road",
      "Jamrud Road",
      "Khyber Road",
      "Warsak Road",
      "Kohat Road",
      "Charsadda Road",
      "Ring Road",
      "Arbab Road",
      "Shahrah-e-Resham",
      "Hayatabad Road"
    ],
    "Quetta": [
      "Jinnah Road",
      "Zarghun Road",
      "Shahrah-e-Iqbal",
      "Sariab Road",
      "Prince Road",
      "Brewery Road",
      "Staff College Road",
      "Airport Road",
      "Double Road",
      "Circular Road",
      "Hali Road",
      "Liaquat Bazaar"
    ],
    "Hyderabad": [
      "Thandi Sarak",
      "Auto Bhan Road",
      "Hyder Chowk Road",
      "Latifabad Road",
      "Qasimabad Road",
      "Saddar Road",
      "Market Road",
      "Station Road",
      "Cantt Road",
      "Bombay Bakery Road",
      "Gulshan-e-Shahbaz Road",
      "Shahrah-e-Liaquat"
    ],
    "Gujranwala": [
      "GT Road",
      "Satellite Town Road",
      "Civil Lines Road",
      "Gill Road",
      "Circular Road",
      "Trust Plaza Road",
      "Model Town Road",
      "Sialkot Bypass Road",
      "Peoples Colony Road",
      "DC Road"
    ],
    "Sialkot": [
      "Allama Iqbal Road",
      "Paris Road",
      "Cantt Road",
      "Kashmir Road",
      "Shahab Pura Road",
      "Khawaja Safdar Road",
      "Hajipura Road",
      "Circular Road",
      "College Road",
      "Defence Road"
    ],
    "Bahawalpur": [
      "Circular Road",
      "Model Town Road",
      "Farid Gate Road",
      "Ahmadpur Road",
      "University Road",
      "One Unit Road",
      "Railway Road",
      "Multan Road",
      "Hasilpur Road",
      "Yazman Road"
    ],
    "Sargodha": [
      "University Road",
      "Faisalabad Road",
      "Lahore Road",
      "Club Road",
      "Cantt Road",
      "Fatima Jinnah Road",
      "Sillanwali Road",
      "Shahpur Road",
      "Circular Road",
      "Jail Road"
    ],
    "Sukkur": [
      "Military Road",
      "Barrage Road",
      "Minara Road",
      "Station Road",
      "Clock Tower Road",
      "Airport Road",
      "Shikarpur Road",
      "Lab-e-Mehran Road",
      "Sukkur Bypass",
      "Adam Shah Road"
    ],
    "Abbottabad": [
      "Mansehra Road",
      "Jinnah Road",
      "Supply Bazaar Road",
      "Link Road",
      "Kakul Road",
      "Nawan Shehr Road",
      "Shimla Hill Road",
      "Pine View Road",
      "Havelian Road",
      "Circular Road"
    ],
    "Mardan": [
      "Nowshera Road",
      "Bank Road",
      "Shamsi Road",
      "Columbia Road",
      "GT Road",
      "Malakand Road",
      "Cantt Road",
      "Sheikh Maltoon Road",
      "Takht Bhai Road",
      "Katlang Road"
    ],
    "Larkana": [
      "Station Road",
      "VIP Road",
      "Bunder Road",
      "Jinnah Bagh Road",
      "Naudero Road",
      "Ratodero Road",
      "Mohenjo-daro Road",
      "Cantt Road",
      "Sachal Road",
      "New Dadu Road"
    ],
    "Sahiwal": [
      "Farid Road",
      "Railway Road",
      "Multan Road",
      "High Street",
      "College Road",
      "Satellite Town Road",
      "Pakpattan Road",
      "Noor Shah Road",
      "Model Town Road",
      "GT Road"
    ],
    "Dera Ghazi Khan": [
      "Jampur Road",
      "Block No 1 Road",
      "Sakhi Sarwar Road",
      "Multan Road",
      "Quetta Road",
      "Taunsa Road",
      "Civil Hospital Road",
      "College Road",
      "Railway Road",
      "Airport Road"
    ],
    "Mirpur Khas": [
      "Station Road",
      "Digri Road",
      "Umerkot Road",
      "Hyderabad Road",
      "Shaheed Benazir Road",
      "Market Road",
      "Press Club Road",
      "Hospital Road",
      "Tando Adam Road",
      "Circular Road"
    ],
    "Nawabshah": [
      "Trunk Road",
      "Station Road",
      "Sakrand Road",
      "Sanghar Road",
      "Hospital Road",
      "College Road",
      "Qazi Ahmed Road",
      "Daur Road",
      "Civil Lines Road",
      "Benazir Chowk Road"
    ],
    "Mingora": [
      "Fizagat Road",
      "GT Road",
      "Saidu Sharif Road",
      "Bypass Road",
      "Green Chowk Road",
      "Nishat Chowk Road",
      "Kanju Road",
      "Bahrain Road",
      "Mingora Bypass",
      "University Road"
    ],
    "Rahim Yar Khan": [
      "Shahbazpur Road",
      "Khanpur Road",
      "Sadiqabad Road",
      "Circular Road",
      "GT Road",
      "Liaquatpur Road",
      "Sheikh Zayed Road",
      "Airport Road",
      "Model Town Road",
      "Railway Road"
    ],
    "Chiniot": [
      "Faisalabad Road",
      "Jhang Road",
      "Sargodha Road",
      "Omar Hayat Mahal Road",
      "Railway Road",
      "Shahrah-e-Quaid-e-Azam",
      "Mohallah Road",
      "Cantt Road",
      "New City Road",
      "GT Road"
    ],
    "Turbat": [
      "Shahrah-e-Mekran",
      "Airport Road",
      "Kech Bypass",
      "Tump Road",
      "Hoshab Road",
      "Bazaar Road",
      "Panjgur Road",
      "Hospital Road",
      "College Road",
      "Dashti Road"
    ],
    "Gwadar": [
      "Marine Drive",
      "Port Road",
      "Coastal Highway",
      "Airport Road",
      "Fish Harbour Road",
      "Padizar Road",
      "New Town Road",
      "Sangar Road",
      "Corniche Road",
      "Jinnah Road"
    ],
    "Kasur": [
      "GT Road",
      "Ferozepur Road",
      "Lahore Road",
      "Railway Road",
      "Depalpur Road",
      "Circular Road",
      "Cantt Road",
      "Pattoki Road",
      "College Road",
      "Hospital Road"
    ],
    "Jhelum": [
      "GT Road",
      "Shahrah-e-Quaid-e-Azam",
      "Cantt Road",
      "Civil Lines Road",
      "Mangla Road",
      "Dina Road",
      "College Road",
      "Railway Road",
      "Pind Dadan Khan Road",
      "Sarai Alamgir Road"
    ],
    "Kohat": [
      "Hangu Road",
      "Bannu Road",
      "KDA Road",
      "Kohat-Peshawar Road",
      "Cantt Road",
      "Jarma Road",
      "Sniffer Road",
      "Thall Road",
      "Rawalpindi Road",
      "College Road"
    ],
    "Zhob": [
      "Quetta Road",
      "Loralai Road",
      "DI Khan Road",
      "Bazaar Road",
      "Shahrah-e-Jinnah",
      "Cantt Road",
      "Hospital Road",
      "Airport Road",
      "College Road",
      "Fort Road"
    ]
  },
  "postcode_format": "#####",
  "address_formats": [
    "{building_number} {street}, {city} {postcode}",
    "{street}, {city}, {state} {postcode}"
  ],
  "country": "Pakistan",
  "country_code": "PK",
  "phone_area_codes": {
    "Sindh": [
      "21",
      "22",
      "71",
      "74"
    ],
    "Punjab": [
      "42",
      "41",
      "61",
      "48"
    ],
    "Islamabad Capital Territory": [
      "51"
    ],
    "Khyber Pakhtunkhwa": [
      "91",
      "92"
    ],
    "Balochistan": [
      "81",
      "86"
    ]
  },
  "phone_format": "0{area_code}-#######"
}
