{
  "locations": {
    "very_common": [
      {
        "city": "Nairobi",
        "state": "Nairobi",
        "state_abbr": "NBO",
        "postcode_prefix": "00",
        "lat_min": -1.32,
        "lat_max": -1.22,
        "lon_min": 36.75,
        "lon_max": 36.9
      },
      {
        "city": "Mombasa",
        "state": "Mombasa",
        "state_abbr": "MSA",
        "postcode_prefix": "80",
        "lat_min": -4.08,
        "lat_max": -3.98,
        "lon_min": 39.6,
        "lon_max": 39.72
      },
      {
        "city": "Kisumu",
        "state": "Kisumu",
        "state_abbr": "KSM",
        "postcode_prefix": "40",
        "lat_min": -0.12,
        "lat_max": -0.06,
        "lon_min": 34.72,
        "lon_max": 34.78
      }
    ],
    "common": [
      {
        "city": "Nakuru",
        "state": "Nakuru",
        "state_abbr": "NKU",
        "postcode_prefix": "20",
        "lat_min": -0.31,
        "lat_max": -0.27,
        "lon_min": 36.05,
        "lon_max": 36.09
      },
      {
        "city": "Eldoret",
        "state": "Uasin Gishu",
        "state_abbr": "UGI",
        "postcode_prefix": "30",
        "lat_min": 0.5,
        "lat_max": 0.55,
        "lon_min": 35.26,
        "lon_max": 35.3
      },
      {
        "city": "Thika",
        "state": "Kiambu",
        "state_abbr": "KBU",
        "postcode_prefix": "01",
        "lat_min": -1.05,
        "lat_max": -1.0,
        "lon_min": 37.07,
        "lon_max": 37.1
      },
      {
        "city": "Malindi",
        "state": "Kilifi",
        "state_abbr": "KLF",
        "postcode_prefix": "80",
        "lat_min": -3.23,
        "lat_max": -3.19,
        "lon_min": 40.1,
        "lon_max": 40.14
      },
      {
        "city": "Naivasha",
        "state": "Nakuru",
        "state_abbr": "NKU",
        "postcode_prefix": "20",
        "lat_min": -0.73,
        "lat_max": -0.7,
        "lon_min": 36.42,
        "lon_max": 36.46
      },
      {
        "city": "Machakos",
        "state": "Machakos",
        "state_abbr": "MKS",
        "postcode_prefix": "90",
        "lat_min": -1.53,
        "lat_max": -1.5,
        "lon_min": 37.25,
        "lon_max": 37.28
      }
    ],
    "uncommon": [
      {
        "city": "Nyeri",
        "state": "Nyeri",
        "state_abbr": "NYR",
        "postcode_prefix": "10",
        "lat_min": -0.43,
        "lat_max": -0.41,
        "lon_min": 36.94,
        "lon_max": 36.96
      },
      {
        "city": "Meru",
        "state": "Meru",
        "state_abbr": "MRU",
        "postcode_prefix": "60",
        "lat_min": 0.04,
        "lat_max": 0.06,
        "lon_min": 37.64,
        "lon_max": 37.66
      },
      {
        "city": "Lamu",
        "state": "Lamu",
        "state_abbr": "LMU",
        "postcode_prefix": "80",
        "lat_min": -2.27,
        "lat_max": -2.26,
        "lon_min": 40.9,
        "lon_max": 40.92
      },
      {
        "city": "Kitale",
        "state": "Trans-Nzoia",
        "state_abbr": "TNZ",
        "postcode_prefix": "30",
        "lat_min": 1.0,
        "lat_max": 1.03,
        "lon_min": 35.0,
        "lon_max": 35.02
      },
      {
        "city": "Garissa",
        "state": "Garissa",
        "state_abbr": "GRS",
        "postcode_prefix": "70",
        "lat_min": -0.46,
        "lat_max": -0.44,
        "lon_min": 39.64,
        "lon_max": 39.66
      },
      {
        "city": "Nanyuki",
        "state": "Laikipia",
        "state_abbr": "LKP",
        "postcode_prefix": "10",
        "lat_min": 0.0,
        "lat_max": 0.02,
        "lon_min": 37.06,
        "lon_max": 37.08
      },
      {
        "city": "Embu",
        "state": "Embu",
        "state_abbr": "EMB",
        "postcode_prefix": "60",
        "lat_min": -0.54,
        "lat_max": -0.52,
        "lon_min": 37.44,
        "lon_max": 37.46
      },
      {
        "city": "Kericho",
        "state": "Kericho",
        "state_abbr": "KRC",
        "postcode_prefix": "20",
        "lat_min": -0.37,
        "lat_max": -0.35,
        "lon_min": 35.28,
        "lon_max": 35.3
      },
      {
        "city": "Narok",
        "state": "Narok",
        "state_abbr": "NRK",
        "postcode_prefix": "20",
        "lat_min": -1.09,
        "lat_max": -1.07,
        "lon_min": 35.86,
        "lon_max": 35.88
      }
    ],
    "rare": [
      {
        "city": "Kakamega",
        "state": "Kakamega",
        "state_abbr": "KKM",
        "postcode_prefix": "50",
        "lat_min": 0.27,
        "lat_max": 0.29,
        "lon_min": 34.74,
        "lon_max": 34.76
      },
      {
        "city": "Bungoma",
        "state": "Bungoma",
        "state_abbr": "BGM",
        "postcode_prefix": "50",
        "lat_min": 0.56,
        "lat_max": 0.58,
        "lon_min": 34.55,
        "lon_max": 34.57
      },
      {
        "city": "Isiolo",
        "state": "Isiolo",
        "state_abbr": "ISL",
        "postcode_prefix": "60",
        "lat_min": 0.34,
        "lat_max": 0.36,
        "lon_min": 37.58,
        "lon_max": 37.6
      },
      {
        "city": "Migori",
        "state": "Migori",
        "state_abbr": "MGR",
        "postcode_prefix": "40",
        "lat_min": -1.07,
        "lat_max": -1.05,
        "lon_min": 34.47,
        "lon_max": 34.49
      },
      {
        "city": "Homa Bay",
        "state": "Homa Bay",
        "state_abbr": "HBY",
        "postcode_prefix": "40",
        "lat_min": -0.53,
        "lat_max": -0.51,
        "lon_min": 34.45,
        "lon_max": 34.47
      },
      {
        "city": "Voi",
        "state": "Taita-Taveta",
        "state_abbr": "TTV",
        "postcode_prefix": "80",
        "lat_min": -3.4,
        "lat_max": -3.38,
        "lon_min": 38.55,
        "lon_max": 38.57
      },
      {
        "city": "Kapenguria",
        "state": "West Pokot",
        "state_abbr": "WPK",
        "postcode_prefix": "30",
        "lat_min": 1.23,
        "lat_max": 1.25,
        "lon_min": 35.11,
        "lon_max": 35.13
      },
      {
        "city": "Lodwar",
        "state": "Turkana",
        "state_abbr": "TRK",
        "postcode_prefix": "30",
        "lat_min": 3.11,
        "lat_max": 3.13,
        "lon_min": 35.59,
        "lon_max": 35.61
      },
      {
        "city": "Marsabit",
        "state": "Marsabit",
        "state_abbr": "MSB",
        "postcode_prefix": "60",
        "lat_min": 2.33,
        "lat_max": 2.35,
        "lon_min": 37.98,
        "lon_max": 38.0
      },
      {
        "city": "Wajir",
        "state": "Wajir",
        "state_abbr": "WJR",
        "postcode_prefix": "70",
        "lat_min": 1.74,
        "lat_max": 1.76,
        "lon_min": 40.06,
        "lon_max": 40.08
      },
      {
        "city": "Mandera",
        "state": "Mandera",
        "state_abbr": "MND",
        "postcode_prefix": "70",
        "lat_min": 3.93,
        "lat_max": 3.95,
        "lon_min": 41.86,
        "lon_max": 41.88
      },
      {
        "city": "Kilifi",
        "state": "Kilifi",
        "state_abbr": "KLF",
        "postcode_prefix": "80",
        "lat_min": -3.64,
        "lat_max": -3.62,
        "lon_min": 39.84,
        "lon_max": 39.86
      }
    ]
  },
  "streets_by_city": {
    "Nairobi": [
      "Kenyatta Avenue", "Moi Avenue", "Tom Mboya Street", "Kimathi Street",
      "Uhuru Highway", "Haile Selassie Avenue", "Mama Ngina Street",
      "Muindi Mbingu Street", "Koinange Street", "Wabera Street",
      "Monrovia Street", "Standard Street", "Loita Street", "Kaunda Street",
      "Banda Street", "River Road", "Luthuli Avenue", "Ronald Ngala Street",
      "Moktar Daddah Street", "Ngong Road", "Langata Road", "Thika Road",
      "Waiyaki Way", "Mombasa Road", "Jogoo Road", "Outering Road",
      "James Gichuru Road", "Argwings Kodhek Road", "Dennis Pritt Road",
      "Valley Road", "State House Road", "Limuru Road", "Gitanga Road",
      "Lenana Road", "Ralph Bunche Road", "Peponi Road",
      "Brookside Drive", "General Mathenge Drive", "Ring Road Parklands",
      "Ojijo Road"
    ],
    "Mombasa": [
      "Digo Road", "Nyerere Avenue", "Moi Avenue", "Nkrumah Road",
      "Jomo Kenyatta Avenue", "Msanifu Kombo Street", "Haile Selassie Road",
      "Makadara Road", "Tangana Road", "Abdel Nasser Road",
      "Nyali Road", "Links Road", "Mama Ngina Drive", "Mbaraki Road",
      "Treasury Square", "Shimanzi Road", "Mwembe Tayari Road",
      "Kizingo Road", "Ganjoni Road", "Tom Mboya Road",
      "Bamburi Road", "Kengeleni Road", "Old Kilindini Road",
      "Port Reitz Road", "Changamwe Road", "Mikindani Street",
      "Archbishop Makarios Road", "Malindi Road", "Kisauni Road",
      "Likoni Road", "Tudor Road", "Konza Road",
      "Magongo Road", "Mvita Road", "Airport Road",
      "Jomvu Road", "Mishomoroni Road", "Bombolulu Road",
      "Mtongwe Road", "Kibokoni Road"
    ],
    "Kisumu": [
      "Oginga Odinga Road", "Jomo Kenyatta Highway", "Ang'awa Street",
      "Paul Mbuya Road", "Achieng Oneko Road", "Omolo Agar Road",
      "Ogada Street", "Otieno Oyoo Street", "Nairobi Road",
      "Obote Road", "Nyanza Street", "Kakamega Road",
      "Busia Road", "Kericho Road", "Ring Road",
      "Kibos Road", "Makasembo Road", "Milimani Road",
      "Mosque Road", "Tom Mboya Road"
    ],
    "Nakuru": [
      "Kenyatta Avenue", "Moi Road", "Government Road",
      "Club Road", "Mosque Road", "Gusii Road",
      "Court Road", "Kijabe Street", "Bazaar Street",
      "Bondeni Road", "Temple Road", "Stadium Road",
      "Lanet Road", "George Morara Road", "Biashara Street"
    ],
    "Eldoret": [
      "Uganda Road", "Oloo Street", "Nandi Road",
      "Oginga Odinga Street", "Kenyatta Street", "Ronald Ngala Street",
      "Elijah Cheruiyot Road", "Iten Road", "Kisumu Road",
      "Eldama Ravine Road", "Hospital Road", "Factory Road",
      "Sosiani Road", "Pioneer Road", "West Road"
    ],
    "Thika": [
      "Kenyatta Highway", "Uhuru Street", "Commercial Street",
      "Stadium Road", "Haile Selassie Road", "Kwame Nkrumah Road",
      "Garissa Road", "General Kago Road", "Murang'a Road",
      "Hospital Road", "Industrial Road", "Chania Road"
    ],
    "Malindi": [
      "Lamu Road", "Kenyatta Road", "Galana Road",
      "Uhuru Gardens Road", "Silversands Road", "Casuarina Road",
      "Vasco da Gama Road", "Jamia Road", "Market Road",
      "Sea Front Road", "Scorpio Road", "Sabaki Road"
    ],
    "Naivasha": [
      "Moi Avenue", "Kenyatta Road", "South Lake Road",
      "Old Naivasha Road", "Moi South Lake Road", "Kariuki Chotara Road",
      "Diana Road", "Biashara Street", "Station Road",
      "Kamere Road", "Mai Mahiu Road", "Hell's Gate Road"
    ],
    "Machakos": [
      "Kenyatta Highway", "Syokimau Road", "Hospital Road",
      "Mwatu Wa Ngoma Road", "Prison Road", "Wote Road",
      "Turner Road", "Market Road", "Stadium Road",
      "Mwala Road", "Industrial Road", "Cathedral Road"
    ],
    "Nyeri": [
      "Kenyatta Road", "Kimathi Way", "Baden Powell Road",
      "Kanisa Road", "Gakere Road", "Dedan Kimathi Street",
      "Market Street", "Temple Road", "Davidson Road",
      "Murang'a Road", "Kamakwa Road", "Stanley Mathenge Road"
    ],
    "Meru": [
      "Kenyatta Highway", "Tom Mboya Street", "Moi Avenue",
      "Market Street", "Njuri Ncheke Road", "Stadium Road",
      "Hospital Road", "Gakoromone Road", "Giaki Road",
      "Makutano Road", "Kathita Street", "Gitimene Road"
    ],
    "Lamu": [
      "Main Street", "Seafront Road", "Harambee Avenue",
      "Kenyatta Road", "Langoni Road", "Garden Road",
      "Usita Wa Mui Road", "Mosque Road", "Market Road",
      "Fort Road"
    ],
    "Kitale": [
      "Kenyatta Street", "Moi Avenue", "Bank Street",
      "Askari Street", "Post Office Road", "Hospital Road",
      "Makutano Road", "Elgon Road", "Endebess Road",
      "Gulder Road"
    ],
    "Garissa": [
      "Kismayo Road", "Airport Road", "Market Road",
      "Hospital Road", "Stadium Road", "Mosque Road",
      "Tana Road", "Provincial Road", "Central Road",
      "Commerce Street"
    ],
    "Nanyuki": [
      "Kenyatta Avenue", "Market Street", "Laikipia Road",
      "Nyeri Road", "Naro Moru Road", "Gatitu Road",
      "Timau Road", "Stadium Road", "Hospital Road",
      "Likii Road"
    ],
    "Embu": [
      "Kenyatta Highway", "Embu-Meru Road", "Njiru Street",
      "Market Road", "Stadium Road", "Hospital Road",
      "Kangaru Road", "Runyenjes Road", "Gaturi Road",
      "Siakago Road"
    ],
    "Kericho": [
      "Moi Highway", "Temple Road", "Tengecha Road",
      "Hospital Road", "Market Street", "John Keen Road",
      "Litein Road", "Sosiot Road", "Tea Hotel Road",
      "Green Stadium Road"
    ],
    "Narok": [
      "Kenyatta Road", "Narok-Mai Mahiu Road", "Market Road",
      "Hospital Road", "Masai Mara Road", "Ololulung'a Road",
      "Stadium Road", "Suswa Road", "Town Centre Road",
      "Trans Mara Road"
    ],
    "Kakamega": [
      "Kakamega-Kisumu Road", "Market Street", "Kenyatta Street",
      "Hospital Road", "Stadium Road", "Sudi Road",
      "Amalemba Road", "Lurambi Road", "Lihanda Road",
      "Isukha Road"
    ],
    "Bungoma": [
      "Kenyatta Road", "Moi Avenue", "Webuye Road",
      "Market Street", "Hospital Road", "Stadium Road",
      "Kanduyi Road", "Chwele Road", "Brigade Road",
      "Musikoma Road"
    ],
    "Isiolo": [
      "Kenyatta Road", "Market Road", "Hospital Road",
      "Meru Road", "Samburu Road", "Archer's Post Road",
      "Stadium Road", "Modogashe Road", "Ngaremara Road",
      "Burat Road"
    ],
    "Migori": [
      "Kisii-Migori Road", "Market Street", "Hospital Road",
      "Awendo Road", "Stadium Road", "Isebania Road",
      "Suna Road", "Kuria Road", "Muhuru Road",
      "Ogwedhi Road"
    ],
    "Homa Bay": [
      "Homa Bay-Kisii Road", "Market Road", "Hospital Road",
      "Lake Road", "Mbita Road", "Stadium Road",
      "Kendu Bay Road", "Rangwe Road", "Pier Road",
      "Ogongo Road"
    ],
    "Voi": [
      "Mombasa Highway", "Market Road", "Hospital Road",
      "Taveta Road", "Wundanyi Road", "Stadium Road",
      "Railway Road", "Sagalla Road", "Mwatate Road",
      "Maktau Road"
    ],
    "Kapenguria": [
      "Makutano Road", "Market Street", "Hospital Road",
      "Kitale Road", "Ortum Road", "Sigor Road",
      "Stadium Road", "Seker Road", "Mnagei Road",
      "Alale Road"
    ],
    "Lodwar": [
      "Nawoitorong Road", "Market Road", "Hospital Road",
      "Kalokol Road", "Kakuma Road", "Stadium Road",
      "Airport Road", "Kerio Road", "Lokitaung Road",
      "Lodwar-Kitale Road"
    ],
    "Marsabit": [
      "Marsabit-Moyale Road", "Market Road", "Hospital Road",
      "Isiolo Road", "Stadium Road", "Saku Road",
      "Lake Turkana Road", "Laisamis Road", "Karare Road",
      "Town Centre Road"
    ],
    "Wajir": [
      "Wajir-Garissa Road", "Market Road", "Hospital Road",
      "Mandera Road", "Stadium Road", "Habaswein Road",
      "Buna Road", "Griftu Road", "Tarbaj Road",
      "Airport Road"
    ],
    "Mandera": [
      "Mandera-Wajir Road", "Market Road", "Hospital Road",
      "Stadium Road", "Elwak Road", "Takaba Road",
      "Rhamu Road", "Lafey Road", "Banissa Road",
      "Border Road"
    ],
    "Kilifi": [
      "Mombasa-Malindi Road", "Market Road", "Hospital Road",
      "Gede Road", "Mtwapa Road", "Stadium Road",
      "Mariakani Road", "Creek Road", "Bofa Road",
      "Takaungu Road"
    ]
  },
  "postcode_format": "#####",
  "address_formats": [
    "{building_number} {street}, {city} {postcode}",
    "P.O. Box {building_number}, {city} {postcode}"
  ],
  "country": "Kenya",
  "country_code": "KE",
  "phone_area_codes": {
    "Nairobi": ["20"],
    "Mombasa": ["41"],
    "Kisumu": ["57"],
    "Nakuru": ["51"],
    "Uasin Gishu": ["53"],
    "Kiambu": ["67"],
    "Kilifi": ["42"],
    "Machakos": ["44"],
    "Nyeri": ["61"],
    "Meru": ["64"],
    "Lamu": ["42"],
    "Trans-Nzoia": ["55"],
    "Garissa": ["46"],
    "Laikipia": ["62"],
    "Embu": ["68"],
    "Kericho": ["52"],
    "Narok": ["50"],
    "Kakamega": ["56"],
    "Bungoma": ["55"],
    "Isiolo": ["64"],
    "Migori": ["59"],
    "Homa Bay": ["59"],
    "Taita-Taveta": ["43"],
    "West Pokot": ["53"],
    "Turkana": ["54"],
    "Marsabit": ["69"],
    "Wajir": ["46"],
    "Mandera": ["46"]
  },
  "phone_format": "+254 {area_code} #######"
}
